Price,Close,High,Low,Open,Volume
Ticker,AAPL,AAPL,AAPL,AAPL,AAPL
Date,,,,,
2015-01-02,24.320430755615234,24.789799848077692,23.87997951870223,24.7786766820896,212818400
2015-01-05,23.635286331176758,24.16916607950061,23.448429352699723,24.089084032394183,257142000
2015-01-06,23.63751983642578,23.89778573489217,23.274925520819096,23.69980551840158,263188400
2015-01-07,23.968965530395508,24.069067259780194,23.735392565621556,23.846617463674438,160423600
2015-01-08,24.88990592956543,24.947743347990343,24.18029058311087,24.29819039298089,237458000
2015-01-09,24.91659164428711,25.19242880009536,24.516181501052117,25.063407565368912,214798000
2015-01-12,24.30263900756836,25.054518669777874,24.202537283196392,25.047845447774034,198603200
2015-01-13,24.518409729003906,25.092330444797703,24.227001123216635,24.78757370102578,268367600
2015-01-14,24.424983978271484,24.57847315641415,24.135798615535922,24.255921687880374,195826400
2015-01-15,23.7620849609375,24.48282175865421,23.726493879364345,24.469475315208914,240056000
2015-01-16,23.577449798583984,23.931145802676742,23.40171428294956,23.808797754717016,314053200
2015-01-20,24.18473243713379,24.24034486393104,23.690893815629142,23.988975608627253,199599600
2015-01-21,24.369373321533203,24.70527125695511,24.08463618635833,24.235902099949918,194303600
2015-01-22,25.00335121154785,25.018922625521437,24.407185838169834,24.52730890189042,215185600
2015-01-23,25.132369995117188,25.303655531969277,24.809816884327752,24.98110411833651,185859200
2015-01-26,25.159067153930664,25.439354322694612,25.09233324518674,25.301434862506042,222460000
2015-01-27,24.278162002563477,25.021144940628666,24.253692397895794,25.007796803528418,382274800
2015-01-28,25.65067481994629,26.27575964212594,25.65067481994629,26.16675806523533,585908400
2015-01-29,26.449275970458984,26.513786602486178,25.70629291293627,25.875355200415914,337745600
2015-01-30,26.062217712402344,26.693974289279854,25.993257124754823,26.338054971520894,334982000
2015-02-02,26.389223098754883,26.509346212329113,25.821977042449262,26.26020348535223,250956400
2015-02-03,26.393661499023438,26.491538228734484,26.162313570071944,26.360293699213326,207662800
2015-02-04,26.596092224121094,26.807420510137334,26.31803002974995,26.360296026384585,280598800
2015-02-05,26.785924911499023,26.850690149029983,26.631828253102775,26.803789832587974,168984800
2015-02-06,26.560359954833984,26.855152412118425,26.45316192316014,26.80378629814129,174826400
2015-02-09,26.73678970336914,26.763587934082143,26.44869679621969,26.475496730787643,155559200
2015-02-10,27.250444412231445,27.279478102854824,26.835056469852,26.837288520011427,248034000
2015-02-11,27.88916015625,27.898093467941823,27.35764088949896,27.41793861360003,294247200
2015-02-12,28.24201202392578,28.469807161802184,28.043250568558793,28.152680630716496,297898000
2015-02-13,28.380475997924805,28.425140842963064,28.061117414722858,28.425140842963064,217088800
2015-02-17,28.547977447509766,28.782472190621913,28.344748442965244,28.47204515109199,252609600
2015-02-18,28.74673843383789,28.760137549027505,28.4631113340549,28.503310383478674,179566800
2015-02-19,28.686439514160156,28.815969976129388,28.659641283307874,28.693139071873226,149449600
2015-02-20,28.92093276977539,28.92093276977539,28.597108335362325,28.724403333073504,195793600
2015-02-23,29.70258140563965,29.70258140563965,28.956667773152923,29.037065874168317,283896400
2015-02-24,29.517223358154297,29.836583759103156,29.293895645609243,29.689186650972914,276912400
2015-02-25,28.762372970581055,29.389926669773462,28.619443378954198,29.38099165345976,298846800
2015-02-26,29.12639808654785,29.22689486952783,28.27552009882832,28.762372846811893,365150000
2015-02-27,28.688678741455078,29.15990033954733,28.639546373296806,29.032601910852616,248059200
2015-03-02,28.829368591308594,29.095129068348655,28.652941228409233,28.865101836964875,192386800
2015-03-03,28.88967514038086,28.925408394847473,28.606047970582004,28.80034541192503,151265200
2015-03-04,28.7065372467041,28.934332424614354,28.657408294321318,28.831603604573328,126665200
2015-03-05,28.23085594177246,28.753441952416384,28.085692593086318,28.71547665157921,226068400
2015-03-06,28.273283004760742,28.89189990804343,28.19735241394222,28.675271793047767,291368400
2015-03-09,28.393882751464844,28.936570817459412,27.929360741103665,28.57701139156905,354114000
2015-03-10,27.80653190612793,28.41174975782724,27.647969446430036,28.2308548693003,275426400
2015-03-11,27.29957389831543,27.864592630686776,27.270541914608945,27.860126826983816,275756000
2015-03-12,27.793128967285156,27.893627445138293,27.163344980721053,27.315207870580377,193450800
2015-03-13,27.6010684967041,28.005292775799237,27.375508755701606,27.78196508492979,207309200
2015-03-16,27.9047908782959,27.9047908782959,27.440270633053817,27.665830346457884,143497200
2015-03-17,28.371557235717773,28.43408873237633,28.061131803123153,28.11696373997622,204092400
2015-03-18,28.690902709960938,28.84499932962246,28.221914998124866,28.362610800519274,261083600
2015-03-19,28.474275588989258,28.865098979426364,28.451943164592375,28.75343515358719,183238000
2015-03-20,28.11695098876953,28.675268400244406,27.95168900771129,28.641770616408408,274780400
2015-03-23,28.409503936767578,28.55243346518989,28.255407346746434,28.38940527051493,150838800
2015-03-24,28.293392181396484,28.5948825884932,28.264358484466754,28.413989366548446,131369200
2015-03-25,27.554168701171875,28.322416469959414,27.554168701171875,28.25988499182182,206620800
2015-03-26,27.7462215423584,27.88915107517786,27.37996440152672,27.415697636658802,190291600
2015-03-27,27.525131225585938,27.848955617286265,27.449200646951795,27.8199236379005,158184800
2015-03-30,28.221920013427734,28.22861957132451,27.69263278946705,27.703799855198355,188398800
2015-03-31,27.788667678833008,28.248722227049445,27.773034806918524,28.15939080017158,168362400
2015-04-01,27.74846649169922,27.942762202453487,27.49163929808752,27.87576321147474,162485600
2015-04-02,27.9874210357666,28.04101919469861,27.735061404600927,27.92265581279033,128880400
2015-04-06,28.440784454345703,28.47651770696041,27.76633549786807,27.797601241978306,148776000
2015-04-07,28.14151954650879,28.612739352158854,28.134819989174908,28.50554302710699,140049200
2015-04-08,28.049957275390625,28.22862010735405,27.909261445321576,28.105789197397314,149316800
2015-04-09,28.26435089111328,28.26881839891246,27.840029658360844,28.105788441342266,129936000
2015-04-10,28.384944915771484,28.409511094394738,27.974022843991282,28.128117768981454,160752000
2015-04-13,28.329118728637695,28.713244353508433,28.275520557103356,28.668576086828708,145460400
2015-04-14,28.206287384033203,28.427381315785674,28.119189722922986,28.36261608247333,102098400
2015-04-15,28.3134822845459,28.391646629805887,28.141520724973926,28.2308521354946,115881600
2015-04-16,28.17724609375,28.38494085357009,28.163846981456626,28.20181226885756,113476000
2015-04-17,27.86012840270996,28.17055374519729,27.795363170297176,28.038791230321443,207828000
2015-04-20,28.49661636352539,28.612746026730594,27.953929942773684,28.04326137039206,188217200
2015-04-21,28.34251594543457,28.630607145708005,28.288916076860733,28.608276422917974,129740400
2015-04-22,28.724401473999023,28.78023338692949,28.210748897351596,28.3603780150801,150618000
2015-04-23,28.958904266357422,29.126400051862642,28.617213136543608,28.65294638863524,183083600
2015-04-24,29.095130920410156,29.173296974295226,28.86063616646502,29.142031234283216,178103600
2015-04-27,29.62441635131836,29.731616094752106,29.289424820435556,29.548485755502007,387816800
2015-04-28,29.15765953063965,30.046502687249728,28.936567322211797,30.02863947275252,475696000
2015-04-29,28.728870391845703,29.38768631523267,28.652939804382193,29.068329393289822,253544400
2015-04-30,27.949459075927734,28.728872190424035,27.82216236838046,28.728872190424035,332781600
2015-05-01,28.798107147216797,29.06163561358785,27.982962379436504,28.16162352279231,234050400
2015-05-04,28.74226951599121,29.159894562599675,28.644004799142163,28.92093232774315,203953200
2015-05-05,28.094615936279297,28.686432780072074,28.090148429616015,28.619433810959332,197085600
2015-05-06,27.918190002441406,28.306779636346235,27.549699039185473,28.264346837614443,288564000
2015-05-07,28.090864181518555,28.27475768034783,27.812779994238046,27.980975330154017,175763600
2015-05-08,28.620128631591797,28.620128631591797,28.28149476195688,28.40932319194235,222201600
2015-05-11,28.32858657836914,28.60666912211243,28.173846284291514,28.56854524735969,168143200
2015-05-12,28.22767448425293,28.454176395333747,27.99220023537915,28.167123180955276,192640000
2015-05-13,28.259071350097656,28.523698857849375,28.227675011124752,28.290467689070557,138776800
2015-05-14,28.918392181396484,28.918392181396484,28.516967372745793,28.573032500442157,180814000
2015-05-15,28.878028869628906,29.03949672198402,28.752443522673612,28.945307711767548,152832000
2015-05-18,29.196481704711914,29.315339523078,28.78608448543216,28.790570654600064,203531600
2015-05-19,29.16957664489746,29.351227175666523,29.073142811584166,29.30861711596612,178532800
2015-05-20,29.167327880859375,29.373647185389032,29.005860003932757,29.15387279477292,145819600
2015-05-21,29.465593338012695,29.519417101566336,29.115747429775045,29.169571193328686,158921600
2015-05-22,29.723491668701172,29.819925484214373,29.467834779633826,29.51268962700429,182384000
2015-05-26,29.068649291992188,29.806468364377803,28.95651902510816,29.736948146420776,282790400
2015-05-27,29.611351013183594,29.660688590439086,29.165074867022398,29.230108897799248,183332800
2015-05-28,29.55304718017578,29.591171052947995,29.400551689086928,29.57098843005862,122933200
2015-05-29,29.21666145324707,29.47904586162355,29.131441357179046,29.42970827147302,203538000
2015-06-01,29.274959564208984,29.46558232803284,29.165074126519833,29.216653075270724,128451200
2015-06-02,29.1449031829834,29.30188488682264,29.001376564909734,29.122475758744436,134670400
2015-06-03,29.180776596069336,29.364671857620934,29.131439009894216,29.301879188296933,123934000
2015-06-04,29.010347366333008,29.283945534491302,28.909430794589802,29.059684965308747,153800400
2015-06-05,28.85111427307129,29.08434712808918,28.786080228504034,29.041737082156455,142507200
2015-06-08,28.66049575805664,28.976703919337854,28.442962775213026,28.907180282206603,210699200
2015-06-09,28.575271606445312,28.723284353086683,28.171603745642244,28.413803777735374,224301600
2015-06-10,28.902694702148438,29.005852617170312,28.67170494699803,28.68740311375856,156349200
2015-06-11,28.837656021118164,29.19422938430922,28.812987229969774,28.969968890939715,141563600
2015-06-12,28.519207000732422,28.779349998590728,28.505751918419683,28.747953665879802,147544800
2015-06-15,28.463146209716797,28.53490951126304,28.191791172277195,28.2792526425688,175955600
2015-06-16,28.615650177001953,28.67171532300351,28.33981061681886,28.48782171255729,125976400
2015-06-17,28.548364639282227,28.678434439445006,28.422777585681928,28.64255364625347,131672400
2015-06-18,28.67844009399414,28.77487220423219,28.530429012566156,28.53267209726164,141628800
2015-06-19,28.391386032104492,28.6649841840326,28.346534605317565,28.640315386008115,218867600
2015-06-22,28.617889404296875,28.7188059691074,28.499031584550888,28.590977521893688,136157200
2015-06-23,28.487815856933594,28.61788737955462,28.45417643405269,28.588734125576302,121075600
2015-06-24,28.73002052307129,29.109021417570688,28.508003047398923,28.52818567656355,221123600
2015-06-25,28.59321403503418,28.974456204445893,28.59321403503418,28.89820845495229,127752400
2015-06-26,28.425024032592773,28.703106628869005,28.371201980952378,28.631343323024424,176267200
2015-06-29,27.927165985107422,28.36223199911009,27.915953984203853,28.135728364802574,196645600
2015-06-30,28.12899398803711,28.283734277272732,28.001165574181705,28.160390320494802,177482800
2015-07-01,28.391386032104492,28.46763551080897,28.254586956140436,28.458664883257136,120955200
2015-07-02,28.355506896972656,28.411572039232745,28.205251015376632,28.353263812209992,108844000
2015-07-06,28.2568302154541,28.30841089645297,27.998930232404312,28.01911457226379,112241600
2015-07-07,28.187307357788086,28.290466999179422,27.75672582771158,28.232158780663585,187787200
2015-07-08,27.48760986328125,27.951829037386723,27.48088232192741,27.91594824650895,243046400
2015-07-09,26.92696762084961,27.821766850949157,26.73634647111526,27.77467233473049,314380000
2015-07-10,27.646835327148438,27.774663749077142,27.182616141094524,27.34632706579643,245418000
2015-07-13,28.180580139160156,28.203005850855508,27.880070127331642,28.0392949046324,165762000
2015-07-14,28.169361114501953,28.339799570988234,28.041532699880193,28.26579319647779,127072400
2015-07-15,28.440725326538086,28.51473172503096,28.162642699714027,28.194039042534207,134596800
2015-07-16,28.819719314575195,28.833177820731756,28.559577990959436,28.647039460284496,144889600
2015-07-17,29.068649291992188,29.068649291992188,28.774868540267114,28.94755010941288,184658800
2015-07-20,29.618093490600586,29.819926623702536,29.310854199705766,29.37140550841417,235600800
2015-07-21,29.322063446044922,29.808708371380416,29.225633063478252,29.793011914147154,307025600
2015-07-22,28.0819034576416,28.1446961314303,27.357541202785857,27.357541202785857,461802400
2015-07-23,28.06844711303711,28.50126826806808,28.046019692572283,28.301676544929254,203998000
2015-07-24,27.92043113708496,28.198513666928413,27.78587518464276,28.104324671316046,168649200
2015-07-27,27.532461166381836,27.72084087837388,27.38669320838986,27.60422445881408,177822000
2015-07-28,27.669261932373047,27.788121443431375,27.483127003865018,27.669261932373047,134472400
2015-07-29,27.581809997558594,27.69618337965621,27.42034209600256,27.617692513892177,148046800
2015-07-30,27.442758560180664,27.487609976705915,27.294745805897968,27.431544850563416,134513200
2015-07-31,27.202804565429688,27.50331287195031,27.115343090488782,27.49434224490866,171540000
2015-08-03,26.561412811279297,27.487608013037704,26.3550918614755,27.24764935872892,279904000
2015-08-04,25.709226608276367,26.3954632715135,25.3975046134744,26.332670597880302,496554400
2015-08-05,25.879669189453125,26.337160941116487,25.139608650679858,25.33022978612985,397250400
2015-08-06,25.93598747253418,26.24461576160186,25.708460281519265,26.12521993055667,211612000
2015-08-07,26.02384376525879,26.18829575505284,25.794063345836992,25.812085811321772,154681600
2015-08-10,26.96999740600586,27.03082106695544,26.25136763075824,26.25136763075824,219806400
2015-08-11,25.566526412963867,26.623069487702587,25.530483212035413,26.53971690006122,388331200
2015-08-12,25.96076202392578,26.001311704362486,24.69696565548448,25.350265298646253,404870000
2015-08-13,25.940486907958984,26.222081421248344,25.803068647976456,26.140982063923687,194143200
2015-08-14,26.122966766357422,26.201812907957343,25.683679892645728,25.753514801103233,171718000
2015-08-17,26.393291473388672,26.50367604180423,26.01933313324298,26.140982169722307,163538800
2015-08-18,26.244617462158203,26.4563771573359,26.134232857077464,26.228848232860955,138242800
2015-08-19,25.90894889831543,26.24911383864826,25.834607533057312,26.15449849307422,193146000
2015-08-20,25.377290725708008,25.76025846830895,25.147508705174623,25.699434826824245,274006400
2015-08-21,23.825151443481445,25.20834369354234,23.800370986337303,24.877188237813044,513102000
2015-08-24,23.23042106628418,24.509986574734764,20.725355713481914,21.371897320238247,648825200
2015-08-25,23.370092391967773,25.030374333971082,23.316026724282544,25.030374333971082,414406400
2015-08-26,24.710485458374023,24.755539898808536,23.665206628099416,24.124767420424977,387098400
2015-08-27,25.438127517700195,25.510215661293543,24.784827749607206,25.282688478565206,338464400
2015-08-28,25.521480560302734,25.525985317414275,25.127248142440617,25.26917119413288,212657600
2015-08-31,25.402088165283203,25.80082539415544,25.230878153713622,25.237636149652904,224917200
2015-09-01,24.26668930053711,25.20383495662123,24.18558994238257,24.814109108721976,307383600
2015-09-02,25.307462692260742,25.307462692260742,24.584328147835954,24.832132708397356,247555200
2015-09-03,24.863676071166992,25.40658953677416,24.78933468830887,25.34125938687311,212935600
2015-09-04,24.615869522094727,24.88169485787396,24.444661265551147,24.548287858317043,199985200
2015-09-08,25.30071258544922,25.357031508820775,24.852414436652417,25.174558747086415,219374400
2015-09-09,24.814119338989258,25.685935220504565,24.72851347080148,25.62736477446973,340043200
2015-09-10,25.35927963256836,25.519225136439918,24.7577940647591,24.84114495455993,251571200
2015-09-11,25.728731155395508,25.728731155395508,25.1768065137865,25.18356450812768,199662000
2015-09-14,25.976531982421875,26.332467885341497,25.87515863782471,26.262632991006413,233453600
2015-09-15,26.195049285888672,26.251368191893324,25.776036487716738,26.11620316122548,173364800
2015-09-16,26.224336624145508,26.253621836984625,26.005818990460128,26.188291698758928,148694000
2015-09-17,25.66339683532715,26.24235507878789,25.61834240124103,26.05537763048565,256450400
2015-09-18,25.557518005371094,25.749003654376327,25.201583837512686,25.278176722141534,297141200
2015-09-21,25.954008102416992,25.99005303233456,25.604831867104032,25.607083386186236,200888000
2015-09-22,25.54625701904297,25.721971737053007,25.34801336285386,25.541750543920482,201384800
2015-09-23,25.753507614135742,25.843618201695993,25.52372724863778,25.59806689356222,143026800
2015-09-24,25.906702041625977,26.019339876589566,25.314227648455592,25.512469619253405,200878000
2015-09-25,25.841365814208984,26.28741229200735,25.68592508852346,26.231093387769587,224607600
2015-09-28,25.329992294311523,25.8098287657141,25.329992294311523,25.647630037714173,208436000
2015-09-29,24.568561553955078,25.57103921605397,24.298231464578294,25.417851707082647,293461600
2015-09-30,24.847896575927734,25.127237807304297,24.494213992411172,24.818609651239484,265892000
2015-10-01,24.685705184936523,24.69471641683409,24.1743285167292,24.570814126638464,255716400
2015-10-02,24.865924835205078,25.007849590157385,24.228396072262765,24.33202266171175,232079200
2015-10-05,24.956031799316406,25.08894530294106,24.570810712485372,24.7532834065852,208258800
2015-10-06,25.075429916381836,25.17229850638232,24.728505238675844,24.92224241867681,192787200
2015-10-07,24.956031799316406,25.179054171962477,24.647405313613383,25.172296178657522,187062400
2015-10-08,24.667678833007812,24.8231195509859,24.377073095304482,24.8231195509859,247918400
2015-10-09,25.25790023803711,25.293943439373155,24.66542432536903,24.78031535964068,211064400
2015-10-12,25.140764236450195,25.399831598717086,25.104721023258,25.395326841586918,121868800
2015-10-13,25.183565139770508,25.332246175155987,24.933509030574335,24.965047484102065,132197200
2015-10-14,24.82762336730957,25.122733849725346,24.681193885350055,25.070921424837714,177849600
2015-10-15,25.1993350982666,25.25340077463883,24.890706829821273,24.989828668767743,150694000
2015-10-16,25.014604568481445,25.230868953263432,24.8997135232572,25.181308042824874,156930400
2015-10-19,25.17005157470703,25.174556331909038,24.80510436753319,24.96054513111562,119036800
2015-10-20,25.629606246948242,25.71971683769229,24.96504386280446,25.082186427670127,195871200
2015-10-21,25.627355575561523,26.037357144222,25.613837869337218,25.68142124430889,167180800
2015-10-22,26.01933479309082,26.01933479309082,25.703948573067606,25.755762723263192,166616400
2015-10-23,26.825822830200195,26.859614518944007,26.20631483852487,26.28966572288069,237467600
2015-10-26,25.969772338867188,26.61180749086908,25.888672980854682,26.600544741471886,265335200
2015-10-27,25.805322647094727,26.253620644244485,25.679167132689763,25.99680657804078,279537600
2015-10-28,26.868627548217773,26.875387261824557,26.145492876813975,26.34148332220482,342205600
2015-10-29,27.1524715423584,27.188516468319552,26.643348134815415,26.740216724940186,204909200
2015-10-30,26.92043685913086,27.3079112043992,26.909172390531612,27.256097055045903,197461200
2015-11-02,27.29890251159668,27.33945219612116,26.945219820523008,27.213298385919117,128813200
2015-11-03,27.612031936645508,27.81928508901413,27.190765919767003,27.211041618757704,182076000
2015-11-04,27.48362922668457,27.893630839842178,27.398025098650983,27.738190091767454,179544400
2015-11-05,27.3569278717041,27.75737345512752,27.18951083158743,27.567331044501127,158210800
2015-11-06,27.38860511779785,27.558285063713978,27.28906072325715,27.399917804621726,132169200
2015-11-09,27.27775001525879,27.55828706289065,27.16010600369504,27.365983455450053,135485600
2015-11-10,26.41803741455078,26.71215003121332,26.257407261967753,26.447449711861307,236511600
2015-11-11,26.268718719482422,26.56509247892619,26.06510243487179,26.327541585275206,180872000
2015-11-12,26.18048858642578,26.429352198532804,26.164651858184623,26.30265837260354,130102400
2015-11-13,25.415796279907227,26.146552110237906,25.39995955174892,26.062842703644634,183249600
2015-11-16,25.832075119018555,25.845648962392257,25.112632076959997,25.198602628449553,152426800
2015-11-17,25.721220016479492,26.028906481166022,25.63751061506187,25.9994941834949,110467600
2015-11-18,26.535680770874023,26.580928065036172,26.130711101650345,26.189533964920045,186698800
2015-11-19,26.872777938842773,27.09223094163995,26.415774051115907,26.61486456316274,173183200
2015-11-20,26.990427017211914,27.130694683041032,26.888618002966997,26.96780164110825,137148400
2015-11-23,26.639747619628906,27.08770337092172,26.54698843422154,26.983631500342046,129930000
2015-11-24,26.895401000976562,27.001734039282514,26.49721998554499,26.544730161497384,171212800
2015-11-25,26.70309829711914,26.97458724505639,26.67821176707305,26.97006147991692,85553200
2015-11-27,26.6533203125,26.78906562442485,26.60581014375564,26.761916216825213,52185600
2015-11-30,26.764183044433594,27.01530949201183,26.639750398850293,26.694047495980463,156721200
2015-12-01,26.5469970703125,26.879570100117174,26.438402852054224,26.865996254353384,139409600
2015-12-02,26.307180404663086,26.721199916323,26.261933106305477,26.54699419289124,133546400
2015-12-03,26.062841415405273,26.422563831611907,25.841127232147954,26.36826672719209,166278000
2015-12-04,26.92934226989746,26.97911533746755,26.042482037422513,26.083205299427686,231108000
2015-12-07,26.75965690612793,27.11711638656781,26.653323869762712,26.91802588248572,128336800
2015-12-08,26.74834442138672,26.832052080591332,26.438395133698798,26.587712571731082,137238000
2015-12-09,26.157867431640625,26.62618412697429,26.03569763380479,26.614871437405125,185445600
2015-12-10,26.28229331970215,26.456499039468202,26.132975857405,26.252882748995948,116850800
2015-12-11,25.6058349609375,26.10582499158112,25.531175370903846,26.06057769669181,187544800
2015-12-14,25.447471618652344,25.492718920504387,24.83888557012098,25.379598939800353,257274800
2015-12-15,24.99724769592285,25.519863072693934,24.965574245945643,25.325296607934753,213292400
2015-12-16,25.189550399780273,25.336606684445236,24.61490255533471,25.12846638440405,224954000
2015-12-17,24.655622482299805,25.39542611843819,24.655622482299805,25.343390187409238,179091200
2015-12-18,23.988222122192383,24.777799080844837,23.938449055983405,24.639794296457037,385813200
2015-12-21,24.28232765197754,24.291377454648213,23.88414496483476,24.271014967120855,190362400
2015-12-22,24.259708404541016,24.370565486717243,24.08323980959433,24.298168778305914,131157600
2015-12-23,24.571914672851562,24.626211763331916,24.25291559837354,24.268752321683365,130629600
2015-12-24,24.44070053100586,24.66015354977659,24.422600921482264,24.66015354977659,54281600
2015-12-28,24.166948318481445,24.363777671352185,24.022154906969735,24.341152298368666,106816800
2015-12-29,24.601333618164062,24.75743974830809,24.17600310003668,24.198626751604547,123724800
2015-12-30,24.280067443847656,24.59227790304065,24.248393994048666,24.56513021811212,100855200
2015-12-31,23.81401252746582,24.21445639385491,23.714466418410996,24.209932355294903,163649200
2016-01-04,23.83437728881836,23.838903054211126,23.076473836463002,23.214480337688535,270597600
2016-01-05,23.237106323242188,23.947499666855865,23.16923537018913,23.92487601583818,223164000
2016-01-06,22.782360076904297,23.160182068774382,22.59458224833412,22.750686625045535,273829600
2016-01-07,21.820837020874023,22.653399897357048,21.816312982479797,22.325352742463547,324377600
2016-01-08,21.936222076416016,22.422638241655704,21.89097478358731,22.295944440876468,283192000
2016-01-11,22.291423797607422,22.41133070461942,22.022197683020806,22.390969935990505,198957600
2016-01-12,22.61494255065918,22.780098454321106,22.361553214899697,22.748425003110377,196616800
2016-01-13,22.03350830078125,22.893220789831734,22.013147534066185,22.696391414550362,249758400
2016-01-14,22.515396118164062,22.732587960687326,21.66020949524555,22.162462394692575,252680400
2016-01-15,21.974689483642578,22.105909091361884,21.57424546306885,21.764286225083733,319335600
2016-01-19,21.86835479736328,22.31857182283569,21.605915622025318,22.264274717138616,212350800
2016-01-20,21.897764205932617,22.214500470129966,21.135334979566526,21.51541815138859,289337600
2016-01-21,21.786901473999023,22.144359178154634,21.479215094317574,21.958842542706112,208646000
2016-01-22,22.94525718688965,22.954306992756898,22.255226318733012,22.31404746775918,263202000
2016-01-25,22.497303009033203,22.97014371445254,22.44526705683098,22.967880831467927,207178000
2016-01-26,22.621726989746094,22.82308036152132,22.18734679846067,22.608153148166377,300308000
2016-01-27,21.13533592224121,21.86156596174221,21.117236311805794,21.728085218447188,533478800
2016-01-28,21.286909103393555,21.38419231911223,20.90230200463969,21.21903817624049,222715200
2016-01-29,22.022197723388672,22.022197723388672,21.34574070031797,21.445286838883526,257666000
2016-02-01,21.81631851196289,21.879665421978128,21.583291638946616,21.82536831711847,163774000
2016-02-02,21.375150680541992,21.72808444103568,21.32990165607242,21.5878150542907,149428800
2016-02-03,21.798219680786133,21.909076777275168,21.28465573388582,21.492796081682272,183857200
2016-02-04,21.973365783691406,22.139417864836332,21.65263742893168,21.8050402764802,185886800
2016-02-05,21.38649559020996,22.04615174910417,21.311432627110822,21.955164393491266,185672400
2016-02-08,21.6116943359375,21.76864577931499,21.163582944862977,21.184054193174887,216085600
2016-02-09,21.607145309448242,21.823240555424313,21.366030225847094,21.447918694888983,177324800
2016-02-10,21.44336700439453,21.916499965266436,21.40469793410092,21.818688841003876,169374400
2016-02-11,21.31370735168457,21.545725209408825,21.061218248805595,21.33418033227886,200298800
2016-02-12,21.379674911499023,21.49568384994566,21.156757680456938,21.425169463556387,161405600
2016-02-16,21.982465744018555,22.030233725287705,21.520706856310273,21.613967657233903,196231600
2016-02-17,22.319120407104492,22.339591657057134,21.871008980114674,21.98929136253433,179452800
2016-02-18,21.896028518676758,22.49426759603916,21.85735771329363,22.482893523495918,156084000
2016-02-19,21.845983505249023,22.009760417382484,21.791391779684428,21.83688459508165,141496800
2016-02-22,22.037057876586914,22.041608199899244,21.818689214471288,21.907401429223263,137123200
2016-02-23,21.538909912109375,21.95062575697708,21.507064583525146,21.927879341622667,127770400
2016-02-24,21.85963249206543,21.923323132136613,21.22727294358755,21.377402368418014,145022800
2016-02-25,22.009761810302734,22.009761810302734,21.666285305365406,21.84826004935016,110330800
2016-02-26,22.04388427734375,22.29637169759186,21.968819558530566,22.109848349154202,115964400
2016-02-29,21.993837356567383,22.344137582132056,21.984738446566265,22.032506422492407,140865200
2016-03-01,22.8673152923584,22.921907025044668,22.159890987375892,22.21220929380349,201628400
2016-03-02,22.9173583984375,22.949203720404107,22.664869248959473,22.8627666658433,132678400
2016-03-03,23.087953567504883,23.135721539046983,22.849111974354905,22.8786838630044,147822800
2016-03-04,23.431434631347656,23.599760145498422,23.058387959208215,23.28585552687567,184220400
2016-03-07,23.1721248626709,23.39049354877753,22.96512851521479,23.290407250188636,143315600
2016-03-08,22.981048583984375,23.14710067558947,22.83774463799302,22.92418169082973,126247600
2016-03-09,23.00152015686035,23.106155025593015,22.808171343644165,23.044737812907478,108806800
2016-03-10,23.01289176940918,23.25628198010357,22.780875630465992,23.067485231287325,134054400
2016-03-11,23.260835647583008,23.2653842356737,23.087959797657657,23.25628532405237,109632800
2016-03-14,23.319971084594727,23.408685020457757,23.151645593462998,23.1812174838972,100304400
2016-03-15,23.788557052612305,23.925037236999444,23.62250497572415,23.64752654532976,160270800
2016-03-16,24.104734420776367,24.182072547930122,23.79082811883824,23.7953784412823,153214000
2016-03-17,24.066070556640625,24.218473418092056,23.874996887818018,24.00237817673982,137682800
2016-03-18,24.09335708618164,24.2252886521542,23.927306783698324,24.188893019290337,176820800
2016-03-21,24.091089248657227,24.486882302940177,23.91593826189222,24.09563783610061,142010800
2016-03-22,24.27533721923828,24.404993653350434,23.93186073273639,23.94095964299124,129777600
2016-03-23,24.141136169433594,24.35495627237209,24.088819592399766,24.220751219125223,102814000
2016-03-24,24.0364933013916,24.168424884324455,23.85906890696994,23.991000489902795,104532000
2016-03-28,23.92731285095215,24.15478040771241,23.897740957891887,24.111561016587242,77645600
2016-03-29,24.493711471557617,24.518733046632008,23.85680149129325,23.859076653238215,124760400
2016-03-30,24.921344757080078,25.116966993110236,24.702976112650077,24.71435018456986,182404400
2016-03-31,24.79169273376465,24.998689078565164,24.76667115943843,24.957744841980446,103553600
2016-04-01,25.019161224365234,25.02143638632358,24.611994005825885,24.743925632368487,103496000
2016-04-04,25.276195526123047,25.519585742382745,25.082846714569676,25.116967195163785,149424800
2016-04-05,24.978208541870117,25.187479985286735,24.889496345326787,24.909969325150364,106314800
2016-04-06,25.23980140686035,25.244351730115294,24.839457996977217,25.073751052291442,105616400
2016-04-07,24.689327239990234,25.116965594591342,24.59379128876652,25.01005557208116,127207600
2016-04-08,24.716630935668945,24.96911838207849,24.605170559055598,24.773497837248776,94326800
2016-04-11,24.79851531982422,25.160189681917586,24.755297658831385,24.78714298185345,117630000
2016-04-12,25.121524810791016,25.135172312814564,24.716632719983537,24.871309037424382,108929200
2016-04-13,25.4854679107666,25.55370714360792,25.203408597054672,25.203408597054672,133029200
2016-04-14,25.499114990234375,25.565080795702357,25.323965719842747,25.38993152531073,101895600
2016-04-15,24.987306594848633,25.544603057211475,24.96001160327196,25.501383673295813,187756000
2016-04-18,24.448213577270508,24.782589425382287,24.325380889306302,24.768941927421725,243286000
2016-04-19,24.318557739257812,24.56649654732622,24.163879728616315,24.5391998152931,129539600
2016-04-20,24.368593215942383,24.586961812758947,24.125203054709814,24.25713462427795,122444000
2016-04-21,24.104734420776367,24.32310304122403,24.00237299105934,24.32310304122403,126210000
2016-04-22,24.038774490356445,24.22074925282114,23.797659405214688,23.88637162467024,134732400
2016-04-25,23.902294158935547,24.03195061248317,23.77263770538793,23.884096335698,112126400
2016-04-26,23.736238479614258,23.952333693234245,23.636153937779852,23.636153937779852,224064800
2016-04-27,22.250873565673828,22.453319527178387,21.764093193579775,21.836882733273107,458408400
2016-04-28,21.570755004882812,22.264530210529465,21.43882336765314,22.203114716199917,328970800
2016-04-29,21.32280921936035,21.54572819834941,21.043025084128573,21.379676111042887,274126000
2016-05-02,21.30006217956543,21.400148461306156,21.018002891088553,21.375126890870973,192640400
2016-05-03,21.65036392211914,21.777745209156116,21.309162558607348,21.42744493436456,227325200
2016-05-04,21.4251708984375,21.81414023351942,21.341007273074577,21.65491189381442,164102000
2016-05-05,21.338205337524414,21.528153320228604,21.210048503895518,21.512133716024994,143562000
2016-05-06,21.219202041625977,21.386263372819275,21.02009975718412,21.3679565015419,174799600
2016-05-09,21.235227584838867,21.459502098268466,21.189456028828303,21.28328640914521,131745600
2016-05-10,21.37940216064453,21.413730388104735,21.079605915904843,21.358806271772114,134747200
2016-05-11,21.1711483001709,21.413731426239366,21.159704975127333,21.393135536368465,114876400
2016-05-12,20.674531936645508,21.232932539316202,20.475431399074704,21.21920194941638,305258800
2016-05-13,20.715723037719727,20.978903704826912,20.596720531778598,20.596720531778598,177571200
2016-05-16,21.48466682434082,21.6013820597177,20.974326851742067,21.14367717150077,245039200
2016-05-17,21.39541244506836,21.67232366618285,21.285564260265385,21.637997199685305,187667600
2016-05-18,21.640291213989258,21.789045683878502,21.486960462475313,21.548751613447532,168249600
2016-05-19,21.557905197143555,21.65860085771305,21.413728748060358,21.65860085771305,121768400
2016-05-20,21.791336059570312,21.839394876660002,21.63113825659861,21.658601186081036,128104000
2016-05-23,22.068239212036133,22.24216754233701,21.894310881735255,21.94008241392255,152074400
2016-05-24,22.404659271240234,22.44814005734932,22.162074442920833,22.2490395071509,140560800
2016-05-25,22.79828643798828,22.825747620254656,22.452718677753126,22.580875517678855,152675200
2016-05-26,22.979076385498047,23.05230910298152,22.574006552850626,22.812013321173342,225324800
2016-05-27,22.965349197387695,22.992812127350895,22.713611783746387,22.757094319686594,145364800
2016-05-31,22.85321044921875,22.9767910068984,22.6152036432438,22.793708311223515,169228800
2016-06-01,22.53281593322754,22.779977041220498,22.503065738119584,22.660972768776805,116693200
2016-06-02,22.363468170166016,22.390929354675592,22.114018019498477,22.336005239650298,160766400
2016-06-03,22.40923309326172,22.489331107309198,22.301672154681206,22.379482901188585,114019600
2016-06-06,22.57172203063965,23.317781688830866,22.324562651207234,22.425256566529306,93170000
2016-06-07,22.663259506225586,22.85549648624686,22.64723990339096,22.713607328278915,89638000
2016-06-08,22.642663955688477,22.784551369739813,22.583161824567,22.660970826336342,83392400
2016-06-09,22.80514907836914,22.88295808040595,22.532814079228725,22.541968387587016,106405600
2016-06-10,22.61749267578125,22.73649520586407,22.537394651109544,22.54883622834494,126851600
2016-06-13,22.276500701904297,22.68385960373706,22.221576592783116,22.585452962475056,152082000
2016-06-14,22.303966522216797,22.53739707176737,22.141481441571994,22.2719273089069,127727600
2016-06-15,22.23073387145996,22.52137755247799,22.205559954332223,22.38635365642864,117780800
2016-06-16,22.32455825805664,22.370328051832015,21.985855847699433,22.07281915427493,125307200
2016-06-17,21.816509246826172,22.11859447702449,21.809643951186256,22.111729181384575,244032800
2016-06-20,21.763872146606445,22.100285597038248,21.747852541633787,21.969839743402037,137647600
2016-06-21,21.949241638183594,22.049935539545707,21.66775232668044,21.727254458852926,142185600
2016-06-22,21.86685562133789,22.173517112891204,21.821084076773733,22.027051662297698,116876400
2016-06-23,21.992721557617188,22.0362040847292,21.798197311388623,21.956106071106348,128960800
2016-06-24,21.374828338623047,21.663183038068766,21.203188927573088,21.26269107895219,301245600
2016-06-27,21.06358528137207,21.29472680591838,20.940004716149474,21.28328348198799,181958400
2016-06-28,21.418304443359375,21.43432579438036,21.086469019760585,21.26039740707047,161779600
2016-06-29,21.603670120239258,21.637998334542644,21.427452768284443,21.505263503772486,146124000
2016-06-30,21.8782958984375,21.91720039950174,21.58078873346848,21.612827939757363,143345600
2016-07-01,21.944669723510742,22.07740461455821,21.816512860985632,21.853128359132963,104106000
2016-07-05,21.738698959350586,21.832529324476077,21.617407411071138,21.830240310544564,110820800
2016-07-06,21.862279891967773,21.892031835563373,21.59681188961415,21.649446988888382,123796400
2016-07-07,21.956104278564453,22.08426108989803,21.882871565515895,21.90117843427383,100558400
2016-07-08,22.125459671020508,22.17351848628514,21.981283225226612,22.081977137492792,115648400
2016-07-11,22.194120407104492,22.34745119200231,22.13690727130623,22.1414835539273,95179600
2016-07-12,22.29481315612793,22.35889158546173,22.22615844441582,22.237600023364713,96670000
2016-07-13,22.16893768310547,22.352018597344085,22.16207064289165,22.2925182168695,103568800
2016-07-14,22.60833740234375,22.65410720134562,22.27192396706166,22.287943571312905,155676000
2016-07-15,22.606054306030273,22.725058608195575,22.541975872251896,22.638093522919462,120548000
2016-07-18,22.846345901489258,22.915000605110055,22.564856553226456,22.587741454433388,145975600
2016-07-19,22.85548973083496,22.885239914161485,22.734196492645502,22.784544299817497,95119600
2016-07-20,22.876096725463867,22.99052298064086,22.825748893825015,22.885251035398756,105104000
2016-07-21,22.754804611206055,23.11410297372973,22.686148161396517,22.846345962283422,130808000
2016-07-22,22.578584671020508,22.725050106579054,22.498484912757103,22.71589579860593,113254800
2016-07-25,22.276500701904297,22.619779439422075,22.180383074440744,22.484757307414604,161531600
2016-07-26,22.123167037963867,22.42067593636726,22.065953922579038,22.157495256395908,224959200
2016-07-27,23.560367584228516,23.88076147976958,23.514597776011048,23.862452858080086,369379200
2016-07-28,23.87846565246582,23.903639563604596,23.530610669648038,23.53289968320768,159479200
2016-07-29,23.848718643188477,23.926529400549473,23.727427098425686,23.844142361464183,110934800
2016-08-01,24.269805908203125,24.29269080672454,23.89448798523321,23.89448798523321,152671600
2016-08-02,23.91050910949707,24.274383733345633,23.800659145199685,24.269807451752634,135266400
2016-08-03,24.210304260253906,24.221745836740908,23.976873751043904,23.98602805983703,120810400
2016-08-04,24.35986328125,24.389774637045274,24.224107962409928,24.293136328662747,109634800
2016-08-05,24.730314254760742,24.769429513501382,24.431193646294137,24.45190110487526,162213600
2016-08-08,24.935091018676758,24.935091018676758,24.65667968215224,24.739511254716096,112148800
2016-08-09,25.036334991455078,25.066248104860545,24.852262260682963,24.902882832171223,105260800
2016-08-10,24.84996223449707,25.057045604210778,24.79474058772825,25.01332751630886,96034000
2016-08-11,24.833858489990234,25.063950757383655,24.815450687287235,24.969612085129302,109938000
2016-08-12,24.891380310058594,24.951204788114456,24.799343056618326,24.799343056618326,74641600
2016-08-15,25.19049835205078,25.204303324233287,24.86836887589848,24.882173848080985,103472800
2016-08-16,25.16748809814453,25.363067902777512,25.12837283940371,25.22501115704495,135177600
2016-08-17,25.13067054748535,25.165184728828983,24.92818828651695,25.10305885131761,101424000
2016-08-18,25.09846305847168,25.218110256101408,25.084656329751844,25.132977247074436,87938800
2016-08-19,25.162885665893555,25.23881652084985,24.93279344272735,25.02713034138403,101472400
2016-08-22,24.967304229736328,25.103057780308117,24.815442540489133,25.04783614579282,103280800
2016-08-23,25.04553985595703,25.153683489126372,24.97191040971942,24.985715382306328,85030800
2016-08-24,24.85685920715332,25.022525866176057,24.776327291090634,24.98110920142037,94700400
2016-08-25,24.751018524169922,24.82234654626687,24.54623660130869,24.70960185687977,100344800
2016-08-26,24.60605812072754,24.838449956985794,24.461098924833372,24.714201725453663,111065200
2016-08-29,24.578449249267578,24.721107048226656,24.456500661584204,24.532431510488113,99881200
2016-08-30,24.3897762298584,24.50482234415018,24.274730115566612,24.343758486327438,99455600
2016-08-31,24.41278839111328,24.520932033993624,24.306946162358905,24.31154899061084,118649600
2016-09-01,24.5577449798584,24.57385136606746,24.302342458925843,24.42198964855537,106806000
2016-09-02,24.7878360748291,24.849960202932117,24.578451308274097,24.780931833516007,107210000
2016-09-06,24.780933380126953,24.918990127575476,24.73721704853509,24.82695288109795,107521600
2016-09-07,24.93279266357422,25.024829901057394,24.63597349430973,24.810844069981336,169457200
2016-09-08,24.279335021972656,24.681996485582967,24.214909468669354,24.677395412689016,212008000
2016-09-09,23.72941017150879,24.32534993803979,23.72941017150879,24.076849917506454,186228000
2016-09-12,24.260927200317383,24.32535274890815,23.591357915753633,23.618969617491622,181171200
2016-09-13,24.838455200195312,25.031733583699133,24.67508992969596,24.737215814040336,248704800
2016-09-14,25.717411041259766,26.00732777941433,24.988019000825588,25.017932118022294,443554800
2016-09-15,26.591758728027344,26.62857432714172,26.113166472326764,26.19830122868047,359934400
2016-09-16,26.442197799682617,26.72060917837081,26.239717275763297,26.48821729748088,319547600
2016-09-19,26.133880615234375,26.73212016997168,26.057949744336696,26.50432931274336,188092000
2016-09-20,26.131572723388672,26.258124143514724,25.88767553783405,26.01192554428573,138057200
2016-09-21,26.126968383789062,26.228207751763552,25.871565917270214,26.195994986208387,144012800
2016-09-22,26.37317657470703,26.446806030763756,26.230518735581313,26.311050678852,124296000
2016-09-23,25.933698654174805,26.41229098071964,25.66679254294399,26.32715621176375,209924800
2016-09-26,25.972814559936523,26.09016210805656,25.666793177884582,25.687500639365638,119477600
2016-09-27,26.021129608154297,26.041838821823188,25.848560434592684,26.000422149949824,98429600
2016-09-28,26.219005584716797,26.377769765052108,26.099358412678832,26.159182876429902,118564400
2016-09-29,25.811750411987305,26.1845005140354,25.724315983071435,26.037241604564105,143548000
2016-09-30,26.01192855834961,26.085558005282486,25.72431325697672,25.876173223260075,145516400
2016-10-03,25.889972686767578,26.01192302318965,25.834751052184828,25.933690765021982,86807200
2016-10-04,26.00042152404785,26.301841778197506,25.915286768506363,26.014226495851847,118947200
2016-10-05,26.01192855834961,26.152284965856737,25.92909521111706,26.09246049164112,85812400
2016-10-06,26.205202102661133,26.308742896738433,26.030331528553607,26.161484020268183,115117200
2016-10-07,26.24431610107422,26.359362202524434,26.1177664427575,26.301839151799324,97433600
2016-10-10,26.702205657958984,26.86326952681188,26.39618255167397,26.465209171697563,144944000
2016-10-11,26.759723663330078,27.309643882971493,26.736713038871766,27.081851340176293,256164000
2016-10-12,26.999021530151367,27.146282172948993,26.86326795654847,27.001322943990314,150347200
2016-10-13,26.916187286376953,27.022029491488276,26.62627061252857,26.87246920507245,140769600
2016-10-14,27.06574249267578,27.189992480491263,26.950696402713007,27.123265537657172,142608800
2016-10-17,27.04734230041504,27.114067502211952,26.870170300505663,26.99672172901236,94499600
2016-10-18,27.028932571411133,27.199200317686508,27.024329744086128,27.192297832163277,98214000
2016-10-19,26.948400497436523,27.095659372657686,26.18449442392765,26.97831185302498,80138400
2016-10-20,26.934598922729492,27.00822837442303,26.76663255892764,26.888581173720254,96503200
2016-10-21,26.82875633239746,26.90008612450001,26.755126881700807,26.877075494842337,92770800
2016-10-24,27.07035255432129,27.09106001342626,26.92079224630448,26.943801119353722,94154800
2016-10-25,27.208404541015625,27.23371482521185,26.992117296234877,27.139376174032407,192516000
2016-10-26,26.59636116027832,26.621671447097683,26.071751134321467,26.3018433741597,264536800
2016-10-27,26.340965270996094,26.658491988854557,26.25352908015529,26.55034833521343,138248000
2016-10-28,26.16609001159668,26.508926960259874,26.10396412326665,26.200604198950643,151446800
2016-10-31,26.12467384338379,26.283438055005455,26.046441566836695,26.14998413090216,105677600
2016-11-01,25.65298843383789,26.177598564209724,25.432100050284742,26.106270517411833,175303200
2016-11-02,25.675992965698242,25.850863564713965,25.593161371916615,25.63227663254271,113326800
2016-11-03,25.400775909423828,25.777751182817106,25.336019593942996,25.666740860414897,107730400
2016-11-04,25.171812057495117,25.497908606348464,25.002983355963906,25.10011782241834,123348000
2016-11-07,25.534915924072266,25.5580429283701,25.315204972049514,25.458595221859813,130240000
2016-11-08,25.685243606567383,25.837885018553386,25.370711391999933,25.51178841902551,97016800
2016-11-09,25.643613815307617,25.745374754744027,24.989110927459684,25.412340236208415,236705600
2016-11-10,24.928977966308594,25.69217967773156,24.475681987314264,25.69217967773156,228538000
2016-11-11,25.076993942260742,25.17875488043901,24.642200254141766,24.774026122019357,136575600
2016-11-14,24.44793128967285,24.933605481786923,24.070955968520177,24.91047847539625,204702000
2016-11-15,24.771705627441406,24.90353145665863,24.551996500238314,24.646817721160325,129058000
2016-11-16,25.437786102294922,25.493293043990157,24.65376863674688,24.676895646881007,235362000
2016-11-17,25.428525924682617,25.52103569687945,25.169500679904058,25.396147769085296,110528000
2016-11-18,25.453968048095703,25.56498013587866,25.361460033500062,25.375335882793955,113715600
2016-11-21,25.840194702148438,25.900324555153695,25.44240391099526,25.467844142834856,117058400
2016-11-22,25.85638427734375,25.99977275285797,25.763874502009838,25.891073899176412,103862000
2016-11-23,25.72456169128418,25.78931801290716,25.516415111440722,25.75462662218701,109705600
2016-11-25,25.85407257080078,25.87257487985298,25.659801854707293,25.70143116783609,45903600
2016-11-28,25.80318832397461,26.011334859133157,25.761559016942897,25.77081017011406,108776000
2016-11-29,25.777746200561523,25.909572035733483,25.456276150502244,25.62048013715665,114115200
2016-11-30,25.560361862182617,25.948901647137127,25.502543452305325,25.810137816327195,144649200
2016-12-01,25.322147369384766,25.657495166604416,25.215761719242625,25.525669277898107,148347600
2016-12-02,25.416967391967773,25.460908173355367,25.17412942147229,25.24813689823171,106112000
2016-12-05,25.23426628112793,25.447037600378692,25.035370815248104,25.440099673693226,137298000
2016-12-06,25.428525924682617,25.523348926415586,25.252759298433492,25.324453533759396,104782000
2016-12-07,25.67830467224121,25.715309291078377,25.24582421756523,25.268951222099787,119994800
2016-12-08,25.930391311645508,26.002085548205233,25.578854524143182,25.638986141777533,108273200
2016-12-09,26.353618621826172,26.527073773170734,25.974330165377562,25.974330165377562,137610400
2016-12-12,26.20330047607422,26.596464903641355,26.015967653864674,26.200987245941914,105497600
2016-12-13,26.640399932861328,26.809228630827654,26.30736546693298,26.328179238814947,174935200
2016-12-14,26.640399932861328,26.873984940429924,26.591832700659626,26.605708548580942,136127200
2016-12-15,26.786104202270508,26.996563993169634,26.649653645999244,26.684343269134466,186098000
2016-12-16,26.820796966552734,26.943371679861478,26.746789492603455,26.93643375487832,177404400
2016-12-19,26.97574234008789,27.14688424517807,26.769909055248878,26.781473436657443,111117600
2016-12-20,27.047439575195312,27.174640726942037,26.98499649627778,26.998872343931218,85700000
2016-12-21,27.072887420654297,27.151521363255224,27.008131094087396,27.012757554257927,95132800
2016-12-22,26.894804000854492,26.945684469202387,26.744475825593163,26.90867985059398,104343600
2016-12-23,26.947999954223633,26.947999954223633,26.732915428791696,26.732915428791696,56998000
2016-12-27,27.119142532348633,27.24403048671496,26.941060874196133,26.947998799803564,73187600
2016-12-28,27.00349998474121,27.29490338508048,26.873985597891057,27.179266610968252,83623600
2016-12-29,26.99656867980957,27.084452014470916,26.920247966708164,26.9318105882681,60158000
2016-12-30,26.786104202270508,27.10526108645545,26.69590765316439,26.978061684512667,122345200
2017-01-03,26.862428665161133,26.904057983232338,26.540958506241424,26.78148325904421,115127600
2017-01-04,26.83236312866211,26.945688466604214,26.76992003109363,26.793047038916118,84472400
2017-01-05,26.968812942504883,27.02663133887172,26.78379336834004,26.809233603899642,88774400
2017-01-06,27.26946258544922,27.327280967559517,26.936428139861274,27.008122369045402,127007600
2017-01-09,27.51924705505371,27.621008010657295,27.27641081710561,27.27872228284012,134247600
2017-01-10,27.546993255615234,27.609436339046322,27.359662240844777,27.46835932944873,97848400
2017-01-11,27.69501495361328,27.736644274227046,27.42904994771855,27.46142811214285,110354400
2017-01-12,27.57937240600586,27.59093678995442,27.338847688589375,27.49842701179773,108344800
2017-01-13,27.530805587768555,27.664944679909922,27.477611891065155,27.546994666856147,104447600
2017-01-17,27.75282859802246,27.808333761164853,27.341161922801497,27.368913622134034,137759200
2017-01-18,27.75051498413086,27.868464998093444,27.685758667281533,27.75282821386899,94852000
2017-01-19,27.70195198059082,27.773646233135334,27.607130720562036,27.61406864635956,102389200
2017-01-20,27.75282859802246,27.856900999474114,27.69038551004693,27.856900999474114,130391600
2017-01-23,27.771329879760742,27.940158592711846,27.699633875357176,27.752827571238708,88200800
2017-01-24,27.745891571044922,27.77595650112051,27.637192706535473,27.648757091283134,92844000
2017-01-25,28.1876220703125,28.238502538017904,27.817584711287722,27.84996286992256,129510400
2017-01-26,28.20149803161621,28.317134809814437,28.12286410491327,28.139053183281934,105350400
2017-01-27,28.203811645507812,28.296321428009836,28.122866247497544,28.247754189203675,82251600
2017-01-30,28.129804611206055,28.129804611206055,27.905470723071677,27.96791381266014,121510000
2017-01-31,28.065044403076172,28.074295556636574,27.896215702910933,28.01879039975129,196804000
2017-02-01,29.776477813720703,30.17889517265625,29.3740622192628,29.378686915174377,447940000
2017-02-02,29.725597381591797,29.92449283116797,29.552142170762174,29.59839795233666,134841600
2017-02-03,29.852792739868164,29.878232973641808,29.640021479649796,29.67471110345267,98029200
2017-02-06,30.132631301879883,30.181200303383953,29.811161186933056,29.864356647855264,107383600
2017-02-07,30.419410705566406,30.54892333300558,30.169634840238963,30.19044861344431,152735200
2017-02-08,30.537353515625,30.578984583582415,30.347711067463322,30.37777775382402,92016400
2017-02-09,30.75802230834961,30.76499031269635,30.456062457724368,30.57916859352278,113399600
2017-02-10,30.68833351135254,30.87880171584389,30.672076018721317,30.767310120966993,80262000
2017-02-13,30.960105895996094,31.083215593438116,30.83467825578375,30.91132985867935,92141600
2017-02-14,31.36195182800293,31.378209328483514,30.95082172156135,31.001922798938523,132904800
2017-02-15,31.475751876831055,31.652284086826636,31.26902616585265,31.478076907544136,142492400
2017-02-16,31.438596725463867,31.566345847350487,31.320133551289572,31.51292329396582,90338400
2017-02-17,31.524532318115234,31.550082846886603,31.38052218008799,31.38052218008799,88792800
2017-02-21,31.752166748046875,31.763781270890842,31.584927543007105,31.642996612972173,98028800
2017-02-22,31.8474063873291,31.849727874597924,31.61513006725355,31.689456646664933,83347600
2017-02-23,31.712682723999023,31.933344498537473,31.659260167780356,31.910118995260028,83152800
2017-02-24,31.742870330810547,31.742870330810547,31.422328000376318,31.568663158923073,87106400
2017-02-27,31.805587768554688,31.924050933902357,31.65460961161716,31.854367344448654,81029600
2017-02-28,31.819538116455078,31.924061763967416,31.75217599090425,31.840442137106386,93931600
2017-03-01,32.46989440917969,32.553513998326025,31.961212414814852,32.028570965729365,145658400
2017-03-02,32.27711486816406,32.583717728429235,32.230656774687745,32.51868065066829,104844000
2017-03-03,32.46757888793945,32.4791934110598,32.191169541247426,32.23530260255185,84432400
2017-03-06,32.365379333496094,32.465259987181724,32.19349713694032,32.372347339072405,87000000
2017-03-07,32.407188415527344,32.514033522306,32.237624174881674,32.30033976449384,69785200
2017-03-08,32.286399841308594,32.47222155644039,32.24459181613751,32.27478531956515,74828800
2017-03-09,32.212074279785156,32.23762481352184,31.833466336193222,32.22601383439556,88623600
2017-03-10,32.31892013549805,32.37002119854825,32.20278200024841,32.34447066702315,78451200
2017-03-13,32.33285903930664,32.38628159391293,32.24459645870819,32.25156446390662,69686800
2017-03-14,32.28407669067383,32.43737631932084,32.249233127239414,32.35608175981569,61236400
2017-03-15,32.62552261352539,32.69288116444565,32.2933657434073,32.381631849806574,102767200
2017-03-16,32.6789436340332,32.755595215872894,32.57906301130123,32.68591163745008,76928000
2017-03-17,32.516353607177734,32.750951344422546,32.493124564409044,32.750951344422546,175540000
2017-03-20,32.8577995300293,32.8670890204572,32.57209719374812,32.611583730511654,86168000
2017-03-21,32.48151779174805,33.16905721722012,32.45596725630893,33.008785998943395,158119600
2017-03-22,32.848514556884766,32.89032613470719,32.46293504079582,32.483842601834596,103440800
2017-03-23,32.73237991333008,32.885683141353496,32.66037481829785,32.81135301470377,81385200
2017-03-24,32.667327880859375,32.92283314401665,32.59996933562004,32.86708557453127,89582400
2017-03-27,32.72307586669922,32.80204893295124,32.198129327397595,32.37698301388335,94300400
2017-03-28,33.40133285522461,33.457076899245784,32.662692373648206,32.73005448584725,133499200
2017-03-29,33.47565841674805,33.561603055774526,33.259643164185654,33.373456280125204,116760000
2017-03-30,33.431522369384766,33.563921546624066,33.33164527294501,33.491916468864304,84829200
2017-03-31,33.36880874633789,33.510497408339084,33.21782704904723,33.3827447550176,78646800
2017-04-03,33.378089904785156,33.47564548544359,33.22711178943953,33.38041493515435,79942800
2017-04-04,33.62663269042969,33.654504705427456,33.25498928393985,33.27357180868976,79565600
2017-04-05,33.45243453979492,33.78691298708864,33.40365495612494,33.49888909208457,110871600
2017-04-06,33.36880874633789,33.56856647400753,33.32002917170442,33.515140381729324,84596000
2017-04-07,33.29447937011719,33.48959058441461,33.27822187438636,33.38506697277346,66688800
2017-04-10,33.25499725341797,33.41991498493669,33.192281660389156,33.35487790485312,75733600
2017-04-11,32.89728927612305,33.29680474432891,32.53261383073849,33.201570622944516,121517600
2017-04-12,32.936771392822266,33.01806594990441,32.75327117926465,32.89031685388188,81400000
2017-04-13,32.76258087158203,33.071508851777054,32.76258087158203,32.96233868042032,71291600
2017-04-17,32.943748474121094,32.955362998120115,32.72076166380729,32.862450350383064,66328400
2017-04-18,32.79740905761719,32.992520276428316,32.77650504365628,32.846188634447294,58790000
2017-04-19,32.676612854003906,32.983219127415886,32.62319032245609,32.9553471186524,69313600
2017-04-20,33.08543395996094,33.196925582204415,32.788120604475154,32.802056614223744,93278400
2017-04-21,33.04595184326172,33.141182437382405,32.94839621770171,33.08543839092253,69283600
2017-04-24,33.364158630371094,33.43616369695351,33.257310001592785,33.33164009887406,68537200
2017-04-25,33.570892333984375,33.65683342820779,33.41758913002778,33.426882166527854,75486000
2017-04-26,33.37346267700195,33.587160027767546,33.30378261072585,33.556962969544124,80164800
2017-04-27,33.39900588989258,33.48495052654035,33.28751426405114,33.42920294149219,56985200
2017-04-28,33.366485595703125,33.51746730150212,33.27822302100625,33.468687724119754,83441600
2017-05-01,34.04705047607422,34.19106060560152,33.670764114791126,33.70328264546678,134411600
2017-05-02,34.263057708740234,34.397778317164374,34.10743309493646,34.27002571053345,181408800
2017-05-03,34.15855407714844,34.25843473491039,33.510504722317755,33.81710761295375,182788000
2017-05-04,34.035438537597656,34.177127191487486,33.86819935450623,34.03311705103543,93487600
2017-05-05,34.59987258911133,34.60451556235956,34.08886199145482,34.08886199145482,109310800
2017-05-08,35.54058074951172,35.7008518975841,34.61612244864567,34.61612244864567,195009600
2017-05-09,35.768211364746094,35.97493702971045,35.64278023879947,35.74033581217276,156521600
2017-05-10,35.59865951538086,35.756609220445256,35.3315432252006,35.68460414453169,103222800
2017-05-11,35.90652847290039,35.934519093669905,35.5240232052988,35.55667596379344,109020400
2017-05-12,36.407981872558594,36.4826152156848,36.07445399988878,36.08145076459176,130108000
2017-05-15,36.314697265625,36.536269855572776,36.16309590378823,36.38699956308206,104038800
2017-05-16,36.261051177978516,36.39865899450321,36.08612490171975,36.37067192914475,80194000
2017-05-17,35.04356384277344,36.05114089746568,34.917618490379,35.82490262987647,203070800
2017-05-18,35.577667236328125,35.76425595808123,35.248808573496575,35.281461332887076,134272800
2017-05-19,35.69894790649414,35.91352367567691,35.598658566511546,35.77358481345351,107843200
2017-05-22,35.91584777832031,36.05345553145717,35.66395362947447,35.91817884639833,91865600
2017-05-23,35.87154769897461,36.128104092161195,35.75726125507331,36.128104092161195,79675600
2017-05-24,35.76424789428711,35.95783333805575,35.607980898231645,35.88086537422848,76712000
2017-05-25,35.88787078857422,35.99982615869898,35.69195422918175,35.85521802867547,76942400
2017-05-26,35.827232360839844,35.97417156554854,35.75726114150789,35.91819387830616,87710400
2017-05-30,35.841217041015625,36.018474335178794,35.76191800617025,35.78290829912052,80507600
2017-05-31,35.62898254394531,35.95784479630646,35.540355650988694,35.91119850124231,97804800
2017-06-01,35.72694396972656,35.76193136326133,35.50304031019587,35.72461290037805,65616400
2017-06-02,36.256385803222656,36.256385803222656,35.65930467770429,35.820237422715024,111082800
2017-06-05,35.901878356933594,36.023161609212444,35.792261130681624,35.997505605055096,101326800
2017-06-06,36.02315139770508,36.34035119605848,35.866884347183934,35.89487141328196,106499600
2017-06-07,36.23773193359375,36.380005469617075,36.03015286223692,36.15610179386924,84278400
2017-06-08,36.14910125732422,36.277377686214315,36.01148987468374,36.20974108841562,85003200
2017-06-09,34.747352600097656,36.195743653419655,34.0569789275747,36.195743653419655,259530800
2017-06-12,33.91703414916992,34.073301176140994,33.23831942750346,33.991671059362304,289229200
2017-06-13,34.189918518066406,34.390500764658675,33.85405954155062,34.3228641791388,136661600
2017-06-14,33.85639572143555,34.40216480385266,33.548523792553745,34.40216480385266,126124800
2017-06-15,33.65348434448242,33.69779957412277,33.16835856443152,33.42724961648636,128661600
2017-06-16,33.182350158691406,33.7024633017393,33.166021997616426,33.534533788120235,201444400
2017-06-19,34.131614685058594,34.22491083580309,33.50654649004962,33.50654649004962,130165600
2017-06-20,33.821407318115234,34.25522457649516,33.805082718131736,34.25522457649516,99600400
2017-06-21,34.021995544433594,34.06864540145856,33.72812066315219,33.940365412408745,85063200
2017-06-22,33.96601867675781,34.21557830911251,33.847066533355175,33.99867143871686,76425200
2017-06-23,34.11761474609375,34.32286268030912,33.844730229312084,33.84939592569432,141757600
2017-06-26,34.01033401489258,34.584090199631795,33.907710031570986,34.325199172210205,102769600
2017-06-27,33.52286911010742,34.08963207085741,33.497213115030114,33.82140965707026,99047600
2017-06-28,34.012664794921875,34.07797031850162,33.38992769293239,33.70013070937823,88329600
2017-06-29,33.51121139526367,33.84940507616945,33.18468373790895,33.75144677896303,125997600
2017-06-30,33.59051513671875,33.809756667755465,33.534537439788735,33.69080450663977,92096400
2017-07-03,33.46921920776367,33.88904287824399,33.375926640493965,33.7910846149458,57111200
2017-07-05,33.606834411621094,33.77009821983891,33.28730356133165,33.51354182374923,86278400
2017-07-06,33.28963088989258,33.46922283819472,33.21499753975794,33.35727103355091,96515200
2017-07-07,33.62781524658203,33.76076088371443,33.32927477874585,33.32927477874585,76806800
2017-07-10,33.833072662353516,34.04065169534821,33.43890489479543,33.611500097071286,84362400
2017-07-11,33.94268035888672,34.0173172475665,33.67446160281955,33.75609169606999,79127200
2017-07-12,33.99167251586914,34.0942929334552,33.777096728197336,34.021990647910606,99538000
2017-07-13,34.46515655517578,34.63308613542873,33.921718268924664,33.9357118074648,100797600
2017-07-14,34.7613525390625,34.82899270092171,34.3625225706886,34.51179287000781,80528400
2017-07-17,34.882633209228516,35.195167319414196,34.65173278939606,34.71004155139567,95174000
2017-07-18,35.003910064697266,35.015572526753076,34.67504785269563,34.79866212094298,71475200
2017-07-19,35.2231559753418,35.31644856576998,34.97359277967588,35.09720706349112,83692000
2017-07-20,35.06455993652344,35.391091173270546,35.02957609921132,35.33511347468639,68974800
2017-07-21,35.04823684692383,35.087886383886215,34.724040224574985,34.982931308528734,105010400
2017-07-24,35.472713470458984,35.55434715131817,34.96192820532544,35.120529870138824,85972800
2017-07-25,35.62432861328125,35.88088507468516,35.40508706119527,35.40508706119527,75415600
2017-07-26,35.7922477722168,35.90186495755719,35.698951628789686,35.76659177763484,63124000
2017-07-27,35.1158561706543,35.915853960556625,34.35551145708174,35.859876287105635,129905200
2017-07-28,34.86863327026367,35.03889382753738,34.79633098808787,34.95959477991771,68854800
2017-07-31,34.689048767089844,35.062226279003255,34.5491098692857,34.96193335463666,79383600
2017-08-01,34.99692153930664,35.03657107252493,34.614416182447435,34.7753489436117,141474400
2017-08-02,36.650550842285156,37.259294385874526,36.42198151953538,37.14967364193776,279747200
2017-08-03,36.28438186645508,36.666887242255065,36.15610186505285,36.62956877659537,108389200
2017-08-04,36.47562789916992,36.71119400924941,36.31236408233838,36.40099453671163,82239600
2017-08-07,37.04005432128906,37.065710316789556,36.54093150245734,36.6318930212529,87481200
2017-08-08,37.33626174926758,37.74442302684037,36.91410694017085,36.99107492243637,144823600
2017-08-09,37.56484603881836,37.61382697755623,37.1100382886181,37.14502213136991,104526000
2017-08-10,36.36832809448242,37.46415285038332,36.206763363657544,37.44073632570782,163217200
2017-08-11,36.874088287353516,37.129315522181145,36.543938183983364,36.668037893852514,105028400
2017-08-14,37.42903518676758,37.513329681591564,37.17146768234419,37.30493545450732,88490800
2017-08-15,37.83879470825195,37.979283133641594,37.49693275136996,37.61869224499559,117862000
2017-08-16,37.68659210205078,38.05186698732974,37.49927064033191,37.918402812874604,110686400
2017-08-17,36.96307373046875,37.63040545053227,36.95838971048244,37.585916192813315,111762400
2017-08-18,36.8787727355957,37.34707461160327,36.69613528978154,36.963067216191455,109712400
2017-08-21,36.81087875366211,36.970099712078074,36.31916024493409,36.87878096878408,105474000
2017-08-22,37.41264343261719,37.46415693423059,37.000538992570405,37.04970869774474,86418400
2017-08-23,37.4594612121582,37.574196443156616,37.20189735741264,37.246386601531604,77596400
2017-08-24,37.293212890625,37.63741498143037,37.124623965624046,37.56482520502965,79275600
2017-08-25,37.431365966796875,37.595270895142015,37.29321778239593,37.382192701863595,101920400
2017-08-28,37.80834197998047,37.93244165759947,37.44774763255791,37.49692088824601,103864000
2017-08-29,38.14552688598633,38.19469657793553,37.46414685752875,37.48756337845849,118067600
2017-08-30,38.24855422973633,38.374994154539614,38.07528126262268,38.353921429215646,109078400
2017-08-31,38.4007568359375,38.522516333622995,38.278997338252005,38.31646234874909,107140400
2017-09-01,38.41245651245117,38.62085067407879,38.31411356152278,38.588069690435994,66364400
2017-09-05,37.9511833190918,38.459290410536546,37.59527290362859,38.34221494505546,117874000
2017-09-06,37.91136932373047,38.164252699441256,37.58589974786229,38.09869073975981,86606800
2017-09-07,37.75918960571289,37.988660162013055,37.5484551313303,37.953535367708774,87714000
2017-09-08,37.14336395263672,37.73342173622317,37.11994742999896,37.66551953714924,114446000
2017-09-11,37.81538009643555,37.94416383919976,37.43839690735853,37.5812291360861,126323200
2017-09-12,37.66552734375,38.39139682164832,37.17615264578614,38.07529156482088,286856000
2017-09-13,37.382198333740234,37.45478813059873,36.974777960881646,37.43371182938948,179629600
2017-09-14,37.0614128112793,37.32366073713746,37.016923558244066,37.22766156111725,95042800
2017-09-15,37.43604278564453,37.691266380185816,36.99583800030082,37.105889196636745,196458400
2017-09-18,37.15272521972656,37.58122182252087,36.99584453556571,37.489903108670234,113077600
2017-09-19,37.166770935058594,37.41028986909778,37.09886874688678,37.34940834915841,83242400
2017-09-20,36.54392623901367,37.05671361845995,36.01942702919996,36.97241916639808,211805600
2017-09-21,35.91640853881836,36.480713098781806,35.766552096842524,36.480713098781806,150046800
2017-09-22,35.565181732177734,35.65416022168099,35.253760591775695,35.48322748417638,186581600
2017-09-25,35.25142288208008,35.551135783726636,34.92595323547048,35.12029893421716,177549200
2017-09-26,35.857879638671875,36.040517110644004,35.5183614445114,35.5394341744635,146640000
2017-09-27,36.11310958862305,36.22784487075923,35.95154481864833,36.01242636841324,102016800
2017-09-28,35.890655517578125,36.124806455752754,35.75484754469367,36.033487732779044,88022000
2017-09-29,36.08734130859375,36.08968510459669,35.59094246489845,35.87426667105232,105199200
2017-10-02,36.01475524902344,36.1646117066242,35.759531583757415,36.1201224566887,74795200
2017-10-03,36.171630859375,36.31446305455803,36.038166701207494,36.06157964802778,64921200
2017-10-04,35.9374885559082,36.02646706455702,35.69865714773526,35.9726133438349,80655200
2017-10-05,36.38471984863281,36.39642811195047,36.07095839973746,36.10139559693096,85135200
2017-10-06,36.363643646240234,36.40813289888313,36.190370655120525,36.28637340315415,69630400
2017-10-09,36.49007034301758,36.698464472231365,36.4081196830869,36.48304610281948,65051600
2017-10-10,36.504127502441406,36.995845870368605,36.3168096221449,36.54159250764453,62468000
2017-10-11,36.65633773803711,36.75702094749772,36.46901623382098,36.520529736801926,67622400
2017-10-12,36.52755355834961,36.848339263591555,36.46433179217461,36.60950783201574,64500400
2017-10-13,36.75935363769531,36.82725583136698,36.62354567749253,36.69847211282474,65576800
2017-10-16,37.43604278564453,37.464139747140074,36.91388376546044,36.972421483815346,96486000
2017-10-17,37.57419967651367,37.66785861850632,37.28385123976106,37.41263496464567,75989200
2017-10-18,37.407958984375,37.6304052719139,37.37049754324353,37.56249948744612,65496800
2017-10-19,36.52286911010742,36.780436619015404,36.29808616856994,36.70316636634301,170336800
2017-10-20,36.586082458496094,36.93730885009765,36.518180261511354,36.67037693539485,95896400
2017-10-23,36.56734848022461,36.923258876422345,36.410467793715085,36.73593742722041,87937200
2017-10-24,36.785118103027344,36.86004455408749,36.57438009039656,36.59545281980158,71028800
2017-10-25,36.62355041503906,36.89048235124755,36.356618478830576,36.74062588833858,84828400
2017-10-26,36.85770034790039,36.95604331402396,36.71018411228514,36.815551320784685,68002000
2017-10-27,38.17829895019531,38.30708263949622,37.15974126637561,37.29788941814448,177816800
2017-10-30,39.037654876708984,39.35376015480773,38.3352018790324,38.375007120157456,178803200
2017-10-31,39.58087158203125,39.72370379205398,39.089156773406835,39.31393966510382,144187200
2017-11-01,39.077449798583984,39.79161087220423,38.777736884549874,39.77521859161404,134551200
2017-11-02,39.36311340332031,39.45443212407589,38.70046583563867,39.00954678149428,165573600
2017-11-03,40.39103698730469,40.8031413538152,40.067907548091114,40.74226339588994,237594400
2017-11-06,40.800804138183594,40.974077132087565,40.20840250453117,40.360599196993,140105200
2017-11-07,40.93192672729492,41.03495371627154,40.64860608046916,40.721192302831795,97446000
2017-11-08,41.26675796508789,41.26675796508789,40.81952886624543,40.896799095851144,97638000
2017-11-09,41.18246078491211,41.23397426792728,40.540886042815316,41.002163594359004,117930400
2017-11-10,41.046173095703125,41.21301948479117,40.95217745315184,41.149570453931894,100582000
2017-11-13,40.881683349609375,41.00622920302583,40.747735779498676,40.77123648552998,67928400
2017-11-14,40.263641357421875,40.76652550456512,40.22604167138977,40.66312816082855,99130000
2017-11-15,39.73255920410156,40.02395139204217,39.56806505998325,39.941702527131305,116632400
2017-11-16,40.20724868774414,40.38819046831197,40.01925382798055,40.226044946587166,94550000
2017-11-17,39.98400115966797,40.27539335981598,39.86415618944036,40.19314449145943,87598000
2017-11-20,39.944053649902344,40.080349830858985,39.845357157286216,40.01690080499732,65049600
2017-11-21,40.686622619628906,40.818217914850905,40.13203988569129,40.13203988569129,100525200
2017-11-22,41.114315032958984,41.123713161114964,40.66547821731747,40.73832536406179,102355600
2017-11-24,41.116668701171875,41.2412145322763,41.04146932390689,41.14721889639873,56106800
2017-11-27,40.90987777709961,41.142521838079375,40.73363325427664,41.13547234402277,82867200
2017-11-28,40.67018508911133,41.093169047048306,40.385842366921125,40.9592250832226,105715200
2017-11-29,39.82655334472656,40.634928634981506,39.28137226092645,40.56678234414522,166665600
2017-11-30,40.38349533081055,40.45164163340338,39.58216939495989,40.04980255459932,166108800
2017-12-01,40.195491790771484,40.3411860801524,39.596259841606546,39.93699845247975,159037200
2017-12-04,39.901756286621094,40.56443375483458,39.861807962801805,40.53153492429495,130169600
2017-12-05,39.86415100097656,40.30593830821929,39.572758838754304,39.727854840535656,109400800
2017-12-06,39.71611022949219,39.9957520830652,39.11688178406845,39.36127258539654,114240000
2017-12-07,39.78897476196289,40.05216549857776,39.69262687241464,39.72082485542199,102693200
2017-12-08,39.80070114135742,40.18374028093398,39.671458061647826,40.063895328843934,93420800
2017-12-11,40.57617950439453,40.62787817305208,39.66440689611033,39.760754740945146,141095200
2017-12-12,40.34823989868164,40.510385411386146,40.29184395388251,40.453985880883515,77636800
2017-12-13,40.48219299316406,40.78063113721467,40.4187439608563,40.53624030957972,95273600
2017-12-14,40.470436096191406,40.684280276853684,40.336488559171045,40.512733053753564,81906000
2017-12-15,40.881683349609375,40.92868117596768,40.5268456370442,40.801786686229825,160677200
2017-12-18,41.45740509033203,41.64069908023622,41.09081711052366,41.0955179677709,117684400
2017-12-19,41.015621185302734,41.21536639951182,40.909875195423,41.13076889046729,109745600
2017-12-20,40.97097396850586,41.22241426402957,40.712480593945386,41.09316757674933,93902400
2017-12-21,41.12606430053711,41.363409182938334,40.91222370421487,40.92867132591499,83799600
2017-12-22,41.12606430053711,41.222412152092,41.00621933431013,41.04851629214197,65397600
2017-12-26,40.08270263671875,40.29419461173564,39.87355571191482,40.1367499484313,132742000
2017-12-27,40.08975601196289,40.13205297678031,39.88061265261182,39.97225966208692,85992800
2017-12-28,40.202552795410156,40.383498184029406,40.06155573674765,40.183752948541546,65920800
2017-12-29,39.76781463623047,40.087404859849556,39.76546600002373,40.07095723499411,103999600
2018-01-02,40.4798469543457,40.48924867167386,39.774868754324814,39.98636436575381,102223600
2018-01-03,40.4727783203125,41.01796292499163,40.40933289402016,40.54327682411795,118071600
2018-01-04,40.660770416259766,40.76416773683325,40.43752815722298,40.54562274822063,89738400
2018-01-05,41.12372970581055,41.21067587262019,40.66549457765816,40.75714160328864,94640000
2018-01-08,40.97097396850586,41.26706344560852,40.87227389043468,40.97097396850586,82271200
2018-01-09,40.966278076171875,41.13782174424207,40.750085221111235,41.017976757349864,86336000
2018-01-10,40.95686340332031,40.959215624441406,40.65372449204269,40.69132417295086,95839600
2018-01-11,41.18952178955078,41.238871836202,41.00387912695732,41.02737624645928,74670800
2018-01-12,41.614837646484375,41.67828665091532,41.27644773712256,41.400993525192895,101672400
2018-01-16,41.403350830078125,42.1553265067191,41.391600481784714,41.80518620751153,118263600
2018-01-17,42.08719253540039,42.12244000488861,41.14017227430858,41.393961226031564,137547200
2018-01-18,42.124778747558594,42.32217528744394,41.887437475437274,42.150628081013636,124773600
2018-01-19,41.93679428100586,42.19998492909617,41.69005125556937,41.97204174790951,129700400
2018-01-22,41.59370422363281,41.77699822657557,41.499708586222475,41.66420274454242,108434400
2018-01-23,41.60310745239258,42.16709210309346,41.55141235547322,41.66420785133173,130756400
2018-01-24,40.9404296875,41.664207655116506,40.70073612243834,41.65245730262938,204420400
2018-01-25,40.2095947265625,41.11196569229976,40.07329855167976,41.00856834682296,166116000
2018-01-26,40.303585052490234,40.41873273310624,39.96284645298547,40.41873273310624,156572000
2018-01-29,39.46936798095703,39.98635110572601,39.26022466106717,39.98635110572601,202561600
2018-01-30,39.236732482910156,39.33072813120874,38.70329803527017,38.89834241190866,184192800
2018-01-31,39.34482192993164,39.58216682698936,39.12628046289826,39.21322660539064,129915600
2018-02-01,39.42707443237305,39.624467437367045,39.187380877335194,39.28372874371465,188923200
2018-02-02,37.716331481933594,39.19678633201018,37.62233582840989,39.008791439258424,346375200
2018-02-05,36.77399826049805,38.51059366698159,36.65885058000265,37.38732917324544,290954000
2018-02-06,38.310855865478516,38.47300138641009,36.18887227786028,36.38391663016176,272975200
2018-02-07,37.4907341003418,38.397806073513465,37.38029082924668,38.32495890960423,206434400
2018-02-08,36.4591178894043,37.8338266910309,36.430919911345654,37.66698028754072,217562000
2018-02-09,36.90506362915039,37.25426978743227,35.449247698677205,37.06079201336703,282690400
2018-02-12,38.39155578613281,38.669975998597984,37.164608760767116,37.39820134604815,243278000
2018-02-13,38.77614974975586,38.872890432207946,38.14144158485657,38.21222753787818,130196800
2018-02-14,39.491085052490234,39.53119625727271,38.43166824300534,38.46941763553242,162579600
2018-02-15,40.81713104248047,40.84072396278021,39.87568603465815,40.06208558641744,204588800
2018-02-16,40.68498992919922,41.24891573116311,40.5292651557663,40.668475247310404,160704400
2018-02-20,40.54814529418945,41.11678397015366,40.4466845808386,40.5953347328144,135722000
2018-02-21,40.364097595214844,41.083744521436586,40.3499375255703,40.77936963005102,149886400
2018-02-22,40.70151138305664,41.04363930940027,40.51511184260404,40.53634654968282,123967600
2018-02-23,41.40936279296875,41.44475397061122,40.946897669942075,40.977572424114385,135249600
2018-02-26,42.228111267089844,42.32721016237523,41.57688841221877,41.6099213773139,152648800
2018-02-27,42.09125900268555,42.584395262979314,42.03699133201746,42.25878563864765,155712400
2018-02-28,42.02753829956055,42.61741506033508,42.011023622426315,42.29652195846085,151128400
2018-03-01,41.29139709472656,42.419241824488026,40.73927299193772,42.12666148610014,195208000
2018-03-02,41.57687759399414,41.59811229453224,40.68970059029841,40.77228478170957,153816000
2018-03-05,41.72081756591797,41.937891845850366,41.17813006592543,41.3409366759555,113605600
2018-03-06,41.685420989990234,42.058223628667385,41.55800916173692,41.97800123308853,95154000
2018-03-07,41.29846954345703,41.491950933737805,41.11914822589629,41.27723483486239,126814000
2018-03-08,41.74913024902344,41.79159965990496,41.30790345669109,41.404640537140025,95096400
2018-03-09,42.46642303466797,42.47114305865393,41.855311340290505,41.98980502146482,128740800
2018-03-12,42.8769645690918,43.03505111739825,42.520680282638956,42.53955317171004,128828400
2018-03-13,42.46406173706055,43.29696769404827,42.29181867748533,43.082251622332656,126774000
2018-03-14,42.10305404663086,42.59383205779314,41.954403916235314,42.546642626018915,117473600
2018-03-15,42.15260696411133,42.527771454416616,42.01575867494015,42.11721578593315,90975200
2018-03-16,42.00395965576172,42.263503358462046,41.90957718178804,42.152606201744995,157618800
2018-03-19,41.36217498779297,41.874187779718625,40.97521582890189,41.838796600679935,133787200
2018-03-20,41.34800338745117,41.71608591607028,41.27721745495009,41.34800338745117,78597600
2018-03-21,40.411285400390625,41.31261538072816,40.408923588716824,41.30081712332717,148219600
2018-03-22,39.840293884277344,40.743982276911176,39.78130618447849,40.111635863222695,165963200
2018-03-23,38.917720794677734,40.09275462767348,38.917720794677734,39.731750235606576,164115200
2018-03-26,40.765220642089844,40.843084837972036,39.27165164905539,39.65625260438527,150164800
2018-03-27,39.71995162963867,41.32677579210551,39.38490196935786,40.97992787329814,163690400
2018-03-28,39.28107452392578,40.11634208181296,38.976699681852395,39.46275758487312,166674000
2018-03-29,39.58782196044922,40.52454685406839,39.38018411995231,39.59490019589132,153594000
2018-04-02,39.328285217285156,39.86153643255992,38.806835864679655,39.3188487676036,150347200
2018-04-03,39.731746673583984,39.81668908765055,38.90356083667704,39.55478361097221,121112000
2018-04-04,40.491519927978516,40.58589881483221,38.87761720064357,38.903571934576895,138422000
2018-04-05,40.77229309082031,41.10970095809457,40.602408251249656,40.720383634266895,107732800
2018-04-06,39.72939682006836,40.69679293899682,39.68692380393867,40.340508527436434,140021200
2018-04-09,40.1234245300293,40.840713203942585,40.076235101537556,40.08331333579518,116070800
2018-04-10,40.87846755981445,41.05543062284395,40.47263198057431,40.819479872137954,113634400
2018-04-11,40.68735122680664,41.03655735721723,40.51274636143984,40.637799981120445,89726400
2018-04-12,41.08847427368164,41.291392116093675,40.82892694025101,40.91623118894513,91557200
2018-04-13,41.2276725769043,41.489578047302736,41.020038369971196,41.2394708341934,100497200
2018-04-16,41.484867095947266,41.57216773081966,41.25127453197681,41.29846396703424,86313600
2018-04-17,42.05588150024414,42.22104637792888,41.62409100551697,41.64296750587013,106421600
2018-04-18,41.96147537231445,42.19270967120227,41.7349646962607,41.95439713870792,83018000
2018-04-19,40.77229309082031,41.38340471077207,40.73926012758841,40.998803810032534,139235200
2018-04-20,39.101776123046875,40.39950583033999,39.033348358662515,40.253217451803465,261964400
2018-04-23,38.98849868774414,39.38489417344767,38.71715319663589,39.363659472496906,146062000
2018-04-24,38.4458122253418,39.24568504985163,38.039976684850195,39.08995670517692,134768000
2018-04-25,38.613346099853516,39.030980014426014,38.32076941872852,38.37031706941815,113528400
2018-04-26,38.74783706665039,39.10412144545625,38.547277465141086,38.72424054871171,111852000
2018-04-27,38.299537658691406,38.773797496263754,37.90078020904052,38.69593329600734,142623200
2018-04-30,38.99321746826172,39.465118941871516,38.18626638042766,38.2546941102817,169709600
2018-05-01,39.89928436279297,39.922877284161515,38.99559230689959,39.26457609270235,214277600
2018-05-02,41.66183853149414,41.94025877438666,41.008253743909506,41.34566169253254,266157600
2018-05-03,41.737327575683594,41.881257675652265,41.15924896445039,41.49901861685661,136272800
2018-05-04,43.37483596801758,43.473934871914736,42.0393535768027,42.05823007282932,224805200
2018-05-07,43.68865203857422,44.28088726464388,43.5919113441793,43.69336846245429,169805600
2018-05-08,43.89863586425781,43.938747057989126,43.33707195137426,43.64852865609634,113611200
2018-05-09,44.207733154296875,44.21716960025953,43.70279868770983,44.016613620728904,92844800
2018-05-10,44.840084075927734,44.91794826437476,44.27616186292336,44.29740016909847,111957200
2018-05-11,44.66954803466797,45.01773347087515,44.39952704477328,44.88272478303111,104848800
2018-05-14,44.565330505371094,44.89219936371079,44.496642506114725,44.76903081192664,83115200
2018-05-15,44.1602897644043,44.309513095307935,43.842897435560666,44.240821499029245,94780800
2018-05-16,44.572425842285156,44.63875013515984,44.05607147062038,44.072653447390536,76732400
2018-05-17,44.29056930541992,44.74534126899987,44.14134595601487,44.5297972341273,69176000
2018-05-18,44.12950134277344,44.48479227123444,44.086868166177105,44.33793984401655,73190800
2018-05-21,44.4421501159668,44.83060130803691,44.271610215623284,44.52978737073579,73603200
2018-05-22,44.3308219909668,44.73822243148449,44.24081382423224,44.61979215492016,60962800
2018-05-23,44.61505889892578,44.64821923548736,43.99921994654716,44.13897043524761,80233600
2018-05-24,44.565330505371094,44.72876493454094,44.10582387356602,44.7121865681853,92936000
2018-05-25,44.667171478271484,44.92061043575837,44.446889245339804,44.58426882426589,69844000
2018-05-29,44.50611114501953,44.70744412716881,44.26214498408461,44.435055847043465,90056400
2018-05-30,44.41136169433594,44.529791992187505,44.24082177629322,44.4634713145271,74762000
2018-05-31,44.26213455200195,44.58426507899445,44.08922734400177,44.34503719904336,109931200
2018-06-01,45.06037521362305,45.065109824799436,44.470590843531724,44.52743870551148,93770000
2018-06-04,45.43696975708008,45.813577247196406,45.32327767999337,45.39196566438581,105064800
2018-06-05,45.78752899169922,45.936752349006156,45.56251211021858,45.73068475212057,86264000
2018-06-06,45.946224212646484,45.96991172144103,45.45829189081266,45.863325160278386,83734400
2018-06-07,45.82305145263672,45.998325976607795,45.55776513347636,45.9841149194432,85388800
2018-06-08,45.406185150146484,45.47724406684225,44.949045837835435,45.280649296806835,106627200
2018-06-11,45.29486083984375,45.47013902099971,45.05326558039364,45.32328657534887,73234000
2018-06-12,45.54356384277344,45.621728288146265,45.27591016142466,45.33275801647942,67644400
2018-06-13,45.16931915283203,45.68567717972302,45.107736693234806,45.57671970513663,86553600
2018-06-14,45.192996978759766,45.37538062761914,45.05561741597528,45.37064240429404,86440400
2018-06-15,44.72875213623047,45.04140984417357,44.59137256281962,45.010616811486706,246876800
2018-06-18,44.705078125,44.81877021928192,44.34031071846099,44.501377831716354,73939600
2018-06-19,43.98263931274414,44.13422993122219,43.45207034096824,43.85236527791017,134314000
2018-06-20,44.174503326416016,44.34030502892865,43.9921196465491,44.138975680951184,82514800
2018-06-21,43.92817306518555,44.61270012628192,43.805004528313106,44.3521519933222,102847600
2018-06-22,43.80027770996094,44.09161534235187,43.748168069799014,44.08450981089408,108801600
2018-06-25,43.14889144897461,43.80025804433811,42.807811635311374,43.440228950559614,126652400
2018-06-26,43.684200286865234,44.181609010352446,43.236533881409166,43.34312404658933,98276800
2018-06-27,43.62025451660156,44.35925852613653,43.589461478135476,43.8736935114792,101141200
2018-06-28,43.93765640258789,44.105829076644106,43.534993967022864,43.606052894288965,69460800
2018-06-29,43.84525680541992,44.33792718593764,43.32416431528557,44.12475052119732,90950800
2018-07-02,44.3355712890625,44.3639970225155,43.44497661534085,43.53972303650682,70925200
2018-07-03,43.56340026855469,44.51794817879896,43.47339208576447,44.480049616128774,55819200
2018-07-05,43.9139518737793,44.153183382408514,43.6486691699271,43.88079153579777,66416800
2018-07-06,44.52268981933594,44.63164367761645,43.866584907806946,43.91869453192585,69940800
2018-07-09,45.14089584350586,45.16457973616899,44.83771454945132,44.88508594898369,79026400
2018-07-10,45.08641815185547,45.30669678234647,45.04614866801793,45.17168811525335,63756400
2018-07-11,44.50137710571289,44.951410864966526,44.437423722507305,44.64822954235654,75326000
2018-07-12,45.24747848510742,45.33748666638349,44.84007797877105,44.89218759801447,72164400
2018-07-13,45.318538665771484,45.439336269681945,45.21668672920682,45.25932351624962,50055600
2018-07-16,45.219051361083984,45.63118643136163,45.10298838304426,45.36353645039654,60172400
2018-07-17,45.34696578979492,45.446446818275106,44.81402938523273,44.944303451411415,62138000
2018-07-18,45.09825134277344,45.429858311211845,44.98692658509407,45.42512008780695,65573600
2018-07-19,45.448814392089844,45.60751056495076,44.93008908489338,44.93008908489338,81147200
2018-07-20,45.3445930480957,45.57908272489699,45.043779079386574,45.42512478327583,82704800
2018-07-23,45.38486099243164,45.467763650455545,44.89929602587602,45.16457874882284,63957600
2018-07-24,45.714107513427734,45.87043641689366,45.48909060861234,45.58383342720613,74791600
2018-07-25,46.14519119262695,46.15229672262468,45.57909079862693,45.72831415699223,66839600
2018-07-26,46.00070571899414,46.41521183209491,45.858587891677,46.09544852773458,76304000
2018-07-27,45.23563766479492,46.23282240945553,45.027202788516604,46.18545101094709,96096000
2018-07-30,44.982200622558594,45.52460984500489,44.78323857177354,45.45355093709418,84118000
2018-07-31,45.07219696044922,45.51039046729489,44.84718013836855,45.07456787927678,157492000
2018-08-01,47.727413177490234,47.788995635314734,46.734966637859024,47.16605468524884,271742800
2018-08-02,49.122535705566406,49.35702907713583,47.45503812813853,47.509515071922785,249616000
2018-08-03,49.2646369934082,49.44228244159908,48.670114580370964,49.03724922947329,133789600
2018-08-06,49.52046203613281,49.563095221934475,49.046740695899274,49.26701938428851,101701600
2018-08-07,49.056209564208984,49.622306375427215,48.97330689069146,49.57967319307423,102349600
2018-08-08,49.089359283447266,49.22200064099449,48.442730858301594,48.8051272866738,90102000
2018-08-09,49.47544860839844,49.68862172565476,49.07752087819196,49.62940656928286,93970400
2018-08-10,49.32807922363281,49.70125633598421,49.12366454387893,49.28767213456168,98444800
2018-08-13,49.64658737182617,50.14098577778715,49.36848894851348,49.75117213824433,103563600
2018-08-14,49.85574722290039,50.04827658419916,49.50158590119398,49.95320152058138,82992000
2018-08-15,49.97222900390625,50.091074674801966,49.51823767063294,49.729782819752025,115230400
2018-08-16,50.70431137084961,50.820777790123,50.26458100196743,50.33113427780409,114001600
2018-08-17,51.71687698364258,51.80482160998279,50.66628180188151,50.732835080227886,141708000
2018-08-20,51.21296691894531,52.09717518066437,51.129773516725756,51.840471779221545,121150800
2018-08-21,51.11314392089844,51.62418247565934,50.8730769742885,51.53148299856422,104639200
2018-08-22,51.11552047729492,51.4268955346363,50.827912376468916,50.889714442548886,76072400
2018-08-23,51.22010040283203,51.590898256757924,51.008555287354746,51.02043695104915,75532800
2018-08-24,51.37935256958008,51.55524181137261,51.129775977789635,51.48393732247371,73905600
2018-08-27,51.80244827270508,51.99260205926306,51.41976509200178,51.61467009373441,82100400
2018-08-28,52.22078323364258,52.42044307564237,52.03538429080252,52.05677563954212,91107200
2018-08-29,53.00041961669922,53.12164453420154,52.15186332859498,52.327752617704384,109019200
2018-08-30,53.48767852783203,54.255420491383845,52.862549183026445,53.064588259852506,195175200
2018-08-31,54.10566711425781,54.400401979639746,53.718229168063196,53.839450414933395,173360400
2018-09-04,54.27919006347656,54.47409506019683,53.86798509477313,54.291075354871126,109560400
2018-09-05,53.92503356933594,54.590570051947005,53.50432250558196,54.42894168037912,133332000
2018-09-06,53.02893829345703,54.03912646728712,52.60109316504672,53.7729097057863,137160000
2018-09-07,52.60108184814453,53.568483487560215,52.46084486110648,52.73181277965507,150479200
2018-09-10,51.895145416259766,52.73181986344164,51.453039423775884,52.51789550308268,158066000
2018-09-11,53.20720291137695,53.31416327895251,51.47443117450257,51.819082859748995,142996000
2018-09-12,52.546417236328125,53.48054230094829,52.254054327061674,53.46628140330239,197114800
2018-09-13,53.81568908691406,54.27681079764192,52.902955348685715,53.12876136243596,166825600
2018-09-14,53.20481872558594,53.917892612237615,52.8910681014375,53.65880997053903,127997200
2018-09-17,51.78818130493164,52.99327430298008,51.64318946769537,52.80312053870412,148780400
2018-09-18,51.87376022338867,52.73182612035608,51.60754345181269,51.76679621707651,126286800
2018-09-19,51.90464401245117,52.20175811450876,51.17493366377591,51.93554503966712,108495200
2018-09-20,52.299232482910156,52.83403807187251,52.09006291418025,52.34914926704162,106435200
2018-09-21,51.73590087890625,52.615358161575756,51.64795261182174,52.47749674130485,384986800
2018-09-24,52.479862213134766,52.591577417865714,51.49106912987414,51.53623105862259,110773600
2018-09-25,52.81264114379883,52.962387853503245,52.22078838214615,52.23267367491164,98217600
2018-09-26,52.391910552978516,53.18342293626122,52.23503344056983,52.52977192810606,95938800
2018-09-27,53.46866226196289,53.822823638105476,53.13351662684291,53.20007353386287,120724800
2018-09-28,53.65644454956055,53.68021150749879,53.24761515344968,53.43063487441406,91717600
2018-10-01,54.017730712890625,54.53114485959022,53.80143435756826,54.18173831199316,94403200
2018-10-02,54.497867584228516,54.6690056311374,53.86798701357902,54.01535447685207,99152800
2018-10-03,55.16103744506836,55.493803909107605,54.6167221819612,54.68089986676964,114619200
2018-10-04,54.19123840332031,55.22757257070234,53.89174505732123,54.854395505253095,128168000
2018-10-05,53.31179428100586,54.2910851641237,52.429961354179326,54.18412477601061,134322000
2018-10-08,53.18818664550781,53.43300841014067,52.33962690889907,52.81738877390393,118655600
2018-10-09,53.92503356933594,54.02011228221298,52.82690073050101,53.15729155062436,107564000
2018-10-10,51.42689514160156,53.80143278031329,51.35321141126795,53.58988764646959,167962400
2018-10-11,50.972904205322266,52.173246128647,50.46662414652664,50.98954433906838,212497600
2018-10-12,52.793609619140625,52.976632917747914,51.54097557525715,52.391910781169265,161351600
2018-10-15,51.66458511352539,52.72706559694503,51.643193765320575,52.56781284883967,123164000
2018-10-16,52.80312728881836,53.002790761616964,51.521971170529746,52.03776091925562,116736000
2018-10-17,52.574947357177734,52.91959907009634,52.13521693342788,52.83878488605126,91541600
2018-10-18,51.3460807800293,52.230292794668074,50.628251966665175,51.783431945346045,130325200
2018-10-19,52.128082275390625,52.59157961927058,51.6812214377619,51.83096812843146,132314800
2018-10-22,52.446598052978516,53.09074324570281,52.04014785130489,52.2421833347185,115168400
2018-10-23,52.940982818603516,53.064583311496406,51.032321948658556,51.30091428122922,155071200
2018-10-24,51.125030517578125,53.29752926546204,50.994299552472214,52.91009483945264,163702000
2018-10-25,52.24455261230469,52.62010533134007,51.51959336438453,51.747778626324624,119423200
2018-10-26,51.41262435913086,52.33724328911482,50.54980385599294,51.31754567142799,189033600
2018-10-29,50.447608947753906,52.21840862255408,48.98580509899584,52.099562958112706,183742000
2018-10-30,50.699554443359375,51.14641161603836,49.74165880531733,50.18851597799631,146640000
2018-10-31,52.021121978759766,52.39905030375529,51.488692121005904,51.55049418486191,153435600
2018-11-01,52.81976318359375,52.85303982190919,51.53385232640144,52.06628216633005,233292800
2018-11-02,49.31618881225586,50.782743665431,48.82892093271074,49.808211533222085,365314800
2018-11-05,47.91618347167969,48.58171977004051,47.10327974275993,48.56032842564602,264654800
2018-11-06,48.434364318847656,48.660170361583134,47.93996590712427,47.99463389861388,127531600
2018-11-07,49.90330123901367,49.929447434177476,48.51993938394583,48.957290624065514,133697600
2018-11-08,49.72917175292969,50.11795793851599,49.314144510660114,50.08456519301405,101450400
2018-11-09,48.77032470703125,49.13764496018798,48.24080849566863,49.02792748333226,137463200
2018-11-12,46.31355667114258,47.6683559287569,46.2229176546034,47.46561190950973,204542000
2018-11-13,45.850826263427734,47.03150282339623,45.66478043650113,45.70771604861924,187531600
2018-11-14,44.555660247802734,46.38749717915927,44.34814479763792,46.249154758894875,243204000
2018-11-15,45.655242919921875,45.78881391455648,44.579512354740395,44.93490946795768,185915200
2018-11-16,46.1609001159668,46.504370426945854,45.190122983790346,45.43818285308844,147713200
2018-11-19,44.33145523071289,45.485894487494335,44.12394339674172,45.318930733751046,167701200
2018-11-20,42.21337890625,43.28433781544714,41.86275329872245,42.54492242716306,271300800
2018-11-21,42.16567611694336,42.99811441475572,42.11081739184629,42.869311238136255,124496800
2018-11-23,41.0947151184082,42.122742025303964,41.04939925881074,41.72679693128678,94496000
2018-11-26,41.65047836303711,41.7291906211315,40.61052809295259,41.559842983034116,179994000
2018-11-27,41.55983352661133,41.68624916218561,40.75840410963968,40.908669623141016,165549600
2018-11-28,43.15792465209961,43.241404691349224,41.72441329406135,42.153751168677935,184250000
2018-11-29,42.82639694213867,43.601589299121414,42.385132144656595,43.56819654317135,167080000
2018-11-30,42.59502410888672,43.01243530513629,42.22531632144402,43.00289243965284,158126000
2018-12-03,44.08339309692383,44.112014413399635,43.222333310755275,43.997525507959715,163210000
2018-12-04,42.14421463012695,43.5037816201011,42.04403639292215,43.16031129852104,165377200
2018-12-06,41.6743278503418,41.688638506875606,40.64868833749596,40.968305131871844,172393600
2018-12-07,40.1883430480957,41.61946685619812,40.14302354518002,41.380946221514385,169126400
2018-12-10,40.45310592651367,40.56997872215514,38.95758034947598,39.355909420196625,248104000
2018-12-11,40.22173309326172,40.97545548225458,39.83294332015604,40.944450276710064,189126800
2018-12-12,40.33385467529297,41.00648120425295,40.31477258120042,40.64392869556922,142510800
2018-12-13,40.77511215209961,41.161518153545806,40.441184634343124,40.66539467035261,127594400
2018-12-14,39.47039794921875,40.32907378432896,39.42269454494295,40.30999169471135,162814800
2018-12-17,39.10308074951172,40.154957818787345,38.814469126142306,39.46324566504677,177151600
2018-12-18,39.61112594604492,39.95936405561725,39.210409362967404,39.44654611582752,135366000
2018-12-19,38.375587463378906,39.94028235444971,37.94624956289331,39.59442813777997,196189200
2018-12-20,37.40719223022461,38.66658091227843,37.04225594392129,38.258709018420305,259092000
2018-12-21,35.95221710205078,37.72442745105451,35.689846566783444,37.4143498734328,382978400
2018-12-24,35.02198791503906,36.14780568830747,34.964741648088754,35.33683328442493,148676800
2018-12-26,37.48828887939453,37.5025995355937,34.99574889753749,35.3726119487725,234330000
2018-12-27,37.244991302490234,37.39287655361621,35.7947892156851,37.17105049669506,212468400
2018-12-28,37.26409149169922,37.810305984872244,36.86337842450516,37.56701382862591,169165600
2018-12-31,37.62425231933594,38.010654645458565,37.323713941652436,37.81268204986064,140014000
2019-01-02,37.667179107666016,37.889005195870084,36.7870373619735,36.94446185817818,148158800
2019-01-03,33.91524887084961,34.757226401323194,33.869929368945684,34.342199196005986,365248800
2019-01-04,35.363075256347656,35.43224829276365,34.2992750451496,34.473394125186296,234428400
2019-01-07,35.284358978271484,35.49902975289931,34.80016233661309,35.46802090289458,219111200
2019-01-08,35.95699691772461,36.212215823587805,35.42509675519286,35.673156691404685,164101200
2019-01-09,36.56760025024414,36.858595734256404,35.689846005675946,36.0857875184234,180396400
2019-01-10,36.68447494506836,36.72502301688656,35.983223685249385,36.37439738697707,143122800
2019-01-11,36.32430648803711,36.660621462294706,36.13826068090229,36.465036431002055,108092800
2019-01-14,35.77809143066406,36.08101362384701,35.59204564638746,35.98083540458543,129756800
2019-01-15,36.5103645324707,36.58668926231533,35.79003101446399,35.8425058585296,114843600
2019-01-16,36.956390380859375,37.180600375929615,36.49365973393336,36.512741822826186,122278800
2019-01-17,37.17582702636719,37.60516490547045,36.555671907714014,36.77988189121995,119284800
2019-01-18,37.40481185913086,37.657643177830934,37.204451737553185,37.56700416186809,135004000
2019-01-22,36.56521224975586,37.38333624002548,36.403016333486455,37.307011533190845,121576000
2019-01-23,36.713104248046875,37.00409978164385,36.1835880239302,36.76796298779607,92522400
2019-01-24,36.42210006713867,36.84666650430049,36.193122296744185,36.758415034412614,101766000
2019-01-25,37.6290168762207,37.71727199264311,36.8085088877834,37.08519007898912,134142000
2019-01-28,37.2807731628418,37.28792849018852,36.6510788795798,37.15912531887596,104768400
2019-01-29,36.894371032714844,37.7172701564587,36.75841615979378,37.268850186364794,166348800
2019-01-30,39.41554641723633,39.63021359546392,38.21817146161812,38.93850500825314,244439200
2019-01-31,39.699378967285156,40.30999127047661,39.25095896483175,39.62066671326708,162958400
2019-02-01,39.71845245361328,40.30521110805666,39.577722529588904,39.823402102905106,130672400
2019-02-04,40.8466682434082,40.944462599990764,39.8997408110696,39.93074966548283,125982000
2019-02-05,41.545528411865234,41.76019919785471,41.109038790046775,41.23068302109854,144406400
2019-02-06,41.55983352661133,41.87706638328092,41.228290015278354,41.65762421332307,112958400
2019-02-07,40.77272033691406,41.48828228416903,40.62960649164856,41.12095844643784,126966800
2019-02-08,40.82063674926758,40.88052266539931,40.34394354100636,40.4804851842569,95280000
2019-02-11,40.585872650146484,41.012263644587904,40.54275655421891,40.973935789221976,83973600
2019-02-12,40.93560791015625,40.96195785381189,40.650550425648554,40.746370064007905,89134000
2019-02-13,40.76552963256836,41.316480664397695,40.70324961006937,41.05537900777508,89960800
2019-02-14,40.9140510559082,41.02423907430446,40.573899553885575,40.65294938715884,87342800
2019-02-15,40.82302474975586,41.12964030196994,40.66253095720206,41.02184640012285,98507200
2019-02-19,40.94519805908203,41.06736767097215,40.60025824207381,40.652958142272226,75891200
2019-02-20,41.20869445800781,41.517707818195674,40.95957066639744,41.00747866611334,104457600
2019-02-21,40.97633361816406,41.290135195189876,40.79428177141705,41.153597223916066,68998800
2019-02-22,41.43385314941406,41.441039164372015,41.052979736063,41.100887720830976,75652800
2019-02-25,41.735687255859375,42.12853867814377,41.66861532926052,41.71892110178259,87493600
2019-02-26,41.7596435546875,41.992001179873725,41.481772052691156,41.611127666272104,68280800
2019-02-27,41.88899230957031,41.920134150299994,41.3763691010239,41.49135267211243,111341600
2019-02-28,41.47698211669922,41.89858128590096,41.42188809986802,41.75725140765541,112861600
2019-03-01,41.91294860839844,41.95606470668543,41.41469742681215,41.747662921340286,103544800
2019-03-04,42.123741149902344,42.57887250221398,41.67339803761648,42.08541329882588,109744800
2019-03-05,42.04708480834961,42.15967058470901,41.80993534545842,42.14529855456015,78949600
2019-03-06,41.805152893066406,42.03751049302754,41.666217157151316,41.84108297341277,83241600
2019-03-07,41.32128143310547,41.785996719263494,41.20630149951515,41.64945507831872,99185600
2019-03-08,41.41950225830078,41.4578301277341,40.60265735984391,40.79908494932955,95997600
2019-03-11,42.85435104370117,42.907050931145044,42.00397413888829,42.037510098612074,128044000
2019-03-12,43.33584213256836,43.757437636180654,42.96694286865486,43.117856536178195,129870400
2019-03-13,43.52747344970703,43.90834693397059,43.33823194019415,43.6568253981783,124130000
2019-03-14,44.011348724365234,44.09998235016081,43.73108312474761,44.05207070155969,94318000
2019-03-15,44.5838508605957,44.87370020664478,44.013739613921665,44.279633139418074,156171600
2019-03-18,45.03899002075195,45.12761998571348,44.50480514532851,44.50720292069204,104879200
2019-03-19,44.682071685791016,45.271350606371485,44.53594992962055,45.11804283392589,126585600
2019-03-20,45.07252883911133,45.391122295316464,44.250892314130574,44.61020774750013,124140800
2019-03-21,46.732566833496094,47.02960225648532,45.46777673422874,45.518082505798304,204136800
2019-03-22,45.764808654785156,47.35537812184152,45.70013085490152,46.792449161113716,169630800
2019-03-25,45.21147155761719,45.98759067420643,44.69884827308564,45.87500486195989,175381200
2019-03-26,44.744354248046875,46.203177772062595,44.21496485832889,45.91093424315701,199202000
2019-03-27,45.146785736083984,45.45579539339186,44.686862430594424,45.21385765635462,119393600
2019-03-28,45.206668853759766,45.40788460216888,44.921611382607544,45.26176285876922,83121600
2019-03-29,45.50130844116211,45.53245028041847,45.16355107046687,45.47256437732267,94256000
2019-04-01,45.81031799316406,45.91571410365168,45.12522317169622,45.90613396820559,111448000
2019-04-02,46.476253509521484,46.581653285633685,45.764808675909656,45.77438881230826,91062800
2019-04-03,46.79484558105469,47.07031926994019,46.267846716002644,46.29180253901243,93087200
2019-04-04,46.87628936767578,47.0391772671093,46.26545243450927,46.660697926775335,76457200
2019-04-05,47.190086364746094,47.214042185364896,46.93377297367608,47.058336661632765,74106400
2019-04-08,47.93268585205078,47.96382404106772,47.0319993882877,47.051163318915215,103526800
2019-04-09,47.78895568847656,48.59142833628125,47.72427788290095,47.98538322572627,143072800
2019-04-10,48.057247161865234,48.08599488612335,47.47276005561383,47.592531883775315,86781200
2019-04-11,47.657196044921875,48.148261130767175,47.53503013103932,48.11233105466792,83603200
2019-04-12,47.638038635253906,47.94226005670454,47.00085538268717,47.717088468629846,111042800
2019-04-15,47.724273681640625,47.87279320933779,47.43203017716153,47.56857179300715,70146400
2019-04-16,47.72908020019531,48.23691165300467,47.563794469383716,47.77938598332578,102785600
2019-04-17,48.65849685668945,48.71838276188199,47.57575866736756,47.79853248021393,115627200
2019-04-18,48.833370208740234,48.902836261214354,48.51238258463225,48.65610658617578,96783200
2019-04-22,48.99384689331055,49.0920606358763,48.46924588147553,48.58662354857691,77758000
2019-04-23,49.70051193237305,49.7651897366991,48.84294528794384,48.96990312097358,93292000
2019-04-24,49.62385559082031,49.940051258313886,49.597505647267056,49.6717635822411,70162400
2019-04-25,49.17351531982422,49.76758248967233,49.135187462377075,49.54480867165891,74172800
2019-04-26,48.93877029418945,49.106450124561164,48.41656321657909,49.08249429658827,74596400
2019-04-29,49.01301956176758,49.33879902670251,48.83336184923314,48.962713793993906,88818800
2019-04-30,48.0692138671875,48.72316687302299,47.69552643528151,48.641722926098915,186139600
2019-05-01,50.42872619628906,51.57613857993993,50.11971286557231,50.27541841873172,259309200
2019-05-02,50.100555419921875,50.938958236498166,49.856223516510624,50.26584113144174,127985200
2019-05-03,50.72336959838867,50.744927650380774,50.35926221466652,50.517361906234235,83569600
2019-05-06,49.94004821777344,50.02628405913867,48.74712212484204,48.93635995873355,129772400
2019-05-07,48.59381866455078,49.68613698164829,48.107545410712596,49.31724141689522,155054800
2019-05-08,48.603397369384766,49.18788436696664,48.327923677888684,48.36385375759845,105358000
2019-05-09,48.08119583129883,48.31115566025096,47.10864931624228,48.00454011821773,139634400
2019-05-10,47.415103912353516,47.81668552890856,46.35465119827149,47.47281709736525,164834800
2019-05-13,44.659358978271484,45.56351008387893,43.96922252898271,45.13788778025191,229722400
2019-05-14,45.366336822509766,45.61641996040873,44.58482197139578,44.825288079430855,146118800
2019-05-15,45.90978240966797,46.10936969140274,44.731500114707785,44.79161663321027,106178800
2019-05-16,45.70780563354492,46.28251957774741,45.40962629053099,45.6669268288871,132125600
2019-05-17,45.448089599609375,45.90497368874235,44.90944425380547,44.95032304753032,131516400
2019-05-20,44.026939392089844,44.329929040318554,43.35123020710624,44.13034172783792,154449200
2019-05-21,44.87097930908203,45.20763040826336,44.414091481082465,44.53913489044487,113459200
2019-05-22,43.952388763427734,44.65695626906418,43.89708259372516,44.40446615722558,118994400
2019-05-23,43.202144622802734,43.41375231638336,42.757280826698924,43.23580973331932,146118800
2019-05-24,43.03622055053711,43.798497688677664,42.95205594327224,43.33199284223706,94858800
2019-05-28,42.858272552490234,43.425772702897646,42.781325307449706,43.02419475079899,111792800
2019-05-29,42.65388107299805,43.12759961775198,42.322036656878375,42.42303198586659,113924800
2019-05-30,42.8751106262207,43.09874236022646,42.48314967010351,42.790946015164984,84873600
2019-05-31,42.09839630126953,42.80055677977792,42.079158575516026,42.37733415164283,108174400
2019-06-03,41.67278289794922,42.78373529332015,40.944170785501775,42.22585575514875,161584400
2019-06-04,43.19733428955078,43.24302344010268,41.96614891107454,42.187377304443125,123872000
2019-06-05,43.89468002319336,44.483824900129896,43.558028952848034,44.31309235566953,119093600
2019-06-06,44.53913497924805,44.59925150916613,43.800902230627514,44.02453762991812,90105200
2019-06-07,45.724632263183594,46.15025833239398,44.67139312932352,44.849335713763274,122737600
2019-06-10,46.3089599609375,46.979858736253505,46.07811090053658,46.12380004462165,104883600
2019-06-11,46.84520721435547,47.13136250233804,46.55424524550843,46.85723125496067,107731600
2019-06-12,46.69610595703125,47.12413526109655,46.50373237033179,46.63839278025512,73012800
2019-06-13,46.68648910522461,47.32131942516959,46.554235693369584,46.81874618630091,86698400
2019-06-14,46.347442626953125,46.55183663331729,45.760704690148856,46.06128734882138,75046000
2019-06-17,46.62398147583008,46.88128201644807,46.210379406074495,46.385918667435874,58676400
2019-06-18,47.72050094604492,48.162957727769786,46.941393062838486,47.143383723727425,106204000
2019-06-19,47.58102035522461,48.06435950685173,47.44635994236846,48.016263357213624,84496800
2019-06-20,47.96337127685547,48.23990583198723,47.61950283613574,48.18219264543537,86056000
2019-06-21,47.79985427856445,48.297620900261016,47.64835945122694,47.804664628269926,191202400
2019-06-24,47.751766204833984,48.131703143821035,47.65317420747451,47.74214550453341,72881600
2019-06-25,47.02796173095703,47.91527864823954,46.9606278404111,47.71569132459254,84281200
2019-06-26,48.045135498046875,48.33129079167597,47.455994188986914,47.55698952746387,104270000
2019-06-27,48.03069305419922,48.470746392632805,47.98981426353218,48.16294645432512,83598800
2019-06-28,47.59305953979492,47.97299649368566,47.383855165326956,47.77581249123182,124442400
2019-07-01,48.4659423828125,49.17291329213038,48.24952069487889,48.85549628418299,109012000
2019-07-02,48.749698638916016,48.84588729468157,48.42026120732135,48.432285247944804,67740800
2019-07-03,49.15367889404297,49.16089258387397,48.74007688736449,48.881951013003054,45448000
2019-07-05,49.11040115356445,49.31479885027851,48.79058073137138,48.89879343505664,69062000
2019-07-08,48.09803009033203,48.42987081147416,47.71087952464831,48.28799669385143,101354400
2019-07-09,48.39139938354492,48.45632258883776,47.807064851358824,47.9008464837811,82312000
2019-07-10,48.86991882324219,48.99015185933584,48.468340922995935,48.538078138694054,71588400
2019-07-11,48.5140380859375,49.148868474716956,48.504421055917035,48.88916463350422,80767200
2019-07-12,48.88675308227539,49.055078598524155,48.62223893586943,48.68235545375978,70380800
2019-07-15,49.3460578918457,49.50476275463342,49.05509224982773,49.076733321677594,67789600
2019-07-16,49.17531967163086,49.562470256890315,48.93485356076714,49.196960740995394,67467200
2019-07-17,48.8987922668457,49.31720101266955,48.87955453485508,49.067117835235884,56430000
2019-07-18,49.45426559448242,49.5071684370674,48.98295036124043,49.05509093469467,74162400
2019-07-19,48.71601867675781,49.6562418608869,48.6607125098152,49.48550934221066,83717200
2019-07-22,49.829383850097656,49.83178719009663,48.961301111691014,48.97091814090827,89111600
2019-07-23,50.21893310546875,50.23576749157047,49.84620996366425,50.127558494071366,73420800
2019-07-24,50.17806625366211,50.29348896717759,49.81736706335707,49.93760012679208,59966400
2019-07-25,49.78130340576172,50.31513855235718,49.711566167489714,50.23097393215919,55638400
2019-07-26,49.95442581176758,50.43295097254841,49.81014469309944,49.89190228137479,70475600
2019-07-29,50.420928955078125,50.651778020354186,50.12275334607242,50.127563695346474,86693600
2019-07-30,50.20451354980469,50.53635795177346,49.8510280788088,50.199703200280354,135742800
2019-07-31,51.22890090942383,53.231984141806734,50.81049220631971,52.04167757423722,277125600
2019-08-01,50.12034606933594,52.42882203289072,49.71396145377212,51.43569589333076,216071600
2019-08-02,49.059898376464844,49.63941893170146,48.485184501744115,49.4230008933899,163448400
2019-08-05,46.49170684814453,47.76858103111007,46.308953964689074,47.609876221181764,209572000
2019-08-06,47.3718147277832,47.62911517813986,46.6600335620862,47.205892556128305,143299200
2019-08-07,47.86237716674805,47.98742058242515,46.60714733685603,46.9894876050677,133457600
2019-08-08,48.91801452636719,48.94206260285854,47.94653314519031,48.14131008941781,108038000
2019-08-09,48.514915466308594,48.9421549559732,48.104566960105785,48.58974259670762,98478800
2019-08-12,48.391807556152344,48.77077550265309,48.0707720711696,48.18422083966585,89927600
2019-08-13,50.44113540649414,51.206308904814755,48.39181964738536,48.52216679757895,188874000
2019-08-14,48.93974685668945,49.83043876979914,48.90112521072262,49.03871344329339,146189600
2019-08-15,48.69595718383789,49.5166469464052,48.196299281162744,49.11113069191211,108909600
2019-08-16,49.84492111206055,50.004232639767636,49.2028500578444,49.30905774298246,110481600
2019-08-19,50.774234771728516,51.348716104830906,50.696991479419985,50.83940465605558,97654400
2019-08-20,50.776641845703125,51.49836858844209,50.76698827677221,50.902160340780014,107537200
2019-08-21,51.32699203491211,51.570784266648715,51.075958705026295,51.411476424203315,86141600
2019-08-22,51.28355026245117,51.76148120099924,50.87078921336657,51.459756472568834,89014800
2019-08-23,48.9131965637207,51.18458108887087,48.51733388729023,50.55216358539117,187272000
2019-08-26,49.84251022338867,50.01147532640068,49.49733523572707,49.69043978909637,104174400
2019-08-27,49.280094146728516,50.339751177221146,49.12802371480747,50.17319854857676,103493200
2019-08-28,49.61078643798828,49.65664918600213,49.07733918085384,49.2656151166852,63755200
2019-08-29,50.450775146484375,50.52560595531345,49.8835350009433,50.327672812306375,83962000
2019-08-30,50.38561248779297,50.79836981530883,50.01388559438315,50.72837130541788,84573600
2019-09-03,49.65181350708008,49.96077929036558,49.29457251074922,49.82801969211884,80092000
2019-09-04,50.494232177734375,50.56423068697994,50.042853208775554,50.30112763465436,76752400
2019-09-05,51.48147201538086,51.648024629695904,51.05422883298523,51.172506234654826,95654800
2019-09-06,51.476646423339844,51.756647829615176,51.295611602876754,51.667338496798834,77449200
2019-09-09,51.6963005065918,52.24423356922281,50.9480254930661,51.85802449677151,109237600
2019-09-10,52.30699920654297,52.326310031519576,51.102516424328385,51.62148149410797,127111600
2019-09-11,53.970096588134766,53.99906466223968,52.555611127572114,52.63768304051297,177158400
2019-09-12,53.84940719604492,54.65320220033747,53.79389088518872,54.26216818647291,128906800
2019-09-13,52.801822662353516,53.29423575367592,52.38423670755513,53.10354736328125,159053200
2019-09-16,53.079402923583984,53.13492291521213,52.51457522050967,52.5556093339984,84632400
2019-09-17,53.27250289916992,53.30147096981127,52.89112250365821,53.09388426549887,73274800
2019-09-18,53.77216720581055,53.79147802752684,52.96837220728765,53.359406218345356,101360000
2019-09-19,53.335262298583984,54.011122539501734,53.19284547059725,53.588708047347104,88242400
2019-09-20,52.55561065673828,53.72147526283461,52.492853249204686,53.43664893268685,221652400
2019-09-23,52.79457473754883,53.06491885601095,52.536296659033326,52.85009104405536,76662000
2019-09-24,52.54353713989258,53.70457671917052,52.425263431034026,53.352160697598734,124763200
2019-09-25,53.352169036865234,53.46561782079942,52.413201900566875,52.75354825236944,87613600
2019-09-26,53.07699203491211,53.33044150405339,52.82113009425691,53.10354395421572,75334000
2019-09-27,52.81871795654297,53.33527046730831,52.44699108394318,53.233887732480994,101408000
2019-09-30,54.06182098388672,54.20906277348867,53.29423149087837,53.32078340976273,103909600
2019-10-01,54.21147537231445,55.08768501439445,54.1173374202601,54.32734030035255,139223200
2019-10-02,52.852508544921875,53.967681745148056,52.60388402866276,53.84216325130935,138449200
2019-10-03,53.301483154296875,53.335276175134894,51.92803165887497,52.7245819619372,114426000
2019-10-04,54.795616149902344,54.911481082685206,54.042512502627346,54.46492706842939,138478800
2019-10-07,54.80768585205078,55.50044456107499,54.5132022602144,54.616997468728556,122306000
2019-10-08,54.165618896484375,55.04906973834583,54.148724227834826,54.50838141095232,111820000
2019-10-09,54.80044937133789,54.983896672215714,54.46493163540789,54.80044937133789,74770400
2019-10-10,55.539058685302734,55.62354306025497,54.8656108895864,55.01767760807332,113013600
2019-10-11,57.01631546020508,57.36148675350635,56.07493217425429,56.22941507530571,166795600
2019-10-14,56.93424606323242,57.479766709202984,56.64459107132722,56.70010738801131,96427600
2019-10-15,56.80147933959961,57.363890864446056,56.69527167001342,57.059753733218436,87360000
2019-10-16,56.572166442871094,56.78216931364028,56.28975259924604,56.33078671158516,73903200
2019-10-17,56.79183578491211,57.0018350202289,56.367008687270314,56.745973036242184,67585200
2019-10-18,57.06459045410156,57.34700433383881,56.55286285379047,56.625277519068376,97433600
2019-10-21,58.05424499511719,58.170109932280326,57.284246651344915,57.332521866914796,87247200
2019-10-22,57.921485900878906,58.46217417871,57.83941398742584,58.21114086159737,82293600
2019-10-23,58.69872283935547,58.713208717472334,58.22562061608776,58.43803596385183,75828800
2019-10-24,58.7952766418457,59.08976021494453,58.36803347707731,59.01975802880855,69275200
2019-10-25,59.5194206237793,59.555626113882134,58.626316264002334,58.69390230096949,73477200
2019-10-28,60.115623474121094,60.16389868427639,59.55320825206391,59.722173329188664,96572800
2019-10-29,58.725276947021484,60.28459173110838,58.55148691792792,60.096315823357926,142839600
2019-10-30,58.71803665161133,59.21045340411995,58.22321111070426,59.08010627656539,124522000
2019-10-31,60.045623779296875,60.14459035827578,57.26975672386108,59.67872922036852,139162000
2019-11-01,61.7497673034668,61.776315539223695,60.14217733942509,60.23389913674113,151125200
2019-11-04,62.15528106689453,62.23976544646401,61.64355721303343,62.114243271220836,103272000
2019-11-05,62.06598663330078,62.32184862160897,61.87046959254314,62.04667212494171,79897600
2019-11-06,62.0925178527832,62.152862783791214,61.64113894745518,61.97906908783515,75864400
2019-11-07,62.80915451049805,63.03189385122847,62.489574869274925,62.64210185206056,94940400
2019-11-08,62.9810676574707,63.053696051495024,62.184541790270266,62.63001317998629,69986400
2019-11-11,63.479793548583984,63.54515909416124,62.530740796809994,62.53558022626101,81821200
2019-11-12,63.421688079833984,63.62263893756078,63.16990473805835,63.32242435553221,87388800
2019-11-13,64.02935791015625,64.10440969122351,63.206204338539365,63.220730013040075,102734400
2019-11-14,63.586307525634766,64.12861905454648,63.455569071900534,63.85503988162355,89182800
2019-11-15,64.3416748046875,64.34651423338288,63.67588763125635,63.838093459620026,100206400
2019-11-18,64.66610717773438,64.745998404098,63.97126851204114,64.3513669250881,86703200
2019-11-19,64.4699935913086,64.88399011619691,64.25210107233796,64.85977819443546,76167200
2019-11-20,63.719444274902344,64.4191220022987,63.04397107168206,64.28839097336967,106234400
2019-11-21,63.433799743652344,63.91800872330465,63.232848879568735,63.84053351333404,121395200
2019-11-22,63.378108978271484,63.71705376455788,63.15053018138443,63.57421301135298,65325200
2019-11-25,64.48934936523438,64.50629844685929,63.5572459255858,63.60324635374478,84020400
2019-11-26,63.98579406738281,64.68063273174927,63.55242498633123,64.62736945146113,105207600
2019-11-27,64.84525299072266,64.87915115912348,64.23272904675291,64.2980945863872,65235600
2019-11-29,64.70240783691406,64.88398615638155,64.37556538418444,64.54504143773039,46617600
2019-12-02,63.95433044433594,64.94453703762537,63.782438305097465,64.70727194983836,94487200
2019-12-03,62.81401062011719,62.83337572770389,62.04895957270017,62.53800796502037,114430400
2019-12-04,63.368412017822266,63.74851775139017,63.11178190955831,63.20620618501214,67181600
2019-12-05,64.29808807373047,64.37314724066661,63.608096393266514,63.86472648524016,74424400
2019-12-06,65.54007720947266,65.61028955118721,64.71450035470659,64.7580847600285,106075600
2019-12-09,64.6225357055664,65.56189494931199,64.13590330142559,65.36821430674325,128042400
2019-12-10,65.00019836425781,65.38514351150229,64.36587856758632,65.02924971296446,90420400
2019-12-11,65.55461120605469,65.63450980225757,65.00503683196938,65.08008861116568,78756800
2019-12-12,65.72166442871094,65.98798077100976,64.71935596207432,64.8307219276027,137310400
2019-12-13,66.61504364013672,66.65135783305587,65.59336247817265,65.72167755211505,133587600
2019-12-16,67.75533294677734,67.98049565103152,67.05807849023363,67.06291791833162,128186000
2019-12-17,67.88851165771484,68.21777017270394,67.49871964004858,67.68514480049657,114158400
2019-12-18,67.72628784179688,68.24923427372028,67.5761842840897,67.74081351586915,116028400
2019-12-19,67.79409790039062,68.0749400006666,67.53505170645266,67.66820622307084,98369200
2019-12-20,67.6536636352539,68.43081679971336,67.44061055116062,68.32913707494946,275978000
2019-12-23,68.75767517089844,68.81820129340804,67.8788346899083,67.91757229492757,98572000
2019-12-24,68.82303619384766,68.97314717408389,68.49620106456034,68.92472332388611,48478800
2019-12-26,70.18850708007812,70.20545616603417,68.92714487279775,68.95619622675554,93121200
2019-12-27,70.16185760498047,71.17143628217687,69.7551239546679,70.48143721098629,146266000
2019-12-30,70.5782699584961,70.86153534910308,69.05301523859924,70.07953550019637,144114400
2019-12-31,71.09396362304688,71.10122646033071,70.09407115580855,70.19333485764807,100805600
2020-01-02,72.71607971191406,72.77660582997152,71.46681974859514,71.7210264890596,135480400
2020-01-03,72.0091323852539,72.77176000550182,71.78397699623217,71.9413434276417,146322800
2020-01-06,72.5829086303711,72.62164622763687,70.87607527260708,71.12786596061405,118387200
2020-01-07,72.24153137207031,72.84920835752393,72.021215493932,72.59257829912976,108872000
2020-01-08,73.40365600585938,73.70628659812324,71.9437663243162,71.9437663243162,132079200
2020-01-09,74.96279907226562,75.15647966923257,74.13238261481911,74.3841659131879,170108400
2020-01-10,75.13226318359375,75.69879404161257,74.62868922900458,75.19763610714092,140644800
2020-01-13,76.7374267578125,76.76406209011934,75.33080045122755,75.44943665950792,121532000
2020-01-14,75.70121002197266,76.88510420958616,75.57774178905865,76.6744745414686,161954400
2020-01-15,75.37679290771484,76.38394823058523,74.94342390604251,75.5002685322302,121923600
2020-01-16,76.32099914550781,76.43237250443956,75.5583716587375,75.92152830847965,108829200
2020-01-17,77.16593933105469,77.16835535095495,76.26288724448004,76.57035717765905,137816400
2020-01-21,76.64299774169922,77.23614913553814,76.5049964495613,76.79310129941813,110843200
2020-01-22,76.91658782958984,77.47100170840719,76.82216354627624,77.12963354237134,101832400
2020-01-23,77.28700256347656,77.3668937772688,76.42026453610515,76.96984634011159,104472000
2020-01-24,77.06425476074219,78.27961624864055,76.87299020657808,77.53393791090298,146537600
2020-01-27,74.79816436767578,75.48089322464955,73.81279759380895,75.06689673049003,161940000
2020-01-28,76.9141616821289,77.08605376922371,75.58258723533865,75.6818509443487,162234000
2020-01-29,78.524169921875,79.37395905172454,77.8075426954761,78.55080525794223,216229200
2020-01-30,78.41035461425781,78.46361788035526,77.1707812088342,77.60415017442514,126743200
2020-01-31,74.93375396728516,78.1222655759737,74.63838622980492,77.69858276990855,199588400
2020-02-03,74.72795867919922,75.89731989448796,73.16880546652003,73.67237945985059,173788400
2020-02-04,77.19499206542969,77.38625661675313,75.93120675854502,76.33794039127015,136616400
2020-02-05,77.8244857788086,78.62585099313237,77.21922459648295,78.32563642255818,118826800
2020-02-06,78.73478698730469,78.73721039613278,77.53637437960353,78.09563507421905,105425600
2020-02-07,77.66458892822266,78.48241627711123,77.17195067143345,78.23245711048376,117684000
2020-02-10,78.03343963623047,78.03343963623047,76.1648155367922,76.24489635857795,109348800
2020-02-11,77.5626449584961,78.60374012100387,77.34423530217373,78.53093937088862,94323200
2020-02-12,79.40458679199219,79.40943770675925,78.0140331926388,78.0140331926388,113730400
2020-02-13,78.8391342163086,79.16675238353734,78.47026476188894,78.67411425559266,94747600
2020-02-14,78.85855102539062,79.10851012138082,78.34892359887368,78.80758309855572,80113600
2020-02-18,77.41458892822266,77.59659814984073,76.3492247294839,76.53123395110197,152531200
2020-02-19,78.53577423095703,78.76632223582008,77.65727746459481,77.65727746459481,93984000
2020-02-20,77.7300796508789,78.78573476731503,77.222881436687,78.29552586031969,100566000
2020-02-21,75.9706802368164,77.766511287534,75.35185156797284,77.32240444012415,129554000
2020-02-24,72.36203002929688,73.81810418195764,70.19005719516358,72.13876947323553,222195200
2020-02-25,69.91097259521484,73.41768758581995,69.4377529242665,73.03425797216033,230673600
2020-02-26,71.02003479003906,72.28924910730535,69.5275598554886,69.53483993200922,198054800
2020-02-27,66.37757873535156,69.40621629434781,66.24167904417651,68.21709029357726,320605600
2020-02-28,66.3387451171875,67.56427882911555,62.215630206085294,62.431618127058165,426510000
2020-03-02,72.51492309570312,73.15317015362184,67.39682304876307,68.50343887480543,341397200
2020-03-03,70.2118911743164,73.77441717355254,69.35765634090362,73.69433636090781,319475600
2020-03-04,73.46863555908203,73.62880458228122,71.13649400429283,71.93976087414214,219178400
2020-03-05,71.0855484008789,72.69450423193115,70.7191006767236,71.71650798671432,187572800
2020-03-06,70.14153289794922,70.57593051678296,68.24863907137488,68.43549929336439,226176800
2020-03-09,64.59387969970703,67.48660954634035,63.82458392757783,64.00659319733327,286744800
2020-03-10,69.24602508544922,69.51297346708441,65.37044115282052,67.25606172575357,285290000
2020-03-11,66.8410873413086,68.24620108036899,65.97472137640763,67.31674360006403,255598800
2020-03-12,60.24020767211914,65.52333058622261,60.18439253845632,62.11126440817364,418474000
2020-03-13,67.45748138427734,67.93070839286551,61.38565181622262,64.28324334840872,370732000
2020-03-16,58.779296875,62.873287737827965,58.242974521961955,58.71619794935518,322423600
2020-03-17,61.36380386352539,62.516525256038406,57.85466436454099,60.0654699063461,324056000
2020-03-18,59.86162567138672,60.66974714775329,57.544040589745045,58.18714213130372,300233600
2020-03-19,59.40297317504883,61.35896558109421,58.87636011980493,60.036365596883776,271857200
2020-03-20,55.631744384765625,61.11386300197094,55.330821042511275,59.985403245758334,401693200
2020-03-23,54.449893951416016,55.45215955190559,51.595989830091725,55.350234801464175,336752800
2020-03-24,59.91260528564453,60.10917472444294,56.859702380225244,57.359620632722056,287531200
2020-03-25,59.582557678222656,62.67186075528643,59.28648895944169,60.851767993758266,303602000
2020-03-26,62.71795654296875,62.77619712859048,59.7863940034163,59.82522352915571,252087200
2020-03-27,60.12129211425781,62.094269712683214,59.95384302481118,61.3371124765635,204216800
2020-03-30,61.8370475769043,62.0093513301557,60.52415303960045,60.84934577792082,167976400
2020-03-31,61.71084976196289,63.700817094858024,61.15511640489983,62.0287624061651,197002000
2020-04-01,58.463802337646484,60.35912485054445,58.03183398758983,59.82037714150967,176218400
2020-04-02,59.43935775756836,59.49274742668,57.490645943955265,58.32546218498752,165934000
2020-04-03,58.58514404296875,59.62623542608821,57.99300663222972,58.92246773803886,129880000
2020-04-06,63.69597244262695,63.85128318813444,60.519304472441405,60.88817397325163,201820400
2020-04-07,62.95822525024414,65.93590198494132,62.853875034378305,65.71748491139161,202887200
2020-04-08,64.56961822509766,64.88509803559353,63.395052482452144,63.76149282104844,168895200
2020-04-09,65.03555297851562,65.54032952455171,64.2371442763535,65.20786042767898,161834800
2020-04-13,66.31204223632812,66.42125075775364,64.51136064871955,65.11320728466447,131022800
2020-04-14,69.66100311279297,69.95222087152594,67.47689214022147,67.95011914666873,194994800
2020-04-15,69.02519989013672,69.4862886004415,68.10302246952716,68.53256171861511,131154400
2020-04-16,69.57365417480469,69.94010189303526,68.52042803590564,69.74110330393147,157125200
2020-04-17,68.62963104248047,69.63675500516926,67.1881169210457,69.08829799292641,215250000
2020-04-20,67.20510864257812,68.35783414900595,67.18569757688921,67.4526460174679,130015200
2020-04-21,65.12777709960938,67.2827683027009,64.41430008220807,67.04736932204841,180991600
2020-04-22,67.00365447998047,67.44047359436702,66.05720812816075,66.39937890437872,116862400
2020-04-23,66.74402618408203,68.37482987612435,66.70519664308368,66.94787571984011,124814400
2020-04-24,68.67088317871094,68.68059241326806,67.22208912055947,67.27062788736906,126161200
2020-04-27,68.71942901611328,69.05189812563647,67.93800218832392,68.38695250061332,117087600
2020-04-28,67.60552978515625,69.36495298340253,67.51331796268283,69.18294368703222,112004800
2020-04-29,69.82604217529297,70.29684010085327,68.89415555935265,69.0980050622793,137280800
2020-04-30,71.2990951538086,71.47625350962926,69.97649890054853,70.36720857906009,183064000
2020-05-01,70.15122985839844,72.56103087905444,69.36980307576957,69.46687320779041,240616800
2020-05-04,71.14378356933594,71.27240315582554,69.48385993378157,70.17549663342325,133568000
2020-05-05,72.21157836914062,73.04639490337159,71.45927182415636,71.60488073705282,147751200
2020-05-06,72.95659637451172,73.58998507405805,72.52947892116252,72.91533768168664,142333600
2020-05-07,73.71131134033203,74.05834791180315,73.2817722099888,73.58512093632648,115215200
2020-05-08,75.46577453613281,75.51930873875061,74.04469357012428,74.37319856682336,133838400
2020-05-11,76.65325164794922,77.14965158521665,74.76252676945559,74.97179952522458,145946400
2020-05-12,75.7772445678711,77.79206581684177,75.65557660011677,77.3394571152635,162301200
2020-05-13,74.8623046875,76.88199755928032,73.78189245874619,75.95731647939719,200622400
2020-05-14,75.32220458984375,75.38303857132479,73.373081446864,74.09822517948626,158929200
2020-05-15,74.87689971923828,74.92313414173562,73.05188017652294,73.08595077247826,166348400
2020-05-18,76.64109802246094,77.01583751017019,75.51202293913698,76.20553196590271,135178400
2020-05-19,76.1982192993164,77.50736040977804,76.16658443916718,76.65812036126512,101729600
2020-05-20,77.68013763427734,77.75069971271533,77.02069186607584,77.05962650901947,111504800
2020-05-21,77.10099029541016,78.08406952411508,76.86251841252941,77.54142773114201,102688800
2020-05-22,77.59739685058594,77.68013017413679,76.73598559499173,76.83818252513326,81803200
2020-05-26,77.0718002319336,78.89924821688763,77.01583028852903,78.71918198527375,125522000
2020-05-27,77.40760040283203,77.55360346730318,76.18605652967298,76.92823567989113,112945200
2020-05-28,77.44165802001953,78.70457206303743,76.80411908559893,77.0815181781685,133560800
2020-05-29,77.36624145507812,78.14734786532948,77.00853727030466,77.68501099224073,153532400
2020-06-01,78.31769561767578,78.43936362161003,77.18861297667372,77.32001650020989,80791200
2020-06-02,78.68024444580078,78.70457952577789,77.6071320252172,78.05000523231972,87642800
2020-06-03,79.1133804321289,79.37618740858451,78.42717129207927,79.00144797787304,104491200
2020-06-04,78.43204498291016,79.23505064541881,78.05730554159499,78.93575218035002,87560400
2020-06-05,80.66584777832031,80.72668175100381,78.65346263531809,78.68266175404264,137250400
2020-06-08,81.142822265625,81.17689287086665,79.6487430542927,80.36171576772998,95654400
2020-06-09,83.70513916015625,84.09934224911986,80.78997894985643,80.82161381457999,147712400
2020-06-10,85.8586654663086,86.32830212094579,84.21614761710595,84.65658514258793,166651600
2020-06-11,81.7365493774414,85.42552350785493,81.63435243044103,84.99968556796321,201662400
2020-06-12,82.44220733642578,84.63223063265221,81.32773208201846,83.88275926094929,200146000
2020-06-15,83.46182250976562,84.11639702420574,80.92869354766594,81.09173195513233,138808800
2020-06-16,85.6737289428711,85.94627147951505,83.88277968678821,85.52286182278011,165428800
2020-06-17,85.55447387695312,86.48158312349922,85.43280591886547,86.42074914445539,114406400
2020-06-18,85.58855438232422,86.00709250366052,84.97777878565866,85.51068509788405,96820400
2020-06-19,85.09945678710938,86.76387395155108,83.98740960809002,86.29667304189616,264476000
2020-06-22,87.32595825195312,87.46952555006234,85.44740469919928,85.49363911693206,135445200
2020-06-23,89.1899185180664,90.61343520003089,88.15330507538052,88.5742789095001,212155600
2020-06-24,87.61553955078125,89.73986501886358,87.24080011710065,88.81761971025675,192623200
2020-06-25,88.77869415283203,88.81762879904495,87.0096443292993,87.77128710141119,137522400
2020-06-26,86.05088806152344,88.89548574168278,85.90244927933195,88.67404914924855,205256800
2020-06-29,88.03408813476562,88.12899272885664,85.47906041478672,85.95843257929042,130646000
2020-06-30,88.7689437866211,89.05608582615886,87.60093429970102,87.62039790653964,140223200
2020-07-01,88.60104370117188,89.39188548967921,88.55238096980085,88.84681537177396,110737200
2020-07-02,88.60104370117188,90.14866410882917,88.48668294073944,89.51112514748854,114041600
2020-07-06,90.97113800048828,91.44077455841791,90.00265833546331,90.03429319420877,118655600
2020-07-07,90.68888854980469,92.13186915393193,90.57695607635445,91.35076272390052,112424400
2020-07-08,92.80104064941406,92.83267551468656,91.58192502451845,91.6695298380442,117092000
2020-07-09,93.20010375976562,93.75003795219516,92.14889068283713,93.6965037466287,125642800
2020-07-10,93.36314392089844,93.42154960385396,92.18053466189855,92.79373863774762,90257200
2020-07-13,92.93245697021484,97.29060582388549,92.71832009209864,94.67230796587039,191649200
2020-07-14,94.47030639648438,94.66253642553353,91.37507321337583,92.31191055961413,170989200
2020-07-15,95.1200180053711,96.60193299733245,93.91793786080713,96.35129727473847,153198000
2020-07-16,93.9495849609375,94.80856064892015,93.34854481035306,93.98851960775556,110577600
2020-07-17,93.7597885131836,94.55793025313056,93.28528036834479,94.40219908305615,92186800
2020-07-20,95.73567199707031,95.87437528671072,93.50184950233145,93.8473898583791,90318000
2020-07-21,94.41436004638672,96.60438386189568,94.16372428454169,96.52895030233236,103433200
2020-07-22,94.67958068847656,95.36335409074172,94.02744214680403,94.11503952134649,89001600
2020-07-23,90.37010192871094,94.48977758073065,89.55736078613936,94.41190829825081,197004400
2020-07-24,90.146240234375,90.49178057488463,86.76873582504383,88.56212813927338,185438800
2020-07-27,92.28271484375,92.37518368443884,90.98817335217583,91.21203824708473,121214000
2020-07-28,90.76676177978516,92.02967618664417,90.76189030723391,91.85203823710414,103625600
2020-07-29,92.506591796875,92.69152948751328,91.21447855018052,91.25097745595819,90329200
2020-07-30,93.62593078613281,93.73056344929799,91.2680051315171,91.67680769413195,158130000
2020-07-31,103.42752075195312,103.57838786224833,98.13739181757805,100.142485220989,374336800
2020-08-03,106.03364562988281,108.66167105374215,105.01650308916155,105.31580157029778,308151200
2020-08-04,106.74175262451172,107.83676443958547,105.49830201297321,106.22344584387962,173071600
2020-08-05,107.12866973876953,107.44987502823912,105.99472313275119,106.46193150161834,121776800
2020-08-06,110.86629486083984,111.36270230609243,106.8707224953162,107.46202710488257,202428800
2020-08-07,108.34564971923828,110.84433996363158,107.54606913860891,110.3860424163052,198045600
2020-08-10,109.92044830322266,110.94186486752692,107.26086549559103,109.79612082851325,212403600
2020-08-11,106.65143585205078,109.68155371834231,106.39059512633617,109.18181853754392,187902400
2020-08-12,110.1958999633789,110.45430050917179,107.5509434007205,107.74596015397132,165598000
2020-08-13,112.1461181640625,113.15290889313627,111.09056951787859,111.58055905900497,210082000
2020-08-14,112.04615783691406,112.13635327859295,110.23003348739779,111.97058828094455,165565200
2020-08-17,111.7536392211914,113.19678878679046,111.12470373878634,113.17240982775472,119561600
2020-08-18,112.6848373413086,113.11144299917184,111.16855864835527,111.50496887171911,105633600
2020-08-19,112.82622528076172,114.24499562094896,112.73115702960943,113.09437890098116,145538000
2020-08-20,115.32980346679688,115.4443778648386,112.85061167913358,112.86767769232154,126907200
2020-08-21,121.27302551269531,121.75813472539492,116.28051759278713,116.29270335052242,338054800
2020-08-24,122.72350311279297,125.5781103847472,120.85131508513315,125.49278030711304,345937600
2020-08-25,121.71670532226562,122.0628686712799,119.98834358364527,121.59238528346616,211495600
2020-08-26,123.37194061279297,123.83023825240734,121.96779591940656,123.03797045440116,163022400
2020-08-27,121.8970718383789,124.31043926213947,120.74888793919068,123.97646919901595,155552400
2020-08-28,121.69963073730469,123.29391171689831,121.47535476838321,122.87461898845491,187630000
2020-08-31,125.82674407958984,127.73794429666664,122.86245023954196,124.4031081470526,225702700
2020-09-01,130.8387451171875,131.44331646895694,127.27964057724809,129.45410665665014,151948100
2020-09-02,128.12796020507812,134.54411128513743,123.83753197784804,134.16382339626398,200119000
2020-09-03,117.86993408203125,125.6317192300971,117.49939923565937,123.74978578666541,257599600
2020-09-04,117.94795227050781,120.61972095191703,108.12870745933931,117.08011491662583,332607200
2020-09-08,110.01063537597656,116.02699258808728,109.87412215270822,111.11249423218894,231366600
2020-09-09,114.39860534667969,116.17328508893047,112.38990394594923,114.34010179191337,176940500
2020-09-10,110.66394805908203,117.49939194752987,109.69860244063993,117.36287872631232,182274400
2020-09-11,109.21106719970703,112.3606396431834,107.26086957114084,111.71707085483806,180860300
2020-09-14,112.4874038696289,113.04320991624836,109.99115319560664,111.86334120112333,140150100
2020-09-15,112.66289520263672,115.87097054819286,110.78095457255097,115.38342123925263,184642000
2020-09-16,109.33782196044922,113.11145686330157,109.25006664242188,112.36063408677491,154679000
2020-09-17,107.5923843383789,109.40606847088276,106.00297617469543,106.98782792048597,178011000
2020-09-18,104.17955780029297,108.11895805599245,103.44823366112779,107.65091477299849,287104900
2020-09-21,107.33887481689453,107.44613627717712,100.53268210169752,101.93682671673261,195713800
2020-09-22,109.02579498291016,110.0496517037046,106.44178910174857,109.87413362126594,183055400
2020-09-23,104.45256805419922,109.31830814093878,104.1112775817434,108.84051189467765,150718700
2020-09-24,105.5251693725586,107.50461829692627,102.3853507589774,102.55111573189025,167743300
2020-09-25,109.48410034179688,109.64011973249772,104.9888939391714,105.7299711661724,149981400
2020-09-28,112.09735107421875,112.44838721832883,109.97163550795793,112.1461089873391,137672400
2020-09-29,111.2490234375,112.43864521637902,110.741975312434,111.69757545200666,99382200
2020-09-30,112.92617797851562,114.34007555606303,110.79071688597794,110.95648187938991,142675200
2020-10-01,113.88179016113281,114.78863234602518,112.94569620243965,114.7106226562807,116120400
2020-10-02,110.2056655883789,112.49715377159485,109.42559099443217,110.07890541970863,144712000
2020-10-05,113.5989990234375,113.74526531692963,110.72246082221426,111.07349695083026,106243800
2020-10-06,110.34217834472656,113.22846975785129,109.45483490950848,112.81892262806667,161498200
2020-10-07,112.21437072753906,112.6726683499166,111.28802241183179,111.76582617611366,96849000
2020-10-08,112.10709381103516,113.50148518843807,111.73655156006717,113.3552189019724,83477200
2020-10-09,114.05728912353516,114.08654089243238,112.05833393555243,112.40937004114366,100506900
2020-10-12,121.30229187011719,122.06286774169322,116.30978334982996,117.07035922140598,240226800
2020-10-13,118.0844497680664,122.26762403724531,116.67055964456534,122.15060951635888,262330500
2020-10-14,118.17222595214844,119.96640417322294,116.64132113373098,117.98695479953686,150712000
2020-10-15,117.70417022705078,118.18196653560398,115.20791978630072,115.76372578098064,112559200
2020-10-16,116.0562515258789,118.52325764594907,115.85148167833091,118.25997681380653,115393800
2020-10-19,113.0919418334961,117.42137467094595,112.77991057098248,116.97283019604589,120639300
2020-10-20,114.58386993408203,116.01726645875162,112.75067930305906,113.3064853596234,124423700
2020-10-21,113.95980834960938,115.75398671105492,113.55026116761503,113.76478411070397,89946000
2020-10-22,112.86769104003906,115.10066828250254,111.73657281161336,114.52535609682704,101988000
2020-10-23,112.17536926269531,113.64777056546903,111.43429207568546,113.49175118318755,82572600
2020-10-26,112.18510437011719,113.647752367436,110.06913461337588,111.17100086591333,111850700
2020-10-27,113.69652557373047,114.35959309602312,111.68782430299709,112.61416524411432,92276800
2020-10-28,108.43097686767578,112.5556478095225,108.33346848159846,112.18511296666344,143937800
2020-10-29,112.44839477539062,114.01830445888464,109.40608380178328,109.57185625388539,146129200
2020-10-30,106.14924621582031,109.20130250137127,105.03763428104902,108.29446040306703,190272600
2020-11-02,106.06148529052734,107.9239274305086,104.64759511176818,106.39302272628981,122866900
2020-11-03,107.68992614746094,108.7137755407047,106.02250790182312,106.92935018693291,107624400
2020-11-04,112.08759307861328,112.71165565418494,109.5523379354268,111.29776550877692,138235500
2020-11-05,116.0660171508789,116.64132935190631,113.95980746298537,115.01290858722514,126387100
2020-11-06,115.93415069580078,116.4323036892573,113.43358602193297,115.5727390073877,114457900
2020-11-09,113.61919403076172,119.15754189700682,113.35546637380935,117.70213992973375,154515300
2020-11-10,113.27730560302734,114.8596862189922,111.4800244999921,112.86705932868448,138023400
2020-11-11,116.71556854248047,116.85231729677409,113.73639073565728,114.46897654176517,112295000
2020-11-12,116.44207000732422,117.7314207166171,115.81693072113664,116.84255382154495,103162300
2020-11-13,116.49090576171875,116.8913821021024,115.13318074907436,116.66672664224632,81581900
2020-11-16,117.50676727294922,118.18074115273141,115.40668645392178,116.15880460888832,91183000
2020-11-17,116.61788940429688,117.86816796066498,116.19787325311871,116.7741779499669,74271000
2020-11-18,115.28945922851562,117.03789809748132,115.26015699113172,115.85599399209619,76322100
2020-11-19,115.88531494140625,116.29556123551815,114.09780364988457,114.85969175387774,74113000
2020-11-20,114.615478515625,116.0122756382638,114.56664393716416,115.88529679156849,73604300
2020-11-23,111.20652770996094,114.88899666218843,111.10885108956266,114.45921058973786,127959300
2020-11-24,112.49586486816406,113.1600762396807,109.97576812456435,111.26512618596215,113874200
2020-11-25,113.3359146118164,114.03919822578274,112.49588223427314,112.86706383733798,76499200
2020-11-27,113.88288879394531,114.76199315028312,113.52148460740729,113.86335645369218,46691300
2020-11-30,116.28578186035156,118.16119960518925,114.09778703912657,114.25407557732021,169410200
2020-12-01,119.8705825805664,120.6031684348783,117.22350658792263,118.20028772700515,127728200
2020-12-02,120.22221374511719,120.505481144647,118.0830608551581,119.18682076181041,89004200
2020-12-03,120.08545684814453,120.90594929961036,119.37240344911088,120.65198415652675,78967600
2020-12-04,119.41146850585938,120.00730546840785,118.69841514908516,119.75334034037562,78260400
2020-12-07,120.87665557861328,121.67761574577153,119.4114839958422,119.47008847443368,86712000
2020-12-08,121.49201202392578,122.0780865564266,120.23196370264463,121.48224958003209,82225500
2020-12-09,118.952392578125,123.02556768253118,118.19050456748764,121.63854040920427,115089200
2020-12-10,120.37850189208984,120.99387876073847,117.3602518397124,117.70212373771251,81312200
2020-12-11,119.5677719116211,119.90964378868306,117.75095856237984,119.58730425363264,86939800
2020-12-14,118.952392578125,120.48593849632398,118.71796721767839,119.75335272421145,79184500
2020-12-15,124.9107666015625,124.9303063971683,121.2478374115688,121.45296055193862,157243700
2020-12-16,124.84239959716797,125.38939467047082,123.62142312836772,124.45169308895106,98208600
2020-12-17,125.71171569824219,126.57128777488863,125.06703664075737,125.90706892352664,94359800
2020-12-18,123.7190933227539,126.10244150708998,123.19163065315914,125.96569275411149,192541500
2020-12-21,125.25263214111328,125.33077641507083,120.58361982974765,122.11716580798591,121251600
2020-12-22,128.81787109375,131.2891256020313,126.63963893467688,128.5541360749688,168904800
2020-12-23,127.91924285888672,129.35509717792385,127.7434145333038,129.09137704629174,88223700
2020-12-24,128.90579223632812,130.36120131987872,128.0559975194573,128.27089053594116,54930100
2020-12-28,133.5161895751953,134.15109122678413,130.41001842398242,130.87888400818076,124486200
2020-12-29,131.73846435546875,135.5674445419394,131.22077155630924,134.8446360549227,121047300
2020-12-30,130.61517333984375,132.83247066876245,130.30259622541593,132.43198683008825,96452100
2020-12-31,129.6090850830078,131.6114892963398,128.66160623432629,130.9668102005262,99116600
2021-01-04,126.4052505493164,130.50772834489013,123.81677904513954,130.4198216196165,143301900
2021-01-05,127.96804809570312,128.68110881569237,125.44795182635949,125.89727755533225,97664900
2021-01-06,123.66049194335938,128.0071725267185,123.445598898271,124.75448951278715,155088000
2021-01-07,127.88021087646484,128.5737321838504,124.89126236938141,125.37965303797675,109578200
2021-01-08,128.9839324951172,129.55046725691102,127.20618394212671,129.35509913564104,105158200
2021-01-11,125.98519134521484,127.14756295513907,125.51634070494472,126.1903218841104,100384500
2021-01-12,125.80939483642578,126.67872932371974,123.91443732593233,125.51635755772662,91951100
2021-01-13,127.8508529663086,128.39784789227025,125.50658473947469,125.77030485446012,88636800
2021-01-14,125.91685485839844,127.95832377513628,125.77032875107238,127.76297053653161,90221800
2021-01-15,124.18793487548828,127.19642212299213,124.05118613262425,125.78985510810772,111598500
2021-01-19,124.86192321777344,125.72149530988855,123.9925886807919,124.81308118444944,90757300
2021-01-20,128.9644012451172,129.4137270875099,125.56520735367549,125.67265386569356,104319500
2021-01-21,133.69203186035156,136.42702207412472,130.48819086563083,130.6933214660753,120150900
2021-01-22,135.84092712402344,136.6028150348242,131.88496149210033,133.11570006235684,114459400
2021-01-25,139.60154724121094,141.72116035187767,133.36967931189386,139.74807334283994,157611700
2021-01-26,139.8359832763672,140.94951311366867,138.08753679306704,140.26576933716714,98390600
2021-01-27,138.7615203857422,140.94951541070097,137.14983753597352,140.09970572045313,140843800
2021-01-28,133.90692138671875,138.69315786113063,133.5259773426194,136.28050728033566,142621100
2021-01-29,128.89602661132812,133.56503857337148,127.18665987069943,132.67616429116572,177523800
2021-02-01,131.025390625,132.2366043185905,127.88991734702876,130.64444666641413,106239800
2021-02-02,131.85568237304688,133.14502563870852,131.48450079597174,132.57849082798725,83305400
2021-02-03,130.8300323486328,132.61754313249799,130.50769287241187,132.60776578490467,89880900
2021-02-04,134.199951171875,134.2097136169971,131.4649611835476,133.1352633782053,84183100
2021-02-05,133.78419494628906,134.42983740127244,132.9037842725981,134.3613683130723,75693800
2021-02-08,133.93092346191406,133.97983847702403,131.98421930396577,133.0700669616327,71297200
2021-02-09,133.05047607421875,134.87979583626688,132.89396894909677,133.64720333611686,76774200
2021-02-10,132.4439697265625,134.00916036761174,131.47550633815231,133.51024820081062,73046600
2021-02-11,132.18966674804688,133.42224462079582,130.85925883741726,132.94290131800943,64280000
2021-02-12,132.4244384765625,132.58096057062542,130.78100126920737,131.4266437121405,60145100
2021-02-16,130.2918701171875,133.0505008941642,129.9005649144753,132.54182652078916,80576300
2021-02-17,127.99303436279297,129.34301156647996,126.65284912113184,128.3941167097973,97918500
2021-02-18,126.88758087158203,127.17126404667864,124.63762475309542,126.38866866719218,96856700
2021-02-19,127.04409790039062,127.86583132256979,125.99738825363634,127.4060570610675,87668800
2021-02-22,123.25833129882812,126.89738798845885,122.86703351631368,125.22458978162501,103916400
2021-02-23,123.12135314941406,123.9528561034997,115.81389522902137,121.06704953832518,158273000
2021-02-24,122.62247467041016,122.82790432920568,119.5703683530087,122.22139984991924,111039900
2021-02-25,118.35733032226562,123.70830769868415,117.91712502936959,121.96704059219421,148199500
2021-02-26,118.6214599609375,122.13334021289873,118.56276044849312,119.92251431654658,164560400
2021-03-01,125.0093765258789,125.14632962305842,120.1181731597989,121.05728331048017,116307900
2021-03-02,122.39749145507812,125.91915683872573,122.28988437011962,125.61590457932542,102260900
2021-03-03,119.404052734375,122.97463264092775,119.18883859473966,122.09421455304867,112966300
2021-03-04,117.51605224609375,120.91054865889173,116.03891416723145,119.10080486208311,178155000
2021-03-05,118.7779769897461,119.28666630320659,115.01175200979323,118.34755618226085,153766600
2021-03-08,113.82807922363281,118.36711510668628,113.68134163784862,118.29863856177148,154376600
2021-03-09,118.45514678955078,119.40404133459487,116.20519796131644,116.43997360787498,129525800
2021-03-10,117.36931610107422,119.51165804272296,116.85084228896541,119.04210671169741,111943300
2021-03-11,119.30622863769531,120.52902944875325,118.62146316885641,119.87361000523832,103026500
2021-03-12,118.396484375,118.53343749171651,116.56717883169293,117.78019534977568,88105100
2021-03-15,121.29206085205078,121.30184534868131,117.79974189337008,118.76820554841954,92403800
2021-03-16,122.8376693725586,124.45176782276737,122.00616637196116,122.96483796118252,115227900
2021-03-17,122.04530334472656,123.12136654730853,119.67795534298575,121.35075339157471,111932600
2021-03-18,117.90734100341797,120.4996801450081,117.7019113683554,120.20620497298519,121229700
2021-03-19,117.37909698486328,118.787765950923,117.07584476265258,117.2910589061766,185549500
2021-03-22,120.70512390136719,121.17468273886081,117.64323308239008,117.71170963542201,111912300
2021-03-23,119.87361145019531,121.53661758792646,119.4823136932633,120.64642246770546,95467100
2021-03-24,117.4769287109375,120.22579030818369,117.45736717972252,120.14752925655445,88530500
2021-03-25,117.96604919433594,119.01277396820035,116.41064997457923,116.93890087847339,98844700
2021-03-26,118.57254028320312,118.83666942036037,116.33236845038506,117.73125278394801,94071200
2021-03-29,118.74864959716797,119.91275853237549,118.10301455294324,119.0029942938068,80819200
2021-03-30,117.29105377197266,117.78017409006814,116.27368261472802,117.49648340996671,85671900
2021-03-31,119.49210357666016,120.83228856558793,118.51386287192022,119.00298322429019,118323800
2021-04-01,120.3236083984375,121.47793274502293,119.82470354215977,120.96925085519509,75089100
2021-04-05,123.1604995727539,123.41484423200751,120.39207673653289,121.17467224344372,88651200
2021-04-06,123.46376037597656,124.3637400471671,122.91594796105788,123.74745108038357,80171300
2021-04-07,125.11697387695312,125.13653540500879,122.41702773888204,123.09201613924569,83466700
2021-04-08,127.52344512939453,127.55279115323391,125.72348600899966,126.14412230187551,88844600
2021-04-09,130.1060028076172,130.14512586474413,126.65281460393234,126.97563580060692,106686700
2021-04-12,128.38430786132812,129.9592758997672,127.78758046970171,129.6364546951069,91420000
2021-04-13,131.50489807128906,131.72990419313948,129.059296173719,129.5582085139557,91266500
2021-04-14,129.15708923339844,132.06246464983604,128.79514503277485,132.0037726093852,87222800
2021-04-15,131.5733642578125,132.06248457103857,130.73207672199297,130.90816779667338,89347100
2021-04-16,131.24075317382812,131.7396504708216,130.37989673029497,131.37770625104787,84922400
2021-04-19,131.90597534179688,132.5222717730815,130.4386142591335,130.60491339062307,94264200
2021-04-20,130.21360778808594,132.5809482656911,128.9418920136985,132.08205092978312,94812300
2021-04-21,130.59512329101562,130.8396834469913,128.44299690378307,129.4799295768372,68847100
2021-04-22,129.06907653808594,131.2309800623084,128.55061017652483,130.1451323202757,84566500
2021-04-23,131.3972930908203,132.17987368023367,129.2842896751612,129.2842896751612,78657500
2021-04-26,131.78857421875,132.12117243879302,130.65381154555584,131.89618128132474,66905100
2021-04-27,131.4657745361328,132.46358428625007,131.1918683187311,132.07227902798383,66015800
2021-04-28,130.67340087890625,132.08206994398435,130.1842805050191,131.38751244528612,107760100
2021-04-29,130.57554626464844,134.08744123271336,129.56795967816743,133.5004909237802,151101000
2021-04-30,128.59951782226562,130.65381415781053,128.21800457946676,128.91254705716273,109839500
2021-05-03,129.65599060058594,131.15271231319818,128.9614481976195,129.16687034568793,75135100
2021-05-04,125.06804656982422,128.6288488600511,123.94306850091087,128.33537372437536,137564700
2021-05-05,125.3126449584961,127.61150174498968,125.18546888553331,126.3887008180987,84000900
2021-05-06,126.9169692993164,126.92674633387438,124.36375269989001,125.10721781247982,78128300
2021-05-07,127.59306335449219,128.62194863274965,126.87772403166485,128.22020012171234,78973300
2021-05-10,124.30060577392578,126.936537888107,124.2614087846363,126.80916075602343,88071200
2021-05-11,123.37950134277344,123.73225929039904,120.30260126371391,121.01793322731803,126142800
2021-05-12,120.30260467529297,122.13502470718254,119.79305875777395,120.91994792228226,112172300
2021-05-13,122.45838928222656,123.61467427312743,121.76265955967637,122.07622799062943,105861300
2021-05-14,124.88854217529297,125.31970156938155,123.32070002778138,123.71266243367454,81918000
2021-05-17,123.73225402832031,124.37899310292869,122.65436304670058,124.27120325716062,74244600
2021-05-18,122.34078979492188,124.43777993260704,122.27219693905593,124.01642168198467,63342900
2021-05-19,122.18401336669922,122.40938669653873,120.39079046342964,120.68476412746298,92612000
2021-05-20,124.75135803222656,125.15312155926449,122.585774870456,122.71316695271737,76857100
2021-05-21,122.90913391113281,125.42748227973826,122.69355422979483,125.25109958373996,79295400
2021-05-24,124.54558563232422,125.368707483583,123.40890280809067,123.47749567269044,63092900
2021-05-25,124.349609375,125.74107639005582,123.7812642192773,125.251117740315,72009500
2021-05-26,124.30060577392578,124.82975391524182,123.87924748414049,124.40839562545654,56575900
2021-05-27,122.76216125488281,125.07473132442752,122.56618378162433,123.89885153275387,94625600
2021-05-28,122.10562896728516,123.27171512304146,122.04683722029289,123.0463342994687,71311100
2021-06-01,121.78225708007812,122.83075224575715,121.449093885405,122.56618191328505,67637100
2021-06-02,122.54656219482422,122.72294488332521,121.55686639229224,121.78223970334003,59278900
2021-06-03,121.05713653564453,122.34080621458908,120.65537298589332,122.17422461028026,76229200
2021-06-04,123.35990142822266,123.62447923898972,121.36089981512367,121.57647951987867,75169300
2021-06-07,123.36968994140625,123.7812470760429,122.32119487398776,123.63426024908394,71057600
2021-06-08,124.19281768798828,125.87825834715188,123.67347065562662,124.05563196155543,74403800
2021-06-09,124.5749740600586,125.1825161645287,123.97723307167732,124.6533680366472,56877900
2021-06-10,123.57548522949219,125.61368389975463,123.40890362522711,124.46719247519351,71186400
2021-06-11,124.79054260253906,124.87873768733272,123.56566486306369,123.98702310448563,53522400
2021-06-14,127.85767364501953,127.91646540251004,124.51621001719964,125.25113689008217,96906500
2021-06-15,127.0345230102539,127.97523571896205,126.78954745562504,127.32849666623278,62746300
2021-06-16,127.53429412841797,128.25942730281437,125.87827159650314,127.74987385723517,91815000
2021-06-17,129.14126586914062,129.8860008885334,127.04427638422298,127.19127064168465,96721700
2021-06-18,127.83805084228516,128.86693621675641,127.62247115663257,128.0830263985157,108953300
2021-06-21,129.64108276367188,129.74887261931582,126.61318811711466,127.68127808078076,79663300
2021-06-22,131.2873077392578,131.38530395142936,128.9747376819625,129.47449743106563,74783600
2021-06-23,131.012939453125,131.6204890694468,130.55238415861209,131.08153979372707,60214200
2021-06-24,130.72877502441406,131.9340507183845,130.25841113476253,131.74786688107946,68711000
2021-06-25,130.43475341796875,131.1990757677351,130.14077983295454,130.77772509250494,70783700
2021-06-28,132.0712127685547,132.5317679828533,130.669959847861,130.72875158549564,62111300
2021-06-29,133.590087890625,133.74687585363333,131.64988544279703,132.09083850565023,64556100
2021-06-30,134.20741271972656,134.64836572202546,133.1393079515186,133.4332816037582,63261400
2021-07-01,134.51116943359375,134.5699611689942,133.03150764945613,133.85463680142217,52485800
2021-07-02,137.1471405029297,137.18633001828633,134.98154971442102,135.1285290871627,78852600
2021-07-06,139.1656951904297,140.27297435431075,137.25488915777586,137.25488915777586,108181800
2021-07-07,141.66448974609375,141.97805072261244,139.79287267133577,140.65517657085456,104911600
2021-07-08,140.36119079589844,141.1647027920802,137.84283506741627,138.73454962161878,105575500
2021-07-09,142.19361877441406,142.72275942044914,139.7830526150671,139.88104882276198,99890800
2021-07-12,141.59588623046875,143.37931564236285,141.10593506704151,143.27152578832394,76299700
2021-07-13,142.71295166015625,144.49638078931636,140.7433536781911,141.1353085659456,100827100
2021-07-14,146.15240478515625,146.56397686036559,144.71194737828577,145.1235194534951,127050800
2021-07-15,145.49586486816406,146.98532030046908,144.1338014981312,146.24060006037655,106820300
2021-07-16,143.44786071777344,146.75012584657617,142.94811605428242,145.47626514134978,93251400
2021-07-19,139.5870361328125,141.17448753141895,138.82271377323517,140.8609117161473,121434600
2021-07-20,143.21270751953125,144.1436266165373,140.08683190917176,140.57678303301844,96350000
2021-07-21,142.47776794433594,143.19310728596565,141.72325404739772,142.60516000969034,74993500
2021-07-22,143.84963989257812,145.2214969339576,142.8795313726681,143.00692343798204,77338200
2021-07-23,145.57427978515625,145.73106773788473,143.96724064999466,144.58458386878672,71447400
2021-07-26,145.99563598632812,146.8187502561115,144.731553759334,145.29010519733632,72434100
2021-07-27,143.8202667236328,146.21123076065714,142.62478470512065,146.1230281888383,104818600
2021-07-28,142.06622314453125,144.0162339928002,139.67525927689903,141.89964155731053,118931200
2021-07-29,142.71295166015625,143.60466622473632,141.6742577506984,141.78204758764898,56699500
2021-07-30,142.9285430908203,143.38909834548167,141.21371414962817,141.4782919442919,70440600
2021-08-02,142.59535217285156,143.99660494374785,142.33077442965924,143.41846631598443,62880000
2021-08-03,144.39840698242188,145.06473338535233,142.26221214218597,142.87955539064197,64786600
2021-08-04,143.9966278076172,144.81974208144462,143.34009511643663,144.3102036940969,56368300
2021-08-05,144.10443115234375,144.86875375710454,143.2323186955207,144.0260371733782,46397700
2021-08-06,143.41746520996094,144.36939566640558,142.91697171230874,143.62355957636092,54126800
2021-08-09,143.36842346191406,143.96706011061815,142.80905002187748,143.47637482395993,48908700
2021-08-10,142.88754272460938,144.9582349617114,142.59312859632232,143.71189030419347,69023100
2021-08-11,143.14268493652344,143.98666406649497,142.81883091257257,143.32914770557306,48493500
2021-08-12,146.11624145507812,146.27326431640063,143.12305867466128,143.46654431198874,72282600
2021-08-13,146.32232666015625,146.65598898865775,145.50778746444493,146.1947437215137,59375000
2021-08-16,148.30465698242188,148.37336008287176,143.74129162991707,145.77272011813153,103296000
2021-08-17,147.3920440673828,148.8542765909534,146.31253048160323,147.43129230026292,92229700
2021-08-18,143.63339233398438,147.91216847248862,143.42729793250948,147.00930937577087,86326000
2021-08-19,143.96705627441406,145.2428409806357,141.80804406555308,142.32816925758922,86960300
2021-08-20,145.42930603027344,145.7335285086771,144.04556994347644,144.69327810851246,60549600
2021-08-23,146.92095947265625,147.39201304068925,145.13485827480818,145.54703201865243,60131800
2021-08-24,146.8326416015625,148.04954634761012,146.37139629315473,146.66581042238676,48606400
2021-08-25,145.5961151123047,147.51960771111226,145.04655007679514,147.01909921664708,58991300
2021-08-26,144.7913818359375,146.34194886069025,144.76194192197897,145.58630443638947,48597200
2021-08-27,145.83164978027344,145.97884935283636,144.0946199514099,144.73250473188153,55802400
2021-08-30,150.26744079589844,150.63055805059383,145.84146538996188,146.22419927229765,90956700
2021-08-31,149.00148010253906,149.953410655414,148.4715316635546,149.81601938873746,86453100
2021-09-01,149.6687774658203,152.09276327892812,149.5019463135424,149.9828231462415,80313700
2021-09-02,150.78756713867188,151.83764073221985,149.56085404781211,151.0034698406252,71115500
2021-09-03,151.4254608154297,151.74931485528106,150.2379960026413,150.89551239584583,57808700
2021-09-07,153.7709503173828,154.33032373118607,151.51379510970494,152.08299181247767,82278300
2021-09-08,152.2203826904297,154.11442061539339,151.1114292056323,154.05554077983348,74420200
2021-09-09,151.19973754882812,153.20172648114232,151.08196292373444,152.59328165383056,57305700
2021-09-10,146.1947784423828,152.58349561221084,145.92980418939584,152.1124419204216,140893200
2021-09-13,146.76393127441406,148.5990889424979,145.9788320399669,147.82381299473937,102404300
2021-09-14,145.360595703125,148.25565069827465,144.17314576723558,147.54906273042073,109296300
2021-09-15,146.25363159179688,146.65599705539884,143.64318269682568,145.79238629928224,83281300
2021-09-16,146.0181121826172,146.19476666188248,144.47736826246071,145.67464148744824,68034100
2021-09-17,143.33895874023438,146.04755063760766,143.04454462427765,146.04755063760766,129868800
2021-09-20,140.27711486816406,142.14171300384132,138.63822777586256,141.12109417657655,123478900
2021-09-21,140.7579345703125,141.9061509958665,140.12004986680236,141.24861971901947,75834000
2021-09-22,143.1328887939453,143.70207048798758,141.0229333023473,141.75896115358555,76404300
2021-09-23,144.0946044921875,144.3399470698202,142.92677142673216,143.9179500495402,64838200
2021-09-24,144.1829376220703,144.7226943379148,142.8482732767658,142.94641630674622,53477900
2021-09-27,142.66180419921875,143.24082409127374,141.14069212341911,142.75994722486152,74150700
2021-09-28,139.26626586914062,142.05335398733837,139.0503632005245,140.58129850560428,108972300
2021-09-29,140.16912841796875,141.75894358779652,139.3840291456937,139.81583449417113,74602000
2021-09-30,138.86390686035156,141.6902583077313,138.64800418175875,140.98367044588636,89056700
2021-10-01,139.9924774169922,140.25745160999782,136.51843289284824,139.25644963882814,94639600
2021-10-04,136.54788208007812,139.56069651109203,135.69409459126777,139.11906783458025,98322000
2021-10-05,138.48117065429688,139.59012394137855,136.76377254220841,136.89135547952526,80861100
2021-10-06,139.3546142578125,139.50181384644353,135.79223446768353,136.87174803273044,83221100
2021-10-07,140.6205596923828,141.53324196194288,140.06118634451136,140.39484869057674,61732700
2021-10-08,140.2378387451172,141.49399178970734,139.90417636832538,141.34679220421845,58773200
2021-10-11,140.1494903564453,142.11223095937743,139.16812005497925,139.6195569824435,64452200
2021-10-12,138.8737030029297,140.58129268183015,138.41245777313225,140.56166108335393,73035900
2021-10-13,138.28489685058594,138.76575872878743,136.60674699681144,138.60875085656076,78762700
2021-10-14,141.08181762695312,141.1995922695785,138.8737340029269,139.4625622924774,69907100
2021-10-15,142.1416778564453,142.2005576815035,140.83645349440351,141.09161936901995,67940300
2021-10-18,143.81982421875,144.10441502439815,140.49297941378114,140.7775702194293,85589200
2021-10-19,145.9886932373047,146.39105879971473,143.81987247563387,144.27129459116838,76378900
2021-10-20,146.47933959960938,146.96021648343887,145.36057794956784,145.92977457496073,58418800
2021-10-21,146.6952362060547,146.852259056455,145.1152293383939,146.0377198663419,61421000
2021-10-22,145.9199676513672,147.38219996847627,145.87089613630118,146.90133805459163,58883400
2021-10-25,145.87091064453125,146.5873069172707,144.86990854081654,145.91015887577328,50720600
2021-10-26,146.5382080078125,148.02987995617647,146.2339706619082,146.54801631915606,60893400
2021-10-27,146.07701110839844,146.94060700233715,145.72371711443793,146.57750469378993,56094900
2021-10-28,149.72769165039062,150.3165049156438,146.9307799732344,147.02892300470535,100077900
2021-10-29,147.00929260253906,147.14668386300448,143.68244746206824,144.47735511008415,124953200
2021-11-01,146.18495178222656,146.9111563462423,145.0465584432789,146.214391698361,74588300
2021-11-02,147.22520446777344,148.7463317156188,145.8807167195942,145.89054000814804,69122000
2021-11-03,148.66783142089844,149.1388850965005,147.02894438379172,147.58831781584547,54511500
2021-11-04,148.147705078125,149.59030601260565,147.83365931379845,148.7561500283499,60394600
2021-11-05,148.67840576171875,149.58258253436696,147.47938515102905,149.27791606706361,65463900
2021-11-08,147.8528289794922,148.96340074214248,147.5776454448072,148.80614872335738,55020900
2021-11-09,148.21646118164062,148.82579400908614,147.47935921435865,147.6169509817295,56787900
2021-11-10,145.3761444091797,147.54814453869201,145.3073560321018,147.44003566353302,65187100
2021-11-11,145.32705688476562,146.86022697622457,145.14032193837838,146.3983234198743,41000000
2021-11-12,147.41058349609375,147.81352120891913,144.9437391025949,145.8773986754407,63804000
2021-11-15,147.42037963867188,149.26805319565037,146.86017499778418,147.78401177627345,59222800
2021-11-16,148.4031982421875,148.8847769331927,146.77174226503004,147.3614298460006,59256200
2021-11-17,150.85040283203125,152.33442961865157,148.39339590269816,148.40321853171864,88807000
2021-11-18,155.15509033203125,155.9413356579353,150.41798811221875,151.06664163081828,137827700
2021-11-19,157.7889862060547,158.250904703225,153.83811490964536,154.9388492026231,117305600
2021-11-22,158.25088500976562,162.85039415850727,158.23122475801478,158.89952335376228,117467900
2021-11-23,158.63418579101562,159.01747824025801,156.32459347097884,158.34916461294523,96041900
2021-11-24,159.15505981445312,159.35161734057587,156.89461077309667,157.98552228891256,69463600
2021-11-26,154.11326599121094,157.69066668554564,153.67100784147934,156.82581063613492,76959800
2021-11-29,157.48431396484375,158.417973553797,156.05923801728514,156.6292653970327,88748200
2021-11-30,162.45729064941406,162.673508444908,157.1698072809554,157.23861066878493,174048100
2021-12-01,161.93641662597656,167.37131474483905,161.70053856245917,164.59980373493542,152052500
2021-12-02,160.9437713623047,161.3762069674829,155.08627542774454,156.0101124031017,136739200
2021-12-03,159.05679321289062,162.1231479856483,156.97325618498053,161.19931100266786,118023100
2021-12-06,162.4769287109375,164.99290090063192,161.45480563613842,161.46462826318137,107497000
2021-12-07,168.23617553710938,168.62930565360898,165.44501919367465,166.17229866191352,120405400
2021-12-08,172.069091796875,172.93396293794615,167.76441134011625,169.16982694435688,116998900
2021-12-09,171.55801391601562,173.71035393992497,170.9290208721844,171.9020008134574,108923700
2021-12-10,176.3639678955078,176.54088020608674,171.68583174246828,172.1968934218969,115402700
2021-12-13,172.71774291992188,178.99785124666644,172.5113477652422,178.00521097357498,153237000
2021-12-14,171.3319854736328,174.68334606426572,169.248448682449,172.23616209992724,139380400
2021-12-15,176.21653747558594,176.41309502787303,169.34674079975917,172.0985915209184,131063300
2021-12-16,169.29759216308594,178.0248851678291,167.8135654456889,176.19687149781882,150185800
2021-12-17,168.19683837890625,170.48677026390172,166.77177759111154,167.0076406202552,195432700
2021-12-20,166.83079528808594,167.64652350938445,164.58018320484638,165.38607379928263,107499100
2021-12-21,170.0150146484375,170.22139478126294,166.21155866908464,168.60959923585196,91185900
2021-12-22,172.61947631835938,172.83569412545992,169.18948928424598,170.06418314156005,92135300
2021-12-23,173.24844360351562,173.80864829178057,172.25581836202977,172.82584567773912,68356600
2021-12-27,177.2288055419922,177.3172541822936,174.02487426792013,174.04451952373478,74919600
2021-12-28,176.20668029785156,178.2116060992947,175.45975568348982,177.0617287998104,79144300
2021-12-29,176.29515075683594,177.5236541153346,175.07647002650884,176.2460076232202,62348900
2021-12-30,175.13546752929688,177.46472051669448,175.0273586143005,176.3836313667309,59773000
2021-12-31,174.5162811279297,176.1477221985718,174.21159969660636,175.02732773011687,64062300
2022-01-03,178.87991333007812,179.73496187327837,174.653873733677,174.77180525837534,104487900
2022-01-04,176.60963439941406,179.79392040563258,176.0396070589959,179.4892539814939,99310400
2022-01-05,171.91183471679688,177.0715485386063,171.63665117934394,176.52118146370043,94537600
2022-01-06,169.04208374023438,172.28533602057317,168.68827412789958,169.73004270966848,96904000
2022-01-07,169.20916748046875,171.14529032437787,168.08877281413805,169.91678674303358,86709100
2022-01-10,169.22879028320312,169.53345670452697,165.27791944101605,166.1722734494287,106765600
2022-01-11,172.069091796875,172.1673630652104,167.88235785704865,169.35656184948618,76138300
2022-01-12,172.51133728027344,174.13295555388092,171.81355583992206,173.09118720876316,74805200
2022-01-13,169.22879028320312,173.5825988136433,168.83566022635117,172.7570481888216,84505800
2022-01-14,170.09364318847656,170.79142459551545,168.14768335739595,168.39338399296278,80440800
2022-01-18,166.87989807128906,169.57276781693594,166.4966056259258,168.56048225619764,90956700
2022-01-19,163.37130737304688,168.13790701368765,163.08630115574192,167.07647817629606,94815000
2022-01-20,161.68084716796875,166.7619347111161,161.35652051674097,164.10837074224375,91420500
2022-01-21,159.6170196533203,163.46960515091857,159.50891073645278,161.59244804730136,122848900
2022-01-24,158.84056091308594,159.50887451917274,152.0395683138979,157.26808565686596,162294600
2022-01-25,157.03224182128906,159.96099018333973,154.31971129097184,156.2459965237476,115798400
2022-01-26,156.94374084472656,161.56290980795944,155.10590488401596,160.6882161425736,108275300
2022-01-27,156.4818572998047,161.02240127110773,155.55802030212934,159.65630602886313,121954600
2022-01-28,167.40078735351562,167.42044760669708,160.00028414870977,162.86024363325143,179935700
2022-01-31,171.77427673339844,171.990494554835,166.59490164124617,167.23373247599272,115541600
2022-02-01,171.60720825195312,171.83324871111864,169.34675867115328,171.01752053648133,86213900
2022-02-02,172.8160400390625,172.85536054887322,170.3492104199486,171.74478859061858,84914300
2022-02-03,169.9265594482422,173.20913145041823,169.15997463841794,171.47938931840278,89418100
2022-02-04,169.6411895751953,171.3239297234003,167.95844942699028,168.94250412955896,82465400
2022-02-07,168.9228515625,171.1763304609041,168.22416604358875,170.1037143263292,77251200
2022-02-08,172.04229736328125,172.55401004838063,168.69650213361186,168.9917215679186,74829200
2022-02-09,173.46917724609375,173.83327271357754,172.11117683042102,173.24284884864312,71285000
2022-02-10,169.3755340576172,172.6819593071923,168.814630541294,171.3633292711471,90865900
2022-02-11,165.9510040283203,170.32020982591467,165.36056513089437,169.5821687118747,98670700
2022-02-14,166.1871795654297,166.87601492289843,163.90416522012222,164.70124720629926,86185500
2022-02-15,170.03482055664062,170.19227292675632,167.5353279968633,168.24384864689935,62527400
2022-02-16,169.7986602783203,170.57605697053586,167.33852325607717,169.1098249151892,61177400
2022-02-17,166.1871795654297,169.1688644106395,165.78371349338204,168.30289138097328,69589300
2022-02-18,164.6323699951172,167.82069791691148,163.54006857345092,167.1121922796674,82772700
2022-02-22,161.6998748779297,164.03207970283808,159.5644629736706,162.3493395656181,91162800
2022-02-23,157.51768493652344,163.50072589040192,157.20278014132612,162.9004517631082,90009200
2022-02-24,160.14508056640625,160.25332719300383,149.57632680623354,150.14708038143124,141147500
2022-02-25,162.221435546875,162.48711952478297,158.30488673407692,161.22753061493847,91974200
2022-02-28,162.48712158203125,162.78234102115098,159.84001180321536,160.4599711238184,95056600
2022-03-01,160.5977325439453,163.9435277104657,159.38734940316522,162.07381467213503,83474400
2022-03-02,163.90415954589844,164.69140636238802,160.35172123734418,161.76876250392863,79724800
2022-03-03,163.57945251464844,166.21672762708047,162.91030234634437,165.78374104030155,76678400
2022-03-04,160.5682373046875,162.91029278730187,159.5153063627005,161.8671969888056,83737200
2022-03-07,156.75994873046875,162.3887439653584,156.50408484630077,160.75520922600182,96418800
2022-03-08,154.92959594726562,160.28285666328267,153.3157466151268,156.28759642734667,131148300
2022-03-09,160.35174560546875,160.80441747377364,156.8681978086355,158.90518367729157,91454900
2022-03-10,155.9923858642578,157.83256370946663,153.49287802702014,157.64559087729302,105342000
2022-03-11,152.26280212402344,156.74025467661986,152.03647371376925,156.39582947431037,96970100
2022-03-14,148.2183380126953,151.66253001815127,147.70664029732,149.035105347276,108732100
2022-03-15,152.61708068847656,153.0894378821165,147.9821902189739,148.49388798885315,92964300
2022-03-16,157.0452880859375,157.44875412209134,151.9970976174266,154.54579572106195,102300200
2022-03-17,158.0588836669922,158.4328293113158,155.1165693039783,156.08093884327653,75615400
2022-03-18,161.36532592773438,161.8573534009996,157.21261285213674,157.9506540620346,123511700
2022-03-21,162.7429656982422,163.69749992685104,160.410745925995,160.902773259691,95811400
2022-03-22,166.12814331054688,166.71856719819857,162.28048532842047,162.87090921607214,81532000
2022-03-23,167.49595642089844,169.88720212485975,164.9767637860135,165.31135379443643,98062700
2022-03-24,171.29441833496094,171.363294359729,167.49596638171184,168.33240391380366,90131400
2022-03-25,171.93405151367188,172.4851197852727,169.99546240540764,171.10744910627062,80546200
2022-03-28,172.800048828125,172.92796575635768,169.25744513309817,169.42473266654576,90371900
2022-03-29,176.10646057128906,176.15565130084448,173.52822668291532,173.8726518827145,100589400
2022-03-30,174.93544006347656,176.74609743731983,173.88249413539714,175.7030016679424,92633200
2022-03-31,171.82583618164062,175.19130232369773,171.61917803441048,175.00432947989117,103049300
2022-04-01,171.53057861328125,172.09149702017976,169.198373694139,171.25504448846627,78751300
2022-04-04,175.5947723388672,175.64397809076996,171.6585524344424,171.78648438629216,76468400
2022-04-05,172.2686309814453,175.4569739407951,171.638836509714,174.66972709725982,73401800
2022-04-06,169.0901336669922,170.86143526379934,167.41724355380708,169.6116814961237,89058800
2022-04-07,169.39517211914062,170.5957200307203,167.14169350736208,168.43080273648053,77594700
2022-04-08,167.37789916992188,169.04095440141643,166.50209088425444,169.04095440141643,76575500
2022-04-11,163.1071014404297,166.33480034612657,162.8610877127669,166.01991058277108,72246700
2022-04-12,164.98666381835938,167.16141694537976,163.9829235206259,165.3409242166484,79265200
2022-04-13,167.68292236328125,168.31271679879137,164.1108138532633,164.72092298955894,70618900
2022-04-14,162.6544189453125,168.5390777375964,162.4084052337266,167.8994330781819,75329400
2022-04-18,162.4379425048828,163.9435452353402,160.9618602189061,161.30627040967605,69023900
2022-04-19,164.73077392578125,165.14409017149563,161.2964321500132,162.3887336211493,67723800
2022-04-20,164.56349182128906,166.18719136722032,163.45152002793873,166.06909457220715,67929800
2022-04-21,163.76641845703125,168.79493971335873,163.26455585195845,166.21672062047585,87227800
2022-04-22,159.21023559570312,165.1932911869879,158.92486628163977,163.8057851903542,84882400
2022-04-25,160.28286743164062,160.56823674674308,155.9333465615322,158.55092119216803,96046400
2022-04-26,154.2998046875,159.7514619922399,154.22107849702726,159.66290065876512,95623200
2022-04-27,154.07347106933594,157.24211378977282,152.9024434257798,153.42399128149194,88063200
2022-04-28,161.03074645996094,161.8967195942573,156.3958411813348,156.710745963074,130216800
2022-04-29,155.13623046875,163.54990186297132,154.74261456190868,159.25942241026976,131747600
2022-05-02,155.44129943847656,155.70698341755673,150.8260801242461,154.21123096519486,123055300
2022-05-03,156.93704223632812,158.1474403507243,153.8274407389376,155.62824765941318,88966500
2022-05-04,163.372802734375,163.82545959087432,156.72058183628712,157.12404795896134,108256500
2022-05-05,154.27029418945312,161.46373326041538,152.47930702556806,161.23740483289234,130525300
2022-05-06,154.99954223632812,157.12822726592017,151.94448418251287,153.74795219056614,116124600
2022-05-09,149.85520935058594,153.57055058807703,149.293481863643,152.68359108165603,131577900
2022-05-10,152.26971435546875,154.46739183893223,150.71262137734965,153.26507972972064,115366700
2022-05-11,144.37583923339844,153.19606667734942,143.69584140711092,151.2743434971103,142689800
2022-05-12,140.4929656982422,144.08018734631574,136.78748878802156,140.69992744454566,182602000
2022-05-13,144.97702026367188,145.95267144882655,141.03501714594583,142.49355408899086,113990900
2022-05-16,143.4297637939453,145.38106598701418,142.08948225415682,143.43962842487466,86643800
2022-05-17,147.07611083984375,147.59842494021692,144.55321674293847,146.7016158103138,78336300
2022-05-18,138.77822875976562,145.22339732349553,137.8715547980024,144.72079733304852,109742900
2022-05-19,135.35848999023438,139.6059944348513,134.61936466820006,137.85180487356,136095600
2022-05-20,135.59500122070312,138.65990817455904,130.68721326570923,137.073251872964,137426100
2022-05-23,141.0349884033203,141.18280747509044,135.6541486277064,135.792118107207,117726300
2022-05-24,138.32485961914062,139.9115161270146,135.33879411636306,138.76833186496543,104132700
2022-05-25,138.4825439453125,139.7341188389118,136.33414488879876,136.42283633085628,92482700
2022-05-26,141.69528198242188,142.2471599393567,135.1515582804655,135.3979334424933,90601500
2022-05-27,147.47030639648438,147.50971980321964,143.15380903801713,143.28192892561134,90978500
2022-05-31,146.6819305419922,148.47554915584195,144.71092900811684,146.90860654542266,103718400
2022-06-01,146.55381774902344,149.53988370849348,145.53873817938137,147.72655096677192,74286600
2022-06-02,149.01759338378906,149.0767210300662,144.73065857809644,145.68659562637686,72348100
2022-06-03,143.27206420898438,145.82450683630728,142.36540557432875,144.77001410752297,88570300
2022-06-06,144.02108764648438,146.41586243222446,142.79906122963087,144.89818276511863,71598400
2022-06-07,146.55381774902344,146.83960633947197,142.0106588574211,142.25703403584302,67808200
2022-06-08,145.81466674804688,147.69696135392218,145.32191647725907,146.4256722718094,53950200
2022-06-09,140.5718231201172,145.80482957531117,140.46341743862806,144.9474487547002,69473000
2022-06-10,135.14170837402344,138.71906549283727,135.07271611079338,138.2460293933542,91437900
2022-06-13,129.96783447265625,133.23968891028474,129.53421176750797,130.94347052169286,122207100
2022-06-14,130.83505249023438,131.9486729653345,129.57361294213226,131.19969793288186,84784300
2022-06-15,133.46636962890625,135.34867981532068,130.24379275536234,132.34289928892184,91533000
2022-06-16,128.17422485351562,130.47044340040713,127.16900988024103,130.16494057459525,108123900
2022-06-17,129.65243530273438,131.15040017999388,127.92780953509758,128.1840492731742,134520300
2022-06-21,133.89996337890625,135.07271151353063,131.3869488476208,131.48548988632155,81000500
2022-06-22,133.38751220703125,135.7625572241762,131.96838893721528,132.83561923956722,73409200
2022-06-23,136.26516723632812,136.58051959738074,133.6634463480769,134.8361944256016,72433800
2022-06-24,139.6060333251953,139.85240850117333,137.7434375963034,137.87154246227976,89116800
2022-06-27,139.6060333251953,141.4095014178601,138.9260354334884,140.63094744074303,70207900
2022-06-28,135.4472198486328,141.34050987783795,135.32896457557,140.06922057977073,67083400
2022-06-29,137.2112579345703,138.63038134531047,134.6883785543866,135.46693252662052,66242400
2022-06-30,134.7376251220703,136.36369487845758,131.83040175040082,135.25993916685138,98964500
2022-07-01,136.9156036376953,137.02400931509246,133.69302720857007,134.06750724522163,71051600
2022-07-05,139.50747680664062,139.5567548491927,134.94460374967946,135.77243576693132,73353800
2022-07-06,140.84776306152344,142.0303609345011,139.0344453204545,139.3005347290775,74064300
2022-07-07,144.22805786132812,144.42515502716466,141.2025629824353,141.21241257758467,66253700
2022-07-08,144.90798950195312,145.41060438999426,142.89757506242208,143.15379978350074,64547800
2022-07-11,142.7694549560547,144.51379508007224,141.69526300251138,143.55785837644726,63141600
2022-07-12,143.7451171875,146.29756011597522,142.94686411267188,143.64656111311933,77588800
2022-07-13,143.3804931640625,144.32656535504097,140.05934579014044,140.91674157030096,71185600
2022-07-14,146.31727600097656,146.79031208077845,141.17296164080028,141.9909289473083,78140700
2022-07-15,147.9926300048828,148.67262785570932,146.05119253188846,147.6082853549652,76259900
2022-07-18,144.93759155273438,149.37234459214557,144.5729460772953,148.55437722703743,81420900
2022-07-19,148.8105926513672,149.03725358197892,144.7798987508147,145.77524895701922,82982400
2022-07-20,150.82101440429688,151.49116267268522,148.18972944635095,148.9288549414216,64823400
2022-07-21,153.0975341796875,153.3143455287886,149.73697330616696,152.25985260020167,65086600
2022-07-22,151.85581970214844,154.01406893177526,151.18568635393427,153.13697379217183,66675400
2022-07-25,150.73231506347656,152.79200772624299,150.07203146028309,151.77694330248553,53623900
2022-07-26,149.4019012451172,150.87028755705626,148.61349773507445,150.05232023117222,55138700
2022-07-27,154.51663208007812,155.04881082380393,149.9537745387539,150.36768298523742,78620700
2022-07-28,155.06854248046875,155.3543310693815,152.17116799178928,154.70389699283152,81378700
2022-07-29,160.15370178222656,161.25747271207914,157.18735030288008,158.90212681060993,101786900
2022-08-01,159.168212890625,161.2180561543135,158.55720726769144,158.6754625398599,67829400
2022-08-02,157.68995666503906,160.05516729364513,157.31547663627524,157.77866315380257,59907000
2022-08-03,163.7212371826172,164.17455908657996,158.41923856963987,158.50793002421338,82507500
2022-08-04,163.40586853027344,164.76586430720064,162.04587275334626,163.60296566260632,55474100
2022-08-05,163.17889404296875,163.6723288419394,160.85974446443265,161.06699370571175,56697000
2022-08-08,162.70518493652344,165.60658394853183,162.04398411639912,164.18548932563507,60276900
2022-08-09,162.75453186035156,163.6427235312398,161.10646144310655,161.86635524789833,63135500
2022-08-10,167.01785278320312,167.11653072956423,164.7085659734658,165.4783232238988,70170500
2022-08-11,166.2776641845703,168.74483818248612,165.9816002931334,167.8270416248752,57149200
2022-08-12,169.84027099609375,169.9093440404782,167.1757109224635,167.59020942251294,68039400
2022-08-15,170.9159393310547,171.1133102288565,169.10010297778325,169.2678689938365,54091700
2022-08-16,170.758056640625,171.4291358420734,169.40605002056787,170.5113392247935,56377100
2022-08-17,172.25808715820312,173.83706944158646,170.3040896179902,170.50146052110878,79542000
2022-08-18,171.8633270263672,172.60347919281742,170.84685258911696,171.46858522763415,62290100
2022-08-19,169.2678680419922,171.45871962967124,169.06061881248345,170.75803562921558,70346300
2022-08-22,165.36972045898438,167.629644866865,164.94535876639668,167.4618788678898,69026800
2022-08-23,165.0341796875,166.49475736672866,164.4617935794401,164.88615528818852,54147100
2022-08-24,165.3302764892578,165.90266271137483,164.06708450197766,165.12304228892702,53841500
2022-08-25,167.79742431640625,167.9059805666135,166.13949074062336,166.56383740879377,51218200
2022-08-26,161.47157287597656,168.80402064201385,161.41236311895443,168.3303275274042,78961000
2022-08-29,159.26101684570312,160.76104775775735,157.72150271792214,159.0340260013609,73314000
2022-08-30,156.823486328125,160.4255551389732,155.64910883583622,160.00120834545757,77906200
2022-08-31,155.1556396484375,158.47152210531658,155.07668827346,158.20506309707196,87991100
2022-09-01,155.8859100341797,156.33986156326952,152.6391010050158,154.5832350896264,74229900
2022-09-02,153.76414489746094,158.2544044411162,152.93517807481416,157.65241340262483,76957800
2022-09-06,152.50096130371094,155.02734512371137,151.67199443622994,154.41549077748996,73714800
2022-09-07,153.91221618652344,154.61288529155274,151.59306620015846,152.78718524936798,87449600
2022-09-08,152.431884765625,154.30693097885487,150.6752430270464,152.60951406525444,84923800
2022-09-09,155.30364990234375,155.74775322839724,152.71805660596894,153.42860385753409,68028800
2022-09-12,161.28408813476562,162.10319169268726,157.20832701154205,157.49451256385936,104956000
2022-09-13,151.8199920654297,158.43201434659505,151.35616222080873,157.800418503048,122656600
2022-09-14,153.2707061767578,155.0372110898694,151.59303096684667,152.75752979849568,87965400
2022-09-15,150.36932373046875,153.2016498653033,149.39233241450626,152.61938532747467,90481100
2022-09-16,148.72122192382812,149.36269609630034,146.42181431655243,149.2245349767334,162278800
2022-09-19,152.4516143798828,152.530565756339,147.142266074514,147.34950026158054,81474200
2022-09-20,154.83984375,156.0043577800845,151.07000947628035,151.38579993733708,107689800
2022-09-21,151.70159912109375,156.6556888275703,151.5831795854477,155.27406232514645,101696800
2022-09-22,150.73446655273438,152.44174672656402,148.92849339656019,150.37919289810281,86652500
2022-09-23,148.45477294921875,149.4811256708757,146.60933178685332,149.20480341314504,96029900
2022-09-26,148.7903289794922,151.750937683408,147.67516154898482,147.69490315670595,93339400
2022-09-27,149.76731872558594,152.68845924345578,147.98108723466274,150.7344617346572,84442700
2022-09-28,147.87254333496094,148.66204205913598,142.9381951319115,145.70143313730634,146691400
2022-09-29,140.60916137695312,144.7934934551737,138.83279327495222,144.18163918720862,128138200
2022-09-30,136.3853759765625,141.2210460611346,136.18800506786133,139.42493615755308,124925300
2022-10-03,140.57957458496094,141.1914439900878,135.88208060719077,136.39525702678367,114311700
2022-10-04,144.18165588378906,144.30007541815792,142.36580435900075,143.12569817421627,87830100
2022-10-05,144.4777069091797,145.44484998263232,141.13221948664446,142.17831393701783,79471000
2022-10-06,143.52044677734375,145.60274235287363,143.31321258240413,143.895462065149,68402200
2022-10-07,138.25054931640625,141.2210362492612,137.61895341738395,140.66837666148692,85925600
2022-10-10,138.57623291015625,140.0269324842531,136.75053311295184,138.57623291015625,74899000
2022-10-11,137.1551513671875,139.49404287569013,136.40513579064609,138.06306971513882,77033700
2022-10-12,136.52354431152344,138.51702522883681,136.3459150018641,137.3031797708572,70433700
2022-10-13,141.1124725341797,141.70458518782445,132.60564736672077,133.2175166847836,113224000
2022-10-14,136.56300354003906,142.62238154840435,136.37549592938134,142.41513233177395,88598000
2022-10-17,140.5401153564453,141.0236718643574,138.42821483436188,139.2177135934962,85250900
2022-10-18,141.8625030517578,144.77376532008952,138.76373315265158,143.57966155321216,99136600
2022-10-19,141.9710693359375,143.04675364711534,139.64205634508835,139.8295639891064,61758300
2022-10-20,141.5072479248047,143.97442221393123,140.77695891418597,141.14211094871374,64522000
2022-10-21,145.33628845214844,145.90867462024406,140.7769407155068,140.99405322955806,86548600
2022-10-24,147.48765563964844,148.2574127069579,144.08295860217441,145.25733581108966,75981900
2022-10-25,150.33970642089844,150.4877458912043,147.39883932372416,148.11924989222194,74732300
2022-10-26,147.3889617919922,149.99429659795183,146.09615013348827,148.97782224560154,88194300
2022-10-27,142.89874267578125,147.09293910929227,142.23754175092256,146.12581097157454,109180200
2022-10-28,153.69505310058594,155.43193790631275,145.87904888716614,146.2540490373011,164762400
2022-10-31,151.3265838623047,152.2147755550462,149.92523080942135,151.1489545588176,97943200
2022-11-01,148.6719207763672,153.40889855498966,147.17188960891258,153.04376156873835,80379300
2022-11-02,143.1256866455078,150.1719344831505,143.09608176430027,146.9942133937789,93604600
2022-11-03,137.05645751953125,140.92498461939732,136.92815965034873,140.1946956802254,97918500
2022-11-04,136.78955078125,141.03023754059535,132.83552430474884,140.456901891493,140814800
2022-11-07,137.32334899902344,137.55070131674174,134.1107022229699,135.53415428478314,83374600
2022-11-08,137.8966827392578,139.80449340378325,135.90978972981833,138.79622744381308,89908500
2022-11-09,133.3199005126953,136.95761319516816,133.04311982943733,136.90818484099725,74917800
2022-11-10,145.1819610595703,145.1819610595703,137.89667216677097,139.61667909909517,118854000
2022-11-11,147.9794464111328,148.28588106740983,142.71070401695297,144.1440507641814,93979700
2022-11-14,146.5757598876953,148.5527731206919,145.73552323030617,147.25783186642536,73374100
2022-11-15,148.31553649902344,151.82473825025608,146.85255082741247,150.47048891741846,89868300
2022-11-16,147.0799102783203,148.14749936078283,145.59715017769167,147.4160140311921,64218300
2022-11-17,148.9877471923828,149.73900693584756,144.4702638433015,144.74704454265256,80389400
2022-11-18,149.55117797851562,150.9449761011956,148.24635692578445,150.55945907613687,74829600
2022-11-21,146.3088836669922,148.64176028052393,146.02222333634097,148.43418230260116,58724100
2022-11-22,148.4539031982422,148.6911501950918,145.24125698087363,146.42747688170903,51804100
2022-11-23,149.333740234375,150.08500002626616,147.6236124875716,147.73234884671274,58301400
2022-11-25,146.40773010253906,147.16888449613631,145.42910302505686,146.6054284287757,35195900
2022-11-28,142.5624542236328,144.95463890856828,141.7321121181346,143.4718786844285,69246000
2022-11-29,139.5474853515625,143.14564904140522,138.73691772229893,142.6316213475949,83763800
2022-11-30,146.32864379882812,147.01071582680532,138.9346179969114,139.7748396315525,111380900
2022-12-01,146.6054229736328,147.41600568948158,144.92496463802757,146.5065813559001,71250400
2022-12-02,146.1111602783203,146.29897894842466,143.9759823709456,144.28243209151336,65447400
2022-12-05,144.94473266601562,149.18541949197922,144.09461635687657,146.07162962618466,68826400
2022-12-06,141.26751708984375,145.60706154376354,140.28888988152556,145.37970919236668,64727200
2022-12-07,139.32015991210938,141.72222435308203,138.39096104602496,140.55579349287746,69721100
2022-12-08,141.01048278808594,141.87049392300491,139.47830938217072,140.72382246539036,62128300
2022-12-09,140.52610778808594,143.89691905591846,139.28057976630063,140.7040317435328,76097000
2022-12-12,142.829345703125,142.83922534059286,139.43875970806542,141.05991017433828,70462700
2022-12-13,143.79806518554688,148.24634516014598,142.58220621584587,147.78174582279246,93886200
2022-12-14,141.5640411376953,144.9743859949628,139.5375995292449,143.67944472283807,82291200
2022-12-15,134.93115234375,140.17024039649047,134.46655303010576,139.48816842184618,98931900
2022-12-16,132.96401977539062,136.06792995299983,132.19298581991796,135.1189720463015,160156900
2022-12-19,130.84860229492188,133.64607753663165,129.81068252303507,133.55711557048346,79592600
2022-12-20,130.77943420410156,131.7185125149171,128.39712953221752,129.87988952300458,77432800
2022-12-21,133.8932342529297,135.23760401600552,131.2242690848365,131.45162141055363,85928000
2022-12-22,130.71023559570312,133.01345799694343,128.80242492111796,132.8058800384377,77852100
2022-12-23,130.34449768066406,130.8980590346716,128.150011539123,129.4152989435447,63814900
2022-12-27,128.53550720214844,129.8996510860134,127.24056601774359,129.86999709579138,69007800
2022-12-28,124.59138488769531,129.52403118980348,124.4233405593597,128.17966147970347,85438400
2022-12-29,128.12034606933594,128.9803420184741,126.26195630324504,126.51896259932623,75703700
2022-12-30,128.43666076660156,128.45643512279935,125.9654017030859,126.93414153068441,77034200
2023-01-03,123.63253021240234,129.39551842727084,122.74287269172645,128.78264911213327,112117500
2023-01-04,124.90769958496094,127.18126787275598,123.64241229292817,125.4316068972832,89113600
2023-01-05,123.58309173583984,126.30148488412831,123.32608545003059,125.66884126386319,80962700
2023-01-06,128.13021850585938,128.79251610668766,123.45458659001618,124.56171667837158,87754700
2023-01-09,128.65411376953125,131.87665458355607,128.39710751190108,128.97044308668717,70790800
2023-01-10,129.2274627685547,129.7513700565325,126.64745995571087,128.76286346285156,63896200
2023-01-11,131.95578002929688,131.97553930551643,128.9606055895864,129.7415193359335,69458900
2023-01-12,131.87669372558594,132.71691544226815,129.9293341536629,132.3412931209229,71379600
2023-01-13,133.21115112304688,133.36931580754018,130.14678954891528,130.51253218381837,57809700
2023-01-17,134.37762451171875,135.71209971819903,132.58842951445754,133.2803812974567,63646600
2023-01-18,133.65599060058594,137.01690717262807,133.47805156045354,135.24748690824802,69672800
2023-01-19,133.71530151367188,134.68403382720132,132.23254150823482,132.53897616267878,58280400
2023-01-20,136.285400390625,136.4336854309728,132.67735732670167,133.72517191147224,80223600
2023-01-23,139.48817443847656,141.67278077878365,136.31506144495467,136.5325341153351,81760300
2023-01-24,140.891845703125,141.51460969317372,138.68748018952127,138.6973598255773,66435100
2023-01-25,140.2295379638672,140.7929788466698,137.21459000886787,139.27068541615571,65799300
2023-01-26,142.305419921875,142.59208020551668,140.26908361074402,141.52449124388164,54105100
2023-01-27,144.2527618408203,145.5378234459024,141.43552706245464,141.51460940098116,70555800
2023-01-30,141.3564453125,143.87714018615392,141.208175354279,143.29392490593287,64015300
2023-01-31,142.6316375732422,142.6810659292456,140.64474436260411,141.05991540288298,65874500
2023-02-01,143.75851440429688,144.92496009089808,139.69576656602072,142.31530314667881,77663600
2023-02-02,149.08657836914062,149.44242627870938,146.46702672863907,147.18863235095503,118339000
2023-02-03,152.72427368164062,155.571177590554,146.13093629775682,146.32863460622823,154357300
2023-02-06,149.98611450195312,151.3403789118004,149.04703617157855,150.81647157748358,69858300
2023-02-07,152.87252807617188,153.44586367074996,148.90862234047623,148.90862234047623,83322600
2023-02-08,150.17393493652344,152.80336635897712,149.43255491704016,152.11141469080906,64120100
2023-02-09,149.13601684570312,152.55625702775345,148.69119180013038,152.01257526831264,56007100
2023-02-10,149.50230407714844,149.8290111554016,147.73018216274517,147.9677914305051,57450700
2023-02-13,152.31396484375,152.71985991539307,149.41321016170093,149.44290943263957,62199000
2023-02-14,151.67044067382812,152.23475701699866,149.35380697400552,150.60122163396125,61707600
2023-02-15,153.77919006347656,153.94749097395436,151.35365383790918,151.58135329250317,65573800
2023-02-16,152.17535400390625,154.76919088525318,151.8189476677602,151.97733873436857,68167900
2023-02-17,151.02694702148438,151.47245120963535,149.34392280711089,150.8289468385779,59144100
2023-02-21,146.99755859375,149.7894107206676,146.92826533516197,148.70038717333577,58867200
2023-02-22,147.42327880859375,148.4528887502369,145.69075089528818,147.3836697109664,51011300
2023-02-23,147.90838623046875,148.83900369928494,145.76996312428713,148.59149969615066,48394200
2023-02-24,145.2452392578125,145.720442659753,144.26511807901926,145.64123957502227,55469600
2023-02-27,146.44313049316406,147.68065020234755,145.97782187399574,146.23523564162863,44998500
2023-02-28,145.93824768066406,147.59157242356576,145.36403664496177,145.58184135182967,50547000
2023-03-01,143.8592071533203,145.76003585720164,143.5621993638043,145.36403554214274,55479000
2023-03-02,144.4532470703125,145.24526294031543,142.4633051197938,142.9385237056633,52238100
2023-03-03,149.52207946777344,149.60128254158136,145.859024166197,146.5619268982745,70732300
2023-03-06,152.29412841796875,154.73946858972164,151.9278274154318,152.2545193273777,87558000
2023-03-07,150.08641052246094,152.49214181283335,149.62110185942342,152.16543476603405,56182000
2023-03-08,151.34375,151.93776567756532,150.31413994619248,151.2843514535327,47204800
2023-03-09,149.08648681640625,152.99704649679572,148.73008049756518,152.02683517023416,53833600
2023-03-10,147.0173797607422,149.43302127956616,146.1362661024609,148.7103138108838,68572400
2023-03-13,148.96771240234375,151.61105337476013,146.2253637849075,146.33426615185107,84457100
2023-03-14,151.06654357910156,151.86845415267095,148.60141331315802,149.76962498664284,73695900
2023-03-15,151.4625244140625,151.71992308668965,148.42316862217967,149.6804929323757,77167900
2023-03-16,154.29397583007812,154.89788610113325,150.1260024664939,150.64081493684654,76161100
2023-03-17,153.4524688720703,155.17510202547024,152.7396561952458,154.52168788730708,98944600
2023-03-20,155.82850646972656,156.24432646768744,152.6109545912959,153.5217825705538,73641400
2023-03-21,157.6897430419922,157.80854012474336,154.97709383642948,155.7493201936468,73938300
2023-03-22,156.2542266845703,160.5211932163919,156.23442213481738,157.70955140928402,75701800
2023-03-23,157.34324645996094,159.93709883089704,156.10572637477364,157.24425391701376,67622100
2023-03-24,158.65005493164062,158.73915274100096,156.27402271003157,157.27393337455686,59196500
2023-03-27,156.69973754882812,159.1648829259014,156.2938273470206,158.34316780021032,52390300
2023-03-28,156.07603454589844,156.90765956371112,154.422709446,156.39284695391223,45992200
2023-03-29,159.16488647460938,159.4420897633789,157.75906547972215,157.7788549243155,51305700
2023-03-30,160.73899841308594,160.84790077737682,159.659884598305,159.9172833200629,49501700
2023-03-31,163.25360107421875,163.3526086978247,160.29346346957524,160.81817064051347,68749800
2023-04-03,164.51092529296875,164.62972235607688,162.58039748524962,162.62990129702547,56976200
2023-04-04,163.9763641357422,165.17427510350078,163.46155155698554,164.936680918264,46278300
2023-04-05,162.125,163.40212898364032,160.1845772758085,163.0952264685397,51511700
2023-04-06,163.0160369873047,163.3130448064106,160.38259082111486,160.80829044689202,45390100
2023-04-10,160.41229248046875,160.41229248046875,158.48176428720794,159.80838211165943,47716900
2023-04-11,159.194580078125,160.73900266239136,158.90746697083827,160.72910794044708,47644200
2023-04-12,158.50157165527344,160.44199460478865,158.18475927615913,159.61038476928212,50133100
2023-04-13,163.9070281982422,164.1446374499689,159.8083630212289,160.01627300479524,68445600
2023-04-14,163.560546875,164.65946521821587,162.18442526560762,162.94672669437054,49386500
2023-04-17,163.58030700683594,163.73871316096566,162.39229106374768,163.44170539858303,41516200
2023-04-18,164.80796813964844,165.73858561594125,163.99614775175192,164.44166704612937,49923000
2023-04-19,165.95639038085938,166.48109766330478,163.8872454167369,164.14465925023921,47720200
2023-04-20,164.98614501953125,166.19396563576217,163.90703130539762,164.43173852810273,52456400
2023-04-21,163.37242126464844,164.7881366917755,162.84771406794957,163.40212053189984,58337300
2023-04-24,163.67933654785156,163.94664508043508,162.25371118266517,163.35262947612597,41949600
2023-04-25,162.13490295410156,164.64953661232676,162.09529385976796,163.54072367407858,48714100
2023-04-26,162.125,163.6298284131595,161.1745931859106,161.43199188421733,45498800
2023-04-27,166.72857666015625,166.8770729984066,163.54072434320634,163.54072434320634,64902300
2023-04-28,167.98590087890625,168.15421688581486,166.2038842356674,166.80779457565893,55209200
2023-05-01,167.89678955078125,168.74820381228082,166.9562774855819,167.58988704485296,52472900
2023-05-02,166.85728454589844,168.6492261368123,165.86726857821876,168.3918123170909,48425700
2023-05-03,165.77816772460938,169.21352427793394,165.4910697460863,167.8077034423993,65136000
2023-05-04,164.13473510742188,165.3722550253471,162.66951575440282,163.24372680909343,81235400
2023-05-05,171.83706665039062,172.55977402605672,169.055109287866,169.27291399392053,113316400
2023-05-08,171.76776123046875,172.1142728432519,170.39163971305302,170.75794076749395,55962800
2023-05-09,170.05506896972656,171.80738658228358,169.88676804624944,171.32228836356919,45326900
2023-05-10,171.82717895507812,172.29248769554175,170.1837487273319,171.29257694818676,53724500
2023-05-11,172.01527404785156,172.84688383352895,170.4510470092042,172.11428168700377,49514700
2023-05-12,171.08335876464844,172.5605130962495,169.52687667093326,172.12430116865193,45497800
2023-05-15,170.58766174316406,171.71784028672823,169.99282456135643,171.6682680003546,37266700
2023-05-16,170.58766174316406,171.6484360603376,170.31998349861684,170.50834911043384,42110300
2023-05-17,171.20233154296875,171.4402543357864,168.9518826544196,170.23077817517168,57951600
2023-05-18,173.54202270507812,173.73038835732433,171.09329948055986,171.50967954625827,65496700
2023-05-19,173.6510467529297,174.87044639396197,173.43294078431077,174.87044639396197,55772400
2023-05-22,172.69932556152344,173.20494177332736,171.95578654636702,172.481219573557,43570900
2023-05-23,170.08206176757812,171.88639029719062,169.80447509030535,171.6385439691014,50747300
2023-05-24,170.35968017578125,170.9346855793286,169.05105918594487,169.6161410530231,45143500
2023-05-25,171.49974060058594,172.4018896852921,170.21093674442764,170.92473533776644,56058300
2023-05-26,173.91871643066406,174.2557989304357,171.61871039409903,171.82690796374212,54835000
2023-05-30,175.7726287841797,177.44807247659148,175.04892170114425,175.43556138959772,55964400
2023-05-31,175.72303771972656,177.80495282122013,175.2372534954211,175.80235035598085,99625300
2023-06-01,178.53858947753906,178.5683298287558,175.405808045758,176.1691790241155,68901800
2023-06-02,179.3911590576172,180.21401063542314,177.7157155545107,179.47047169338217,61945900
2023-06-05,178.032958984375,183.35669275593358,176.50621727974132,181.05668691999816,121946500
2023-06-06,177.66616821289062,178.56831734898336,175.90148844243106,178.41961560329207,64848400
2023-06-07,176.2881622314453,179.6489581922576,175.79246952260962,176.90281634965245,61944600
2023-06-08,179.01446533203125,179.2821284929526,175.93125619506344,176.367453055308,50214900
2023-06-09,179.40109252929688,180.6601409825454,179.0739335613958,179.93643394119178,48870700
2023-06-12,182.20669555664062,182.30584013644759,179.4109969086846,179.70841552076647,54274900
2023-06-13,181.7308349609375,182.5635949733869,180.86833459999627,181.2252339092373,54929100
2023-06-14,182.36534118652344,182.8015531826157,180.45197462688512,181.79033583961464,57462900
2023-06-15,184.40760803222656,184.91322430946659,182.196822643367,182.37527989631698,65433200
2023-06-16,183.3269805908203,185.37915556544473,182.68258615200966,185.12138568804832,101235600
2023-06-20,183.41619873046875,184.4968202621219,182.82137659501507,182.82137659501507,49799100
2023-06-21,182.375244140625,183.81274978200145,181.01703601018858,183.30713360389032,49515700
2023-06-22,185.38905334472656,185.43862563579464,182.0877384404729,182.15714267343606,51245300
2023-06-23,185.07180786132812,185.94423180057566,183.41619616013958,183.95155271461957,53079300
2023-06-26,183.67396545410156,186.43001547826037,183.63430156934749,185.22052415803645,48088700
2023-06-27,186.43992614746094,186.767085127622,184.07051577054278,184.28862175731683,50730800
2023-06-28,187.6196746826172,188.26406909954764,185.9838949305078,186.31103877905792,51216800
2023-06-29,187.95675659179688,188.43263248114428,187.312362125066,187.45115547762376,46347300
2023-06-30,192.29901123046875,192.8046122965116,189.61235036422667,189.9791732182635,85069600
2023-07-03,190.80201721191406,192.20978249103928,190.10803541561756,192.11063791232868,31458200
2023-07-05,189.68174743652344,191.3175270975779,188.97785723169864,189.91968534956396,46920300
2023-07-06,190.15760803222656,190.36580559694158,187.57009184775086,188.20457782150964,45094300
2023-07-07,189.03733825683594,191.01020041329645,188.60114143984475,189.76106040417397,46778000
2023-07-10,186.98519897460938,188.35331565327752,185.42871665150543,187.62959342704087,59922200
2023-07-11,186.45974731445312,187.66923857945199,184.9925013196807,187.53044524382943,46638100
2023-07-12,188.1352081298828,190.04857465553215,186.84640410814296,188.04597194874682,60750200
2023-07-13,188.89857482910156,189.54298444064506,188.14512734155142,188.85892606758472,41342300
2023-07-14,189.0472869873047,189.53305615859267,187.99642086899894,188.59124304090398,41573900
2023-07-17,192.31884765625,192.64600663390738,190.15761974766676,190.24684079775338,50520200
2023-07-18,192.0610809326172,192.65591819761897,190.76236853561463,191.6843647836334,48353800
2023-07-19,193.4192657470703,196.52229125160747,190.99035981508428,191.43649527350667,80507300
2023-07-20,191.4662628173828,194.77748634801802,190.84168518874347,193.40936968617578,59581200
2023-07-21,190.2864990234375,193.29039530573385,189.58260879656223,192.42789492586837,71917800
2023-07-24,191.0895233154297,193.230919269526,190.5938306479448,191.7438412670713,45377800
2023-07-25,191.9520263671875,192.7649696142135,191.25805964859208,191.66453127210508,37283200
2023-07-26,192.82443237304688,193.95461096026835,191.65460503159764,192.0015807949404,47471900
2023-07-27,191.55548095703125,195.50119046422063,190.89125457942112,194.33136299756583,47460200
2023-07-28,194.1429901123047,194.9361013981904,192.46754649179775,192.99297950413737,48291400
2023-07-31,194.75762939453125,194.79729327585247,193.5778785263088,194.37098975201062,38824100
2023-08-01,193.9248809814453,195.0352276872512,193.59772201405482,194.54945856713078,35175100
2023-08-02,190.92098999023438,193.4985827896997,190.1972829299724,193.3597894476311,50389300
2023-08-03,189.5231475830078,190.71280705310875,189.04728682043563,189.91971082460205,61235200
2023-08-04,180.42222595214844,185.76579240309633,180.35282171627148,183.92181504025928,115799700
2023-08-07,177.3092803955078,181.5524085909385,175.82220233279125,180.56102321579414,97576100
2023-08-08,178.25111389160156,178.71706628147237,176.05023689652646,178.14206088275216,67823000
2023-08-09,176.6549530029297,179.3713391045639,175.48511045638642,179.31185840559957,60378500
2023-08-10,176.43682861328125,179.19287831156532,176.07002092304583,177.93381484794008,54686900
2023-08-11,176.49639892578125,177.32036168980022,175.26543082107975,176.02983256684112,51988100
2023-08-14,178.15426635742188,178.38258864969947,176.01990054114177,176.6751020557822,43675600
2023-08-15,176.1588897705078,178.17411849604412,175.7618061867858,177.5784931204611,43622600
2023-08-16,175.2852783203125,177.2409306015471,175.21578037161723,175.84120131881224,46964900
2023-08-17,172.73399353027344,176.218449670705,172.21777275650916,175.85114660071363,66062900
2023-08-18,173.22042846679688,173.82599075554495,170.70883778094841,171.04636032936088,61114200
2023-08-21,174.56060791015625,174.8485063914746,172.47589631953025,173.79622123414413,46311900
2023-08-22,175.94049072265625,176.38721354501158,174.96762533098521,175.77172944077836,42084200
2023-08-23,179.8022003173828,180.2290795956185,177.0325064942749,177.22112651388355,52722800
2023-08-24,175.0966796875,179.78233860000068,174.72936147404116,179.355459364837,54945800
2023-08-25,177.3104248046875,177.84648907112668,174.54073165718205,176.08937859107888,51449600
2023-08-28,178.87896728515625,179.27605088665493,177.25090028258217,178.77968881089737,43820700
2023-08-29,182.7803497314453,183.55467328918405,178.19396940518234,178.39251118833664,53003900
2023-08-30,186.28466796875,186.48322490340712,183.39585240180426,183.59439418869403,60813900
2023-08-31,186.50306701660156,187.7439721096439,186.11590523348306,186.47328650618994,60794500
2023-09-01,188.08151245117188,188.53815704908098,186.91009015003394,188.11129296200212,45732600
2023-09-05,188.31976318359375,188.59772472633045,186.24497340110617,186.91009674606673,45280000
2023-09-06,181.5791778564453,187.47596172928527,180.14965265723944,187.02922374370715,81755800
2023-09-07,176.26808166503906,176.91336139268128,172.27732670257566,173.90539355501954,112488800
2023-09-08,176.88357543945312,178.9285998393183,176.4964136407334,177.05235186894313,65551300
2023-09-11,178.05499267578125,178.98815574028976,176.04968578063105,178.75983344187836,58953100
2023-09-12,175.01727294921875,178.81940831086655,173.54804542949864,178.18406545251986,90370200
2023-09-13,172.9424591064453,176.00997270905043,172.71412167424248,175.22571224634177,84267900
2023-09-14,174.46133422851562,174.81871550108795,172.3170465930817,172.73398888645488,60895800
2023-09-15,173.7366180419922,175.2157822233053,172.5552892315787,175.19592350235882,109205100
2023-09-18,176.67507934570312,178.0748237249369,174.88817323899673,175.1959152341974,67257600
2023-09-19,177.76712036132812,178.3230434602776,175.84123309156146,176.22839490317045,51826900
2023-09-20,174.21316528320312,178.39252544188162,174.12380859804207,177.95572439538154,58436200
2023-09-21,172.6644744873047,175.0172406192522,172.5949916855764,173.27997365508898,63047900
2023-09-22,173.51824951171875,175.7915963241489,172.7836433268308,173.3991274596328,56725400
2023-09-25,174.79885864257812,175.6823824720043,172.88289328236814,172.93253251615403,46172700
2023-09-26,170.70883178710938,173.92524796713502,170.41101154694528,173.54802313417602,64588900
2023-09-27,169.18995666503906,171.78096710415326,167.8200077433672,171.36402481079512,66921800
2023-09-28,169.4480743408203,170.77832096236608,166.40040416763804,168.1078907839796,56294400
2023-09-29,169.96429443359375,171.81076180692196,169.10061419351356,170.76839850543928,51814200
2023-10-02,172.4857940673828,173.03179529398386,169.6863051315917,169.9742035727841,52164500
2023-10-03,171.14561462402344,172.36667607241205,169.5771240058018,171.0066338674304,49594600
2023-10-04,172.396484375,172.94248570241592,169.726053912722,169.84517596678774,53020300
2023-10-05,173.6373748779297,174.17343922355133,171.42358924241523,172.52551359241795,48527900
2023-10-06,176.1986083984375,176.69497045530053,171.91995474415313,172.53545399514545,57224100
2023-10-09,177.68768310546875,177.74724412480685,174.52089096334598,175.52353680032698,42390800
2023-10-10,177.092041015625,178.41236580749592,176.6552400140717,176.80415770883764,43698000
2023-10-11,178.49179077148438,178.54143000452555,176.30780084757703,176.90342620076967,47551100
2023-10-12,179.39517211914062,181.01330204161414,177.73730960362397,178.75982932462722,56743100
2023-10-13,177.5487060546875,180.60628286156256,176.84386529966793,180.09999903884182,51427100
2023-10-16,177.41966247558594,177.77704377786506,175.22573542452864,175.4639946753042,52517000
2023-10-17,175.86105346679688,177.12181720914745,173.52816111664285,175.3646914585386,57549400
2023-10-18,174.56060791015625,176.2879533547619,173.8359235344459,174.3025050887744,54764400
2023-10-19,174.18336486816406,176.5460377577175,173.9153251388443,174.75913147519677,59302900
2023-10-20,171.62216186523438,174.14367462886938,171.38390260775535,174.03447436266262,64189300
2023-10-23,171.74127197265625,172.7439178760632,168.69360166729962,169.66648220683237,55980100
2023-10-24,172.1780548095703,172.40637709061713,170.2025285754243,171.79089305137515,43816600
2023-10-25,169.85511779785156,171.8008487599163,169.4083797866938,170.62944146713008,57157000
2023-10-26,165.67572021484375,170.13305676328346,164.4645956319317,169.1303957533013,70625300
2023-10-27,166.9960479736328,167.73066925493364,165.6161620916175,165.69558183671225,58499100
2023-10-30,169.05096435546875,169.92456632823416,167.6412980843576,167.79021577395145,51131000
2023-10-31,169.5275115966797,169.65655543893973,166.67838291410567,168.1178450859905,44846000
2023-11-01,172.70419311523438,172.96229589848681,168.88219970872248,169.75580166398598,56934900
2023-11-02,176.2780303955078,176.4864939793014,174.18338188289627,174.2429429068373,77334800
2023-11-03,175.36468505859375,175.53346146527645,172.08870804185926,172.97223177840408,79763700
2023-11-06,177.92593383789062,178.1244756256995,174.92791800211177,175.09667927913767,63841300
2023-11-07,180.49710083007812,181.1125849169399,177.66783112206795,177.87629469765844,70530000
2023-11-08,181.55929565429688,182.1152186825965,180.26875139702054,181.02323134779837,49340300
2023-11-09,181.08279418945312,182.78034380026955,180.48715371155149,181.62879543623518,53763500
2023-11-10,185.2875518798828,185.4565506612299,182.43468499907056,182.87206148972973,66133400
2023-11-13,183.69711303710938,184.91976812620925,183.11063780884533,184.7110299042217,43627500
2023-11-14,186.32135009765625,186.987349680322,185.18815428767326,186.579792942837,60108400
2023-11-15,186.88795471191406,188.3690678828249,186.65933159416437,186.72892111610665,53790500
2023-11-16,188.57778930664062,189.82032912157422,187.52410280269015,188.43862545407694,54412900
2023-11-17,188.55792236328125,189.24380683321974,187.44461143684416,189.11457782649978,50922700
2023-11-20,190.30740356445312,190.76466491067268,188.7467813740569,188.75671623264228,46505100
2023-11-21,189.50222778320312,190.37698064874536,188.60760520178732,190.2676365405526,38134500
2023-11-22,190.16822814941406,191.77855487032625,189.69109711501824,190.3471617671388,39617700
2023-11-24,188.83624267578125,189.76068506922263,188.1205384889839,189.73086532541635,24048300
2023-11-27,188.6573028564453,189.53205575999598,187.77261509452617,188.78653185384877,40552600
2023-11-28,189.263671875,189.9396214691522,188.26963995303524,188.64737693705334,38415400
2023-11-29,188.2398223876953,190.9435904601538,187.84221568139642,189.76069003248776,43014200
2023-11-30,188.8163604736328,189.1841625986753,187.06686975200412,188.70701635554832,48794400
2023-12-01,190.09866333007812,190.41674564636727,188.10064953196948,189.19409067360718,45679300
2023-12-04,188.2994384765625,188.9157485127765,186.33125973984195,188.84615900557424,43389500
2023-12-05,192.26564025878906,193.23978723319652,189.04497157673757,189.07480648679842,66628400
2023-12-06,191.17221069335938,193.59763564136293,190.96345733322272,193.28948819788866,41089700
2023-12-07,193.11058044433594,193.8362194805571,192.43463086867496,192.4744006383907,47477700
2023-12-08,194.54197692871094,194.82030462884575,192.5141434931892,193.0409791518531,53377300
2023-12-11,192.02706909179688,192.3352317119437,190.27757846347603,191.957494748212,60943700
2023-12-12,193.5479736328125,193.5579084922386,190.5758125501861,191.92769665062553,52696900
2023-12-13,196.77857971191406,196.81833431777545,193.6871396116279,193.92569758224516,70404200
2023-12-14,196.92767333984375,198.4286561477334,194.9893140401918,196.83821410318075,66831600
2023-12-15,196.39089965820312,197.2159328291742,195.82429416614897,196.3511298862745,128256700
2023-12-18,194.72091674804688,195.45650584640038,193.22986883323685,194.91972010314345,55751900
2023-12-19,195.7646484375,195.77458329630363,194.72091188963017,194.98930475456203,40714100
2023-12-20,193.66725158691406,196.50023361616374,193.66725158691406,195.72488988877126,52242800
2023-12-21,193.51812744140625,195.90381315665195,192.34517705306277,194.92966611931476,46482500
2023-12-22,192.444580078125,194.24377537319003,191.81833513340536,194.01513711760236,37122800
2023-12-26,191.8978729248047,192.73285613100865,191.67918468017166,192.45452839560733,28919300
2023-12-27,191.9972686767578,192.34518593287333,189.94956524818429,191.34121910492223,48087700
2023-12-28,192.42471313476562,193.4982694967864,192.01715638138543,192.98136861854135,34049900
2023-12-29,191.38096618652344,193.23980104114617,190.58573760932344,192.7427850763616,42628800
2024-01-02,184.53208923339844,187.31538170646215,182.79253333369908,186.03307200647276,82488700
2024-01-03,183.15036010742188,184.77063680356278,182.3352467466545,183.1205403666837,58414500
2024-01-04,180.82435607910156,181.99730650228184,179.80050438167336,181.06291404030495,71983600
2024-01-05,180.09869384765625,181.6692660827433,179.09472708075188,180.90387243418792,62303300
2024-01-08,184.4525604248047,184.49233019548157,180.41679326133186,181.0032684531674,59144500
2024-01-09,184.03506469726562,184.04499955584959,181.63944418662982,182.82234457021028,42841800
2024-01-10,185.0788116455078,185.2875498615879,182.82235486658107,183.24979649333252,46792900
2024-01-11,184.4823760986328,185.93366934185158,182.524132048394,185.42670336710847,49128400
2024-01-12,184.81040954589844,185.6255229866903,184.08477050382692,184.9495734055796,40444700
2024-01-16,182.53408813476562,183.16031793652851,179.85018978995151,181.07285998444632,65603000
2024-01-17,181.58973693847656,181.83824490899738,179.22395137316974,180.18816351220838,47317400
2024-01-18,187.50424194335938,188.01119275141858,184.72094959289208,184.979392426226,78005800
2024-01-19,190.41676330566406,190.8044351704297,187.693125392904,188.20007624137466,68741000
2024-01-22,192.7328338623047,194.16424214625192,191.1125571009308,191.15232686866392,60133900
2024-01-23,194.01515197753906,194.58175747905844,192.67321792314553,193.8561183903394,42355600
2024-01-24,193.33921813964844,195.20800309667513,193.1801693842155,194.25372573180164,53631300
2024-01-25,193.01116943359375,195.0986424607324,191.95749806154728,194.0549059471631,54822100
2024-01-26,191.27162170410156,193.59765277461963,190.79449062577763,193.11058683739938,44594000
2024-01-29,190.5857391357422,191.05293535979936,188.44857653714126,190.8640668648328,47145600
2024-01-30,186.91775512695312,190.65532484477694,186.35116482109103,189.80045678886228,55859400
2024-01-31,183.29949951171875,185.98339811587047,183.24981004460298,185.92374345342654,55467800
2024-02-01,185.7447967529297,185.8342559814184,182.72294652699253,182.891930125601,64885400
2024-02-02,184.7408447265625,186.21200777158808,178.18022776276848,178.78658786144558,102518000
2024-02-05,186.55990600585938,188.120543422021,184.73089088840356,187.02710222804,69668800
2024-02-06,188.1702423095703,188.180177168222,185.65534280788862,185.74480203892318,43490800
2024-02-07,188.27960205078125,189.9098139006124,187.48437342868021,189.5022571462235,53439000
2024-02-08,187.19610595703125,188.40881099372643,186.23189374257132,188.25971226684047,40962000
2024-02-09,187.96246337890625,189.09710508715864,187.11645206865865,187.76339117385248,45155200
2024-02-12,186.27044677734375,187.78330749959082,185.91213805857674,187.53448242231033,41781900
2024-02-13,184.1703643798828,185.33487911795885,182.64755610649428,184.89694454758455,56529500
2024-02-14,183.28456115722656,184.65808055839094,181.5826059912504,184.44907598078342,54630500
2024-02-15,182.9959259033203,183.62296999377594,180.4977274519665,182.68738521978767,65434500
2024-02-16,181.4532012939453,183.98127264473297,180.816209688257,182.5579852711476,49701400
2024-02-20,180.7067413330078,181.57264783618368,179.15407511197006,180.93565617660207,53665600
2024-02-21,181.46316528320312,182.03047857973698,179.8109630738625,181.08494629412857,41529700
2024-02-22,183.5035400390625,184.09077884972692,181.60252771208349,182.6177232415446,52292200
2024-02-23,181.6622314453125,184.1703774935557,181.37358582743232,184.14051969682032,45119700
2024-02-26,180.30860900878906,181.90108040317875,179.8009961275691,181.38353517321784,40867400
2024-02-27,181.77171325683594,183.05564406470424,178.71613380047907,180.24890489042258,54318900
2024-02-28,180.56739807128906,182.25940572629614,179.28346722817705,181.65227187035535,48953900
2024-02-29,179.90054321289062,181.71199718953457,178.6862755375109,180.41810366151438,136682600
2024-03-01,178.815673828125,179.6815803178056,176.54639012704013,178.7061901764464,73488000
2024-03-04,174.277099609375,176.0686281128373,172.9732433768994,175.3221528407019,81510100
2024-03-05,169.32049560546875,171.2314705105848,168.82284541599856,169.95748724050745,95132400
2024-03-06,168.32518005371094,170.43522699407845,167.88724549652,170.256065044738,68587700
2024-03-07,168.20574951171875,169.92761476617306,167.6981518296525,168.35503848083317,71765100
2024-03-08,169.92762756347656,172.8836708711805,168.14604658720506,168.20576217934803,76114600
2024-03-11,171.93814086914062,173.56048535052068,171.2414336396481,172.12725037151972,60139500
2024-03-12,172.41587829589844,173.21212162678884,170.20631026653984,172.33625244410158,59825400
2024-03-13,170.3257598876953,172.37607625258147,169.95748841772314,171.9580519129805,52488700
2024-03-14,172.1869659423828,173.49080701178275,171.2414336176872,172.0973925529764,72913500
2024-03-15,171.80873107910156,171.80873107910156,169.4896795825833,170.36554869703198,121664700
2024-03-18,172.90357971191406,176.87483361469177,172.70452267737835,174.7448914522954,75604200
2024-03-19,175.2524871826172,175.77999515234478,172.2168180823409,173.52065910891577,55215200
2024-03-20,177.83030700683594,177.83030700683594,174.2671300256647,174.89417408943874,53423100
2024-03-21,170.56460571289062,176.65585381045534,170.037097774542,176.21791925324277,106181300
2024-03-22,171.47035217285156,172.23673773536032,169.26078406375387,170.95279171103329,71106600
2024-03-25,170.0470733642578,171.13194711675717,168.65364374159117,169.76839047714014,54288300
2024-03-26,168.9124298095703,170.61438491064948,168.78303590364706,169.20106023000122,57388400
2024-03-27,172.49551391601562,172.78415954350993,169.31055559917013,169.60914876354798,60273300
2024-03-28,170.67410278320312,171.4205780589011,169.70866021166748,170.94283813483634,65672700
2024-04-01,169.2309112548828,170.4451788535061,168.68349304450714,170.38546326457012,46240500
2024-04-02,168.04649353027344,168.54414366405445,167.43935975957754,168.28537106183597,49329500
2024-04-03,168.85269165039062,169.8778497555363,167.78772821512752,167.99673277562965,47691700
2024-04-04,168.026611328125,171.11203328162168,168.026611328125,169.48968886138192,53704400
2024-04-05,168.78302001953125,169.58921080070664,168.15597599547186,168.7929675547899,42055200
2024-04-08,167.65834045410156,168.40481571452685,167.4493358859462,168.23561647794648,37425500
2024-04-09,168.87261962890625,169.2806964440478,167.55883097808936,167.90717701117094,42451200
2024-04-10,166.9915008544922,168.29534195603523,166.3246514051182,168.00671152069506,49709300
2024-04-11,174.2173614501953,174.63540094951088,167.36970557110288,167.54885233902874,91070300
2024-04-12,175.7202911376953,177.52178245719062,173.39129181372058,173.44104468475973,101593300
2024-04-15,171.87840270996094,175.7998881273465,171.68929323241036,174.53585255667426,73531800
2024-04-16,168.58399963378906,172.94340539530876,167.47921549696915,170.94285690412892,73711200
2024-04-17,167.21046447753906,169.84800441976404,167.21046447753906,168.81289870293196,50901200
2024-04-18,166.2549591064453,167.8474456964944,165.7672716683895,167.24031189258443,43122900
2024-04-19,164.2245635986328,165.6179780634261,163.3088890664717,165.42888374733738,67772100
2024-04-22,165.06060791015625,166.47393259764522,163.9956444231876,164.74211969252124,48116400
2024-04-23,166.11563110351562,166.26493527613894,164.1449405589347,164.57292762929356,49537800
2024-04-24,168.22567749023438,168.50436038665487,165.4288858023208,165.75732156896873,48251800
2024-04-25,169.09158325195312,169.80820075027214,167.3597550998357,168.73327450279362,50558300
2024-04-26,168.5043487548828,170.53475474394267,168.38490238817732,169.081624768213,44838400
2024-04-29,172.68460083007812,175.20270935632288,172.28648678772151,172.55520693212748,68169400
2024-04-30,169.5294952392578,174.16759809934044,169.2010443307548,172.51539602156524,65934800
2024-05-01,168.5043487548828,171.89832652202932,168.31523926242042,168.78303163206596,50383100
2024-05-02,172.21682739257812,172.6049939419865,170.08688513916925,171.69926693100732,94214900
2024-05-03,182.51817321777344,186.12115543095717,181.80155578938326,185.7727942523785,163224100
2024-05-06,180.8560333251953,183.3343214775735,179.5720873686165,181.4930249418685,78569700
2024-05-07,181.5427703857422,184.0310211595987,180.46785941606433,182.58783874817743,77305800
2024-05-08,181.88119506835938,182.20964601288568,180.59724908638574,181.9906787165348,45057100
2024-05-09,183.7025909423828,183.79216432803474,181.25414542501753,181.70202754035518,48983000
2024-05-10,182.43685913085938,184.47001925959685,181.51994258592455,184.280653249985,50759500
2024-05-13,185.65602111816406,186.47328168344126,184.00157793065927,184.81883849593646,72044800
2024-05-14,186.80215454101562,187.66925062518712,185.66597383097238,186.88188838827716,52393600
2024-05-15,189.0845184326172,190.01139602124525,186.7423838683229,187.28058361009533,70400000
2024-05-16,189.2041015625,190.45989075478766,189.02471179656044,189.83199615864385,52845200
2024-05-17,189.23399353027344,190.17084727488813,188.54630236847427,188.87519880271202,41282900
2024-05-20,190.40008544921875,191.27714266640717,188.37688635675946,188.69582178398366,44361300
2024-05-21,191.70570373535156,192.08442053272114,190.28048580582154,190.44991454290118,42309400
2024-05-22,190.2605438232422,192.17412585880137,189.63266445026173,191.625965130265,34648500
2024-05-23,186.2540283203125,190.3602230291439,186.00486572472462,190.34028576334703,51005900
2024-05-24,189.3436279296875,189.94162421863646,187.41012383078694,188.1875250894915,36294600
2024-05-28,189.3535919189453,192.35350378297326,188.46657377923762,190.86848939299406,52280100
2024-05-29,189.65260314941406,191.60604467860838,188.87521703261189,188.97488815842905,53068000
2024-05-30,190.6492462158203,191.53626445370173,189.99146851693155,190.12102272627732,49947900
2024-05-31,191.6060333251953,191.92496874276912,189.27387511297837,190.79874896001851,75158300
2024-06-03,193.38006591796875,194.33685694398167,191.8751293663799,192.25384615761888,50080500
2024-06-04,193.69898986816406,194.66574186569684,192.38340418619828,193.98801176077237,47471400
2024-06-05,195.21389770507812,196.24044634116564,194.2172473626493,194.74547082752238,54156800
2024-06-06,193.82855224609375,195.84179017422778,193.5195930765027,195.03450583879902,41181800
2024-06-07,196.23048400878906,196.28031956711487,193.48969558531903,193.99798178181695,53103900
2024-06-10,192.4730987548828,196.63910486677477,191.50634675889475,196.2404356269631,97262100
2024-06-11,206.45611572265625,206.46609195915696,192.9814138224934,193.00133588013964,172373300
2024-06-12,212.35630798339844,219.46241499269527,206.20696163392407,206.67538853844061,198134300
2024-06-13,213.52236938476562,216.02395620562416,210.89121315624297,214.02069454325613,97862700
2024-06-14,211.77822875976562,214.44924427717243,210.59221246372425,213.13367378271622,70122700
2024-06-17,215.94422912597656,218.21659070332575,212.0074632920053,212.65527993528355,93728300
2024-06-18,213.5721893310547,217.89766325641614,212.28651711595563,216.86113841241473,79943300
2024-06-20,208.97763061523438,213.5223688231627,208.1504242370716,213.21339445126264,86172500
2024-06-21,206.7949981689453,211.18025387128242,206.4162661482939,209.68527826262047,246421400
2024-06-24,207.44281005859375,211.9875333707341,205.89799892378585,207.02421872275744,80727000
2024-06-25,208.36968994140625,210.67194975002218,207.91122410230182,208.44940858434205,56713900
2024-06-26,212.5356903076172,214.1402980033581,209.9344322470105,210.79155216910215,66213200
2024-06-27,213.3828582763672,215.01736433595826,211.63872006367095,213.97087836680484,49772700
2024-06-28,209.91448974609375,215.34624626528088,209.5955695452833,215.04724812174294,82542700
2024-07-01,216.02395629882812,216.78140506529675,211.2101334408119,211.37956216985054,60402900
2024-07-02,219.5321807861328,219.64181293490427,214.3795002092306,215.42597092933886,58046200
2024-07-03,220.80789184570312,220.80789184570312,218.29632866276663,219.26308073535034,37369800
2024-07-05,225.5818328857422,225.69146503075916,220.90754038733803,220.90754038733803,60412400
2024-07-08,227.056884765625,227.08678305881674,222.50218547217585,226.32931907748747,59085900
2024-07-09,227.9139862060547,228.631575647805,225.6117264169712,227.1664984715379,48076100
2024-07-10,232.19960021972656,232.29927134034506,228.48209857735924,228.5319341376685,62627700
2024-07-11,226.80772399902344,231.61157070495582,225.01375035477759,230.61492037011672,64710600
2024-07-12,229.76776123046875,231.86073301422448,227.91399100155513,228.1531925563972,53046500
2024-07-15,233.61483764648438,236.43535998230433,232.3092281117703,235.68787221439834,62631300
2024-07-16,234.03343200683594,235.47857190808813,231.55176727169922,234.2128217621178,43234300
2024-07-17,228.1133270263672,230.68468664215072,225.88082486496336,228.68140979310064,57345900
2024-07-18,223.42906188964844,229.66810263837593,221.52547133243425,229.50863493701104,66034600
2024-07-19,223.5586395263672,226.04030439428965,222.53209087352224,224.06694094221692,49151500
2024-07-22,223.20980834960938,227.01700459563804,222.34271224556252,226.24957960487185,48201800
2024-07-23,224.2563018798828,226.17984506717187,221.9341046141529,223.61844622977043,39960300
2024-07-24,217.80795288085938,224.04699357799979,216.40268749627205,223.24967028544495,61777600
2024-07-25,216.76148986816406,220.11023564894725,213.9010930254534,218.19665359620475,51391200
2024-07-26,217.2299041748047,218.75477790382115,215.2864239407029,217.96741565742542,41601300
2024-07-29,217.50897216796875,218.5654190781,215.0273073866339,216.23326096996,36311800
2024-07-30,218.06710815429688,219.5919820328496,215.39607720378967,218.45580119769897,41643800
2024-07-31,221.3361053466797,223.07028238181744,219.89096542123676,220.6982497488722,50036300
2024-08-01,217.62855529785156,223.72805013234773,216.29304757526307,223.618417993468,62501000
2024-08-02,219.12355041503906,224.84432899946665,216.98075820790513,218.41592196270943,105568600
2024-08-05,208.5690155029297,212.7848420736874,195.34346157584417,198.42310739676375,119548600
2024-08-06,206.5358428955078,209.28660752946874,200.39648844230862,204.61231506511243,69660500
2024-08-07,209.11717224121094,212.92436846093156,205.69865382063958,206.20693999643444,63516400
2024-08-08,212.59547424316406,213.4824924067945,208.13048513245963,212.39614722358988,47161100
2024-08-09,215.51568603515625,216.05387055494424,211.259984607228,211.38955402452135,42201600
2024-08-12,217.0522918701172,219.02793942662467,215.12653755613,215.59550663031672,38028100
2024-08-13,220.78408813476562,221.4027217224782,218.52904142421028,218.52904142421028,44155300
2024-08-14,221.23309326171875,222.54021400164925,219.21752501736546,220.08562480803565,41960600
2024-08-15,224.22650146484375,224.8551228159093,222.27079905335071,224.10676986474735,46414000
2024-08-16,225.5535888671875,226.33187474025672,223.15885022096822,223.42826155403992,44340200
2024-08-19,225.3939208984375,225.49370737790127,222.55017371179113,225.22429606357244,40687800
2024-08-20,226.0125732421875,226.6711275207631,224.95490346311303,225.27420804373648,30299000
2024-08-21,225.90281677246094,227.47934890039068,224.55579052395228,226.0225636042008,34765500
2024-08-22,224.0369110107422,227.8385414771675,223.4082896744648,227.28974628083643,43695300
2024-08-23,226.3418426513672,227.7188169640382,223.83736023691762,225.16444130741013,38677300
2024-08-26,226.68109130859375,226.7808777924977,223.39832305195915,226.2620154817008,30602200
2024-08-27,227.52923583984375,228.34744239539063,224.39613201364162,225.50369501854036,35934600
2024-08-28,225.99261474609375,229.35520907583674,225.18438078371824,227.4194670399241,38052200
2024-08-29,229.28536987304688,232.4085012026452,228.37737982242845,229.59470189609323,51906300
2024-08-30,228.49710083007812,229.89402024722435,226.98043458769098,229.6844899472923,52990800
2024-09-03,222.28079223632812,228.4971066385697,220.68429981162342,228.04809790202157,50190600
2024-09-04,220.36500549316406,221.29295584608857,217.0023958735564,221.17322424578342,43840200
2024-09-05,221.8916473388672,224.98483044961614,221.03353533260162,221.14329437614535,36615400
2024-09-06,220.33506774902344,224.74535922490057,219.2873705935476,223.45818364879955,48423000
2024-09-09,220.4248809814453,220.7840910234286,216.23410730849415,220.3350822772696,67180000
2024-09-10,219.62661743164062,220.9936039050013,216.25403537150672,218.43922835246784,51591000
2024-09-11,222.17103576660156,222.6000841658612,217.41150656335964,220.97367404683663,44587100
2024-09-12,222.28079223632812,223.0590781064196,219.33727360197898,222.01138090428717,37498200
2024-09-13,222.01136779785156,223.54797910505988,221.42266715079168,223.08899783711732,36766600
2024-09-16,215.84495544433594,216.74297289953918,213.4502168549942,216.0644583037111,59357400
2024-09-17,216.31390380859375,216.42366284814068,214.02893954474482,215.27619443719672,45519300
2024-09-18,220.20535278320312,222.22092099435915,217.06226125375574,217.07224903728172,59894900
2024-09-19,228.3673858642578,229.31531179988679,224.1367068474718,224.49591687958383,66781300
2024-09-20,227.6988525390625,232.57811312113958,227.12012443578536,229.46496974860833,318679900
2024-09-23,225.97265625,228.94610768522742,225.31410200503296,226.8407407931877,54146000
2024-09-24,226.8706817626953,228.8463445678705,225.2342838755063,228.14786961487798,43556100
2024-09-25,225.8728790283203,226.79085685048213,223.52804884217394,224.43603888049125,42308700
2024-09-26,227.02035522460938,227.99819881641105,224.9149883158055,226.80083714120576,36636700
2024-09-27,227.2897491455078,229.01596089620384,226.80083496693393,227.9582911728241,34026000
2024-09-30,232.48831176757812,232.48831176757812,229.1456625683617,229.5348054854851,54541900
2024-10-01,225.71322631835938,229.14565893600417,223.24864947388588,229.0159547825387,63285000
2024-10-02,226.28196716308594,226.8706678098605,222.53022998119604,225.3939223013361,32880600
2024-10-03,225.17440795898438,226.3119038145279,222.82957789090332,224.64557310138042,34044200
2024-10-04,226.30194091796875,227.49930262356304,223.63780617480538,227.39951613756347,37245100
2024-10-07,221.2031707763672,225.19438676879486,220.84396072803747,224.0069975750027,39505400
2024-10-08,225.27420043945312,225.4837307412941,222.75973024040246,223.80742742544692,31855700
2024-10-09,229.03591918945312,229.24546472466872,224.33627096325682,224.73538646570117,33591100
2024-10-10,228.53700256347656,228.99599906464633,226.67111410985407,227.279775108536,28183500
2024-10-11,227.05029296875,228.9062089337624,226.84074743911052,228.79644988971887,31759200
2024-10-14,230.79205322265625,231.22110160659443,228.09798564307096,228.19775690140833,39882100
2024-10-15,233.33645629882812,236.9684620133565,231.85969551276995,233.0969778733182,64751400
2024-10-16,231.27099609375,231.61024577942743,229.33525401328018,231.09139869260778,34082200
2024-10-17,231.6401824951172,233.3364614020046,230.0137723986246,232.9173703418766,32993800
2024-10-18,234.4839324951172,235.66133386929857,233.4961010856326,235.66133386929857,46431500
2024-10-21,235.96067810058594,236.32987592195377,233.9351372634737,233.9351372634737,36254500
2024-10-22,235.342041015625,235.70125104779564,232.08920560922664,233.376366009758,38846600
2024-10-23,230.25323486328125,234.62362105235994,227.25982300232985,233.56595129753524,52287000
2024-10-24,230.06365966796875,230.31311065070702,227.90839952304313,229.4749437774939,31109500
2024-10-25,230.9018096923828,232.7078323586645,229.0658541264054,229.23547896644118,38802300
2024-10-28,232.88743591308594,234.21451699403664,232.03931169048735,232.80762499530724,36087100
2024-10-29,233.15684509277344,233.815399347975,231.8098189074392,232.58810476348472,35417200
2024-10-30,229.59469604492188,232.95729049985403,229.04590082483264,232.09917848988178,47070900
2024-10-31,225.4138946533203,229.325284321648,224.8750719925984,228.83635490362704,64370100
2024-11-01,222.4204864501953,224.8551305713263,219.78628458026085,220.48474431371312,65276700
2024-11-04,221.52244567871094,222.3007315284092,219.2275088130919,220.5046966292777,44944500
2024-11-05,222.95928955078125,223.45819152571042,220.65436486265338,221.31291912362707,28111300
2024-11-06,222.23089599609375,225.5735453041769,220.7042571772517,222.12113695305962,54561100
2024-11-07,226.98043823242188,227.37956894750107,224.0768403097807,224.13670611072257,42137700
2024-11-08,226.7107391357422,228.4088689967903,226.16134014604208,226.92049995960826,38328800
2024-11-11,223.98373413085938,225.45212091614073,221.25673663335022,224.7528927426808,42005600
2024-11-12,223.98373413085938,225.34224111445195,223.11469448970428,224.30339000560164,40398300
2024-11-13,224.8727569580078,226.4010754152989,222.5153482196322,223.76397540644066,48566200
2024-11-14,227.9693603515625,228.61864039722624,224.7528954725484,224.77287777547028,44923900
2024-11-15,224.7528839111328,226.67077335813082,224.023689933323,226.15134020310103,47923700
2024-11-18,227.7695770263672,229.4876892234719,224.92270099550518,225.00261496304853,44686000
2024-11-19,228.02928161621094,229.90722171238716,226.41106572007726,226.73070634208972,36211800
2024-11-20,228.7484893798828,229.67746064503265,225.64190448211673,227.80951934283004,35169600
2024-11-21,228.26902770996094,229.90722593821596,225.46211628612434,228.6286329426038,42108300
2024-11-22,229.61753845214844,230.46661102927646,227.80952873867182,227.80952873867182,38168300
2024-11-25,232.61424255371094,232.99383009111634,229.48769048234254,231.2058026888721,90152800
2024-11-26,234.8018341064453,235.31128373473052,233.07373841155265,233.07373841155265,45986200
2024-11-27,234.67198181152344,235.43115689965902,233.55321672420507,234.21249554010248,33498400
2024-11-29,237.06935119628906,237.5488197625333,233.71304074851764,234.55211454995276,28481400
2024-12-02,239.3268585205078,240.52553753151284,236.89953466637493,237.00941446483552,48137100
2024-12-03,242.3834991455078,242.49337894569658,238.6376176509325,239.54662188503684,38861000
2024-12-04,242.74310302734375,243.84190102311462,240.9850414761411,242.60325739533934,44383900
2024-12-05,242.7730712890625,244.2714238935446,241.86408229295347,243.72204013219255,40033900
2024-12-06,242.5732879638672,244.3613305629988,241.8141281502541,242.6432183998472,36870600
2024-12-09,246.47900390625,246.96847124510987,241.48449521514058,241.56440918324205,44649200
2024-12-10,247.4978790283203,247.93739821602466,245.0705399660552,246.61884065291167,36914800
2024-12-11,246.2192840576172,250.52454792031958,245.98952569372008,247.68767076725757,45205800
2024-12-12,247.68768310546875,248.46682524629017,245.41017310687806,246.61885092340057,32777500
2024-12-13,247.85748291015625,249.01619729452798,245.96955931284188,247.54782582286595,33155300
2024-12-16,250.7642822265625,251.10392039685559,247.3780059899919,247.71764416028498,51694800
2024-12-17,253.20159912109375,253.5512208135588,249.50566587259755,249.80533943156328,51356400
2024-12-18,247.77757263183594,254.0007260278641,247.46791553993853,251.88305927654196,56774100
2024-12-19,249.51565551757812,251.72323503929724,246.81862390484895,247.22817727073837,60882300
2024-12-20,254.21051025390625,254.71994465608725,245.42017186050566,247.76758181309805,147495300
2024-12-23,254.98965454101562,255.36922684225433,253.17164603591402,254.49020366493687,40858800
2024-12-24,257.91644287109375,257.92641115938613,255.0096198916901,255.2094124344067,23234700
2024-12-26,258.7355041503906,259.81433504408284,257.34704665632455,257.90642916266114,27237100
2024-12-27,255.30929565429688,258.41589596104086,252.78207543596488,257.54682582842287,42355300
2024-12-30,251.9230194091797,253.22159473829512,250.47461491371794,251.95298524244893,35557500
2024-12-31,250.1449737548828,253.00183336212825,249.15605553782555,252.16275955239965,39480700
