Price,Close,High,Low,Open,Volume
Ticker,GOOGL,GOOGL,GOOGL,GOOGL,GOOGL
Date,,,,,
2015-01-02,26.351516723632812,26.662529798560367,26.26841222285612,26.50328935778615,26480000
2015-01-05,25.84941291809082,26.273883833039605,25.764320935060198,26.23208386279166,41182000
2015-01-06,25.211467742919922,25.93649991035023,25.15722648400916,25.90116924923008,54456000
2015-01-07,25.137319564819336,25.452810654848868,25.062677568471276,25.425940599196498,46918000
2015-01-08,25.22490119934082,25.25425988998477,24.633228479386553,24.956185466108163,73054000
2015-01-09,24.916872024536133,25.308998280574947,24.813866036099117,25.288098294715493,42000000
2015-01-12,24.7347469329834,24.894980176137008,24.42870922148024,24.843227553129108,57138000
2015-01-13,24.970619201660156,25.309001596524464,24.744700006112208,25.00893584742268,60958000
2015-01-14,25.17613410949707,25.29208063266262,24.78948434572866,24.90194563941595,52800000
2015-01-15,25.080589294433594,25.36622242102555,24.98106474339957,25.323427756269194,51068000
2015-01-16,25.40155601501465,25.420962059892116,25.034807773170588,25.037793756599353,49658000
2015-01-20,25.375680923461914,25.657832653151154,25.3473169258771,25.516508114522328,46796000
2015-01-21,25.895692825317383,25.968345425775695,25.35826138196683,25.420463989857982,46356000
2015-01-22,26.737171173095703,26.8138044588719,25.97133376461755,26.02557312241996,56068000
2015-01-23,26.968564987182617,27.140742155638115,26.660040555396062,26.77349844145609,45966000
2015-01-26,26.708311080932617,26.94617420514463,26.476917271810308,26.94617420514463,30932000
2015-01-27,25.935503005981445,26.512245817096385,25.919081045777528,26.443573891037325,39148000
2015-01-28,25.499588012695312,26.159433438060667,25.495607333998667,26.125097474176556,35822000
2015-01-29,25.539398193359375,25.636931463844675,25.054216680385302,25.52297623300577,79018000
2015-01-30,26.74961280822754,27.025792567820293,25.785720959525282,25.826526239009823,121108000
2015-02-02,26.483383178710938,26.697360303621316,25.961876342465544,26.58887780034442,75378000
2015-02-03,26.538122177124023,26.744633397578692,26.215165196561706,26.37092039377398,47062000
2015-02-04,26.17983627319336,26.709801856826733,26.12658971226051,26.530160678669176,33896000
2015-02-05,26.365446090698242,26.4082407544471,26.15694169611384,26.270896915219044,33176000
2015-02-06,26.566984176635742,26.88247525732463,26.306729044814695,26.424167604600843,42938000
2015-02-09,26.33808135986328,26.566986532757863,26.251992771669443,26.426656685957802,30314000
2015-02-10,26.879491806030273,26.921291782270956,26.332606885274785,26.480898090721922,47430000
2015-02-11,26.772005081176758,26.96856557211133,26.672480517652865,26.858093667271707,38306000
2015-02-12,27.170597076416016,27.286541687387288,26.72224020163864,26.854606771540357,48590000
2015-02-13,27.4268741607666,27.495546088132038,27.199958391930654,27.24524169653322,47382000
2015-02-17,27.12083625793457,27.518435248684497,27.03375298053748,27.42687394509929,39174000
2015-02-18,27.003398895263672,27.24723398107981,26.84913762510024,27.061620831387692,31164000
2015-02-19,27.192493438720703,27.212896077202476,26.908849686653017,26.994440919115306,30834000
2015-02-20,26.96109962463379,27.248724054948035,26.776980429222853,27.248724054948035,38234000
2015-02-23,26.62271499633789,26.836692109852528,26.47342912367655,26.821764092068253,32906000
2015-02-24,26.804349899291992,26.841669947178787,26.423668326389357,26.451037627021698,28406000
2015-02-25,27.23628807067871,27.347754676554505,26.772503845866588,26.793903080335898,40836000
2015-02-26,27.831439971923828,27.873239945635966,27.124817300966765,27.15716387462956,54032000
2015-02-27,27.997644424438477,28.33552943453355,27.718976042188498,27.774709338983882,68328000
2015-03-02,28.61419677734375,28.662466065948955,28.023520625509605,28.215105737267073,50406000
2015-03-03,28.801799774169922,28.904308415195175,28.389270879328592,28.680378639106877,50526000
2015-03-04,28.77890968322754,28.94312359359577,28.489791301679873,28.71123245095214,37964000
2015-03-05,28.93317222595215,29.021250197259413,28.773933692770804,28.84310296621407,35918000
2015-03-06,28.508699417114258,29.000348308603716,28.46689944726662,28.9615343220699,37592000
2015-03-09,28.56841468811035,28.635592671771906,28.31711561181354,28.410170853190046,23478000
2015-03-10,27.85930633544922,28.352449208268478,27.857812394533042,28.2887526549746,40080000
2015-03-11,27.652294158935547,28.074773790269536,27.638360835364413,27.856815986575533,40524000
2015-03-12,27.924991607666016,27.958330977018086,27.64433383739133,27.791131087902876,35602000
2015-03-13,27.518436431884766,28.08373458536222,27.38557249698237,27.828454811021235,35428000
2015-03-16,27.948381423950195,28.05337870666932,27.434835902438525,27.714001642034326,36856000
2015-03-17,27.747840881347656,27.898618820244405,27.5886023389728,27.781677600440613,28892000
2015-03-18,28.17330551147461,28.19072216709017,27.543316129195297,27.75380993750507,35324000
2015-03-19,28.04939842224121,28.21311498962998,27.9722677878144,28.091695744457645,24660000
2015-03-20,28.11309242248535,28.220080992709757,28.089705697885634,28.200674946802053,44320000
2015-03-23,28.13399314880371,28.346478252180443,28.019043218173906,28.16534312988457,30234000
2015-03-24,28.739599227905273,28.955565764209183,28.269345715213362,28.29173964356686,79156000
2015-03-25,28.215105056762695,28.865495170087335,28.215105056762695,28.741089946643296,53070000
2015-03-26,28.04790496826172,28.224562066747044,27.78267444329377,28.098165547194,49842000
2015-03-27,27.744853973388672,28.06930301469404,27.714001340732448,27.957834520126514,34552000
2015-03-30,27.923500061035156,27.974257988128578,27.707036171498636,27.87921334728036,24788000
2015-03-31,27.603031158447266,27.988686206197436,27.601537217569934,27.764259080270907,34932000
2015-04-01,27.34377098083496,27.792125991118475,27.171593818526762,27.609500733935363,38902000
2015-04-02,26.936716079711914,27.269623810195277,26.89342216722127,27.240265119855454,47760000
2015-04-06,27.068090438842773,27.147212363325544,26.657552796128734,26.81380535652676,33718000
2015-04-07,27.113372802734375,27.377111276323426,27.050175494169807,27.11984211751234,27318000
2015-04-08,27.311424255371094,27.44379273277843,27.17009972575731,27.17009972575731,28386000
2015-04-09,27.270620346069336,27.337800232352862,26.968565226393707,27.329838874820418,32366000
2015-04-10,27.296497344970703,27.36168594211246,27.11934480278906,27.347752617427084,26104000
2015-04-13,27.301471710205078,27.531870804832067,27.185029743181815,27.222351689574023,29326000
2015-04-14,26.860580444335938,27.19846545039989,26.65954194093019,27.19846545039989,47206000
2015-04-15,26.92327880859375,27.030267368445497,26.49184123838483,26.770012253308536,46962000
2015-04-16,27.04669189453125,27.13178388436651,26.776981456397728,26.78942084000078,31722000
2015-04-17,26.510255813598633,26.86157681811742,26.32414721593485,26.737668936681025,49234000
2015-04-20,27.096952438354492,27.160151648915384,26.54061221567842,26.56051750874127,38508000
2015-04-21,27.016834259033203,27.25818070325316,26.98150359976136,27.185528096208717,29128000
2015-04-22,27.328344345092773,27.41891095446079,26.937214665209446,27.023800595897004,31806000
2015-04-23,27.740373611450195,27.924992056924758,27.373129907222175,27.389551867531054,78184000
2015-04-24,28.54652214050293,29.095895679468555,28.28228441560175,28.864501876694977,92168000
2015-04-27,28.171314239501953,28.639077203645932,27.981223070269504,28.502232594664438,48062000
2015-04-28,28.084232330322266,28.256409504771337,27.914543792019064,28.081743694176396,37178000
2015-04-29,27.93593978881836,28.157380938360884,27.81700918291425,27.892148526805943,33622000
2015-04-30,27.307941436767578,27.92200620116337,27.205930139914344,27.79511234082454,47240000
2015-05-01,27.4268741607666,27.42986014433985,27.063111884749812,27.39452758728399,36572000
2015-05-04,27.510473251342773,27.702056457159006,27.23926888144672,27.418412704080254,35260000
2015-05-05,27.022804260253906,27.499027799260734,26.98946299363541,27.37710931885538,28528000
2015-05-06,26.626699447631836,27.067095017402284,26.485374911326176,27.00290111494223,39034000
2015-05-07,26.973041534423828,27.130290674447487,26.54558651861384,26.667503103007714,31844000
2015-05-08,27.3169002532959,27.50848346960538,27.271119600060963,27.312919574528486,28226000
2015-05-11,27.159151077270508,27.53684664946234,27.150195025495343,27.294006285867265,21858000
2015-05-12,26.808330535888672,27.018824337696703,26.622717398723907,27.011358429857992,35282000
2015-05-13,26.84615135192871,27.062615234700797,26.820771440038516,26.894917988911445,24238000
2015-05-14,27.3293399810791,27.353725198098495,26.99593487626683,27.069084832505535,31736000
2015-05-15,27.19448471069336,27.399008457196775,26.99593482981566,27.38855846346637,33440000
2015-05-18,27.203439712524414,27.286542305791095,26.983490622190832,27.061617842051874,26706000
2015-05-19,27.33332061767578,27.538339799270926,27.225834704141324,27.26962406629827,47126000
2015-05-20,27.494050979614258,27.671203511828054,27.12531334548336,27.414929062239086,30840000
2015-05-21,27.70802879333496,27.747839375905357,27.334315776425097,27.37910173268026,34170000
2015-05-22,27.594074249267578,27.779190045929607,27.549288291899224,27.591088265673275,24266000
2015-05-26,27.229318618774414,27.534857058448566,27.019322160804826,27.497535111690237,37474000
2015-05-27,27.580636978149414,27.632389595385217,27.198962612456,27.303462541988,34844000
2015-05-28,27.5771541595459,27.655778731057346,27.40895957410926,27.557748114142544,23544000
2015-05-29,27.136262893676758,27.565211854338155,27.122329569616472,27.5283872557761,43446000
2015-06-01,27.3298397064209,27.397515044052167,27.049679260571246,27.30595373482363,33210000
2015-06-02,27.56570816040039,27.8065572371483,27.19746788351159,27.241259142449287,31842000
2015-06-03,27.63239097595215,27.766748848465934,27.47613842137767,27.622935677586938,26710000
2015-06-04,27.4532470703125,27.66573216866478,27.32535851291281,27.47763038835437,26866000
2015-06-05,27.345760345458984,27.534856815297754,27.23877177810886,27.468673525422446,24396000
2015-06-08,27.044700622558594,27.36268034919054,27.018326016136143,27.34974171975514,27336000
2015-06-09,26.979015350341797,27.112378530156708,26.81430218953417,27.04171531232723,30016000
2015-06-10,27.498531341552734,27.607013856805626,27.125814895529622,27.15517358841303,30316000
2015-06-11,27.37114143371582,27.60950189599349,27.327847518410312,27.59258258757423,25872000
2015-06-12,27.24325180053711,27.31192182835453,27.15168859965879,27.22732718786647,25468000
2015-06-15,27.020814895629883,27.07306486312081,26.832217665106416,27.00737891852177,27150000
2015-06-16,27.11387062072754,27.2044372326442,26.94965670546712,27.094464574330054,32526000
2015-06-17,27.19995880126953,27.287539428219436,26.96159834037656,27.141239518840212,24440000
2015-06-18,27.676679611206055,27.729924273741336,27.26962531457906,27.26962531457906,41192000
2015-06-19,27.743358612060547,27.762766555217347,27.48161144284478,27.693597283626232,59290000
2015-06-22,27.850845336914062,28.14593567999445,27.81252869528142,27.837411258497703,34752000
2015-06-23,28.035463333129883,28.110604572572235,27.724947628160667,27.8563195111651,31396000
2015-06-24,27.795612335205078,27.9981448038327,27.70803170193886,27.990183445792116,28924000
2015-06-25,27.76475715637207,28.023022904170073,27.74037383861748,27.881698371393778,26684000
2015-06-26,27.521421432495117,27.866770459319735,27.461210108334733,27.85233978728508,43676000
2015-06-29,26.933731079101562,27.413935321154113,26.88347050283797,27.207422193091396,37756000
2015-06-30,26.873517990112305,27.165123087976344,26.848635428251548,27.124815160103953,34510000
2015-07-01,27.035743713378906,27.16064628271771,26.859585873747438,27.053657716036287,30760000
2015-07-02,27.23678207397461,27.26962409562764,27.0491776489155,27.107399580949497,28124000
2015-07-06,27.15119171142578,27.298488211733517,26.97602856217781,26.983492571962074,25614000
2015-07-07,27.370641708374023,27.41891099671103,26.86406475288439,27.241261108830788,33578000
2015-07-08,26.95612335205078,27.283558376361366,26.931242686603664,27.15019709839373,27662000
2015-07-09,27.102920532226562,27.313414325511857,27.10142848968305,27.301969637859408,29766000
2015-07-10,27.67319679260254,27.831440638745956,27.46867494538992,27.55376693751133,43436000
2015-07-13,28.45047950744629,28.506212804532133,27.80207878473511,27.842386714923148,41792000
2015-07-14,29.070016860961914,29.345201912391317,28.57189862216534,28.588320582348523,74832000
2015-07-15,29.059070587158203,29.294445064757706,28.87246274608572,29.048123246058502,41466000
2015-07-16,29.945833206176758,30.08118578104981,29.256129803321674,29.33475438151147,112642000
2015-07-17,34.814552307128906,34.982750691769915,33.738698445214034,33.838221106320034,257162000
2015-07-20,34.4771614074707,34.72398244345612,33.92629779710123,34.28508276547215,102436000
2015-07-21,34.60206985473633,35.11212822158671,34.044733100099094,34.08105845257196,75604000
2015-07-22,34.589630126953125,35.49679206373427,34.41645826483314,34.53588621885301,83100000
2015-07-23,33.57597732543945,34.63790174314804,33.41972286271535,34.42790336871215,76232000
2015-07-24,32.58272171020508,33.72824597096019,32.50360168954363,33.67748994618942,82622000
2015-07-27,32.756893157958984,33.194798189116966,32.42248956996989,32.423484265080674,58382000
2015-07-28,32.8260612487793,33.04700504487811,32.515048193304445,32.93056117983332,34364000
2015-07-29,32.91413879394531,33.00868798193428,32.486681854302454,32.955441420677246,36756000
2015-07-30,33.06989669799805,33.24356591417389,32.42945729443249,32.715591603096456,39606000
2015-07-31,32.71857452392578,33.091790202905926,32.70364650421397,33.07686218319411,34922000
2015-08-03,33.077857971191406,33.174893899070454,32.72653696261739,32.72653696261739,31348000
2015-08-04,32.906673431396484,33.24107700853027,32.868358688143864,33.058945302420675,26188000
2015-08-05,33.50431442260742,33.83373689484836,33.12064690566874,33.1291056094472,36448000
2015-08-06,33.34806442260742,33.57696958179637,32.879304865029276,33.53915218523821,40660000
2015-08-07,33.061439514160156,33.28088749630746,32.78675178009694,33.23013146583572,27544000
2015-08-10,32.99923324584961,33.42121554870655,32.85442538437025,33.19579182726566,34458000
2015-08-11,34.35076904296875,35.03251102135897,34.05319196670167,34.812561922260244,109880000
2015-08-12,34.40899658203125,34.634416528290856,33.86360369984307,34.55927528068883,58498000
2015-08-13,34.162174224853516,34.53638460955242,33.94670503493811,34.296032855047635,36354000
2015-08-14,34.30448913574219,34.44830230022643,33.98253064081724,34.03925863193982,27598000
2015-08-17,34.54036331176758,34.57171139122527,33.99049058701834,34.238306323789715,24680000
2015-08-18,34.27264404296875,34.62246918934674,34.102953618926655,34.38908790809751,27710000
2015-08-19,34.5368766784668,34.843409781592506,34.17659967383196,34.34131281080383,50194000
2015-08-20,33.81234359741211,34.642374885702246,33.60334373270872,34.29105769260156,57798000
2015-08-21,32.04827880859375,33.484413517765304,32.00199891067636,33.39235106947993,91880000
2015-08-24,30.75844383239746,31.23466736677428,29.51339507109792,29.887109967285213,129788000
2015-08-25,30.4777889251709,32.196071601714955,30.437978340898916,32.16970079126738,71430000
2015-08-26,32.830039978027344,32.966389133996024,31.36852729333694,32.00199809148187,87740000
2015-08-27,33.23908233642578,33.538652589694365,32.40009504066798,33.4396234856179,58974000
2015-08-28,32.827552795410156,33.1913112601805,32.53196511115411,33.12960599755526,38836000
2015-08-31,32.236873626708984,33.062428734989844,32.16372557695365,32.56132264233368,38936000
2015-09-01,31.328222274780273,32.06868166371394,31.104292488291797,31.539710779357627,51458000
2015-09-02,32.09206771850586,32.0995317281875,31.381963629569068,31.74821263769646,37630000
2015-09-03,31.700942993164062,32.407563819006164,31.539713155093068,32.242353301940234,34572000
2015-09-04,31.298364639282227,31.574047048014258,31.175950700565846,31.335189239545212,40478000
2015-09-08,32.04081344604492,32.098536131707625,31.49442593272483,31.89749763039896,39092000
2015-09-09,32.01742935180664,32.711608865533535,31.892522977546392,32.438914332281534,40978000
2015-09-10,32.39910125732422,32.58919052091599,31.932331108099063,32.04180830965956,27850000
2015-09-11,32.60909652709961,32.60959387464154,32.216472913390014,32.35580995259822,34892000
2015-09-14,32.4682731628418,32.63995298861744,32.32047741013017,32.62552231595549,29942000
2015-09-15,33.09527587890625,33.28337576359641,32.511564483783765,32.679261728846825,35546000
2015-09-16,33.11766815185547,33.244560118595686,32.95245764338324,33.11916019454849,26252000
2015-09-17,33.423702239990234,33.93724584451193,33.091789197353435,33.21569707236101,47752000
2015-09-18,32.88876724243164,33.33264430622954,32.84447672764952,33.09477926057172,72544000
2015-09-21,33.1903190612793,33.29084021807498,32.74345796685147,33.11717100341842,39094000
2015-09-22,32.50459671020508,32.78426168814955,32.09803977078962,32.71708180429025,54362000
2015-09-23,32.50907897949219,32.856914764926245,32.38168586474263,32.48967103425006,29160000
2015-09-24,32.589691162109375,32.682250963877706,31.955724857831896,32.29410724387824,38692000
2015-09-25,31.855201721191406,32.7723181972491,31.83081840330942,32.7723181972491,48480000
2015-09-28,31.063983917236328,31.98956098174357,30.745009501370898,31.800462612301367,47646000
2015-09-29,30.98237419128418,31.58300105560578,30.75446373865772,31.12618545530217,42130000
2015-09-30,31.766626358032227,31.81340170525908,31.307819446839947,31.441180724550893,52954000
2015-10-01,31.9472599029541,32.03882500252952,31.405849645467885,31.745226700619494,42506000
2015-10-02,32.69319534301758,32.69369269058267,31.524284296290364,31.74871143590188,48788000
2015-10-05,33.424198150634766,33.49137803095471,32.637458919252964,32.92259850170166,37960000
2015-10-06,33.422210693359375,33.77850516032635,32.99624580791008,33.30825356398411,42774000
2015-10-07,33.340599060058594,33.775519983835146,32.74892634371688,33.70883744933083,44354000
2015-10-08,33.19131088256836,33.434650497591406,32.568787440569075,33.31322936384201,39308000
2015-10-09,33.402305603027344,33.544125585485,32.96041800034467,33.21569776531462,32124000
2015-10-12,33.66056823730469,33.73769886665888,33.20325528402358,33.30029120426692,26684000
2015-10-13,33.99596405029297,34.25920514408651,33.495355322102796,33.55258445298305,42446000
2015-10-14,33.85862350463867,34.33783115096497,33.7834822635231,34.02383400627496,31292000
2015-10-15,34.48612594604492,34.542853941204285,34.05667960871049,34.09947427886417,47156000
2015-10-16,34.6005744934082,34.6453623476139,34.291057276999496,34.60455707025501,36316000
2015-10-19,34.83097839355469,34.84540906644163,34.44581876072631,34.534893332489936,30172000
2015-10-20,33.83822250366211,34.733941676789335,33.523724199658744,34.72846705699682,52434000
2015-10-21,33.430171966552734,34.08205412583548,33.375433364233984,33.997956832177366,31952000
2015-10-22,33.89495086669922,34.238807867122816,33.42519659241261,33.61130709155433,88632000
2015-10-23,35.79536437988281,37.44597361249552,35.72619510351582,37.32455246990981,126726000
2015-10-26,36.382057189941406,36.57264759490626,35.82969771466529,35.82969771466529,48776000
2015-10-27,36.466651916503906,36.62290635996657,36.03471887880079,36.155638868700095,38778000
2015-10-28,36.67068099975586,36.69307302967633,36.190474844365795,36.475614452228946,39604000
2015-10-29,37.0652961730957,37.16183475734492,36.58310059944035,36.65625245728658,36520000
2015-10-30,36.694068908691406,37.137945927112554,36.651274237717004,37.100625876041015,39984000
2015-11-02,37.209102630615234,37.23099731028972,36.398475559337726,36.55174591015075,39914000
2015-11-03,37.262847900390625,37.40615991680805,36.88166709419315,37.09415217776977,36306000
2015-11-04,37.5858039855957,37.81421180052391,37.28175757991562,37.31659089167331,41840000
2015-11-05,37.852535247802734,38.13518435550487,37.69329668819346,37.75997543845972,45486000
2015-11-06,37.89881134033203,37.96947266101324,37.57187175133231,37.78883678218821,33544000
2015-11-09,37.558929443359375,37.98340226654423,37.27727888335944,37.745537271320394,35538000
2015-11-10,37.73260498046875,37.849048861750184,37.242451829517044,37.49474374183797,29798000
2015-11-11,38.080440521240234,38.271027141078676,37.80674750482283,37.93762204584018,41866000
2015-11-12,37.64651870727539,38.107814312556236,37.6131774345142,37.828149295998735,35452000
2015-11-13,36.827430725097656,37.586796885139414,36.79757089034162,37.52260488436954,48188000
2015-11-16,37.342464447021484,37.406656444490984,36.54179190702089,36.834395493309735,50704000
2015-11-17,37.121524810791016,37.56789235098415,37.02548357933909,37.44448181734079,38864000
2015-11-18,37.819679260253906,37.873920506124804,37.19168127584554,37.30016376758733,36266000
2015-11-19,37.81620407104492,37.97991873406628,37.68134695529932,37.80823891722509,28078000
2015-11-20,38.66514205932617,38.78059123085264,38.02321444513171,38.28197564029531,55478000
2015-11-23,38.650211334228516,38.958737634577766,38.491470158196975,38.68852987172221,34648000
2015-11-24,38.29839324951172,38.614880908442075,37.72513380203938,38.46410108820721,47880000
2015-11-25,38.27998733520508,38.46609782873732,38.144135520879296,38.40090733314478,23612000
2015-11-27,38.41483688354492,38.51585537613709,38.16751849573179,38.27500630249177,14434000
2015-11-30,37.96101379394531,38.56711343353651,37.874923309261355,38.40986428090268,33586000
2015-12-01,39.003028869628906,39.06324209416027,38.1152748520615,38.16453883702487,40398000
2015-12-02,38.70744323730469,39.46382532912744,38.6367781239171,39.075681637498256,46876000
2015-12-03,38.22724151611328,39.03736760878329,37.941110986318925,38.842301045335134,41950000
2015-12-04,38.77511978149414,38.934855676786206,38.093381528753575,38.3023814107669,49800000
2015-12-07,38.46560287475586,38.864194696849,38.153591295193614,38.81741744763948,36626000
2015-12-08,38.57258605957031,38.74724996121285,37.944587973181626,38.043115938564995,31082000
2015-12-09,37.946075439453125,38.619855994465524,37.421582653689946,38.37154292423142,46550000
2015-12-10,37.8211784362793,38.121246061288204,37.57037859180028,37.997835529277374,32458000
2015-12-11,37.342464447021484,37.69179602161109,37.254384582975334,37.27180313539963,43184000
2015-12-14,37.94558334350586,38.025701858089896,36.637836427045,37.38426778350325,53864000
2015-12-15,37.823665618896484,38.553175710419964,37.719663040470174,38.20683201400766,49386000
2015-12-16,38.644737243652344,38.88907154972703,37.67238868069863,38.14612168118031,53120000
2015-12-17,38.308345794677734,38.893545348466894,38.28197119171826,38.87214801691665,36510000
2015-12-18,37.662437438964844,38.52282593802575,37.64949880931926,38.178968946937225,67794000
2015-12-21,37.859004974365234,38.135184769432584,37.5280865679118,37.970968935274314,34848000
2015-12-22,38.17399215698242,38.333728046238384,37.87890559539048,38.031674822175916,36338000
2015-12-23,38.24266052246094,38.41135624527588,37.70224498552143,38.35114302648295,30594000
2015-12-24,38.109798431396484,38.27699832313993,38.03764507211892,38.24315970744716,10412000
2015-12-28,38.92589569091797,38.954757034106755,38.203849577479566,38.316808212561895,31156000
2015-12-29,39.50911331176758,39.74448779965133,39.122958983144706,39.16226842469104,38430000
2015-12-30,39.32697677612305,39.63351369241894,39.172715521209994,39.50910847483204,28566000
2015-12-31,38.71540832519531,39.228951985462544,38.681072358555824,39.20357207204094,32752000
2016-01-04,37.79132080078125,37.92866465168549,37.1991507297773,37.92866465168549,67382000
2016-01-05,37.895328521728516,38.277002943750404,37.60272867585629,38.023218990238334,45216000
2016-01-06,37.785850524902344,38.104327625779796,37.22204818138013,37.339984102292526,48206000
2016-01-07,36.87370300292969,37.58579829417658,36.58906458473295,37.14689863248992,63132000
2016-01-08,36.371612548828125,37.32754115646832,36.27258343396732,37.212091978665754,47506000
2016-01-11,36.479095458984375,36.57911926593462,35.80681064583871,36.423362160342094,50896000
2016-01-12,37.08967208862305,37.23895986769762,36.6462924721431,36.86126429235926,46816000
2016-01-13,35.80730438232422,37.47085206192258,35.66846849727574,37.28872036804441,51728000
2016-01-14,36.3954963684082,36.818473390295885,35.08227479339382,36.04964998152667,55558000
2016-01-15,35.355472564697266,36.03571879161396,34.90860764689749,35.33058999865171,76676000
2016-01-19,35.78292465209961,36.09493622719103,35.32362226178793,35.83617121575216,48724000
2016-01-20,35.757049560546875,36.17455195568186,34.225370939360374,35.12705826805618,82440000
2016-01-21,36.160614013671875,36.7079961863025,35.38631609689016,35.837159703671034,51938000
2016-01-22,37.095645904541016,37.249910963020234,36.848828644757276,36.92346874146934,47146000
2016-01-25,36.50646209716797,37.443981154563524,36.45072880259209,37.015032206718786,45340000
2016-01-26,36.514923095703125,36.79707481549345,36.17554603518242,36.58558820994809,30940000
2016-01-27,35.708282470703125,36.61942318801045,35.50276403488027,36.61942318801045,42428000
2016-01-28,37.23697280883789,37.37929013849401,36.356181690938946,36.73387728992281,62104000
2016-01-29,37.8863639831543,38.073469146960235,37.0329422623424,37.269812547735256,75808000
2016-02-01,38.355125427246094,38.694502464851915,37.887857943300155,38.37950684523565,111522000
2016-02-02,38.85971450805664,40.32471052541643,38.844285344764415,39.83455364647798,135846000
2016-02-03,37.29071807861328,39.38321115140419,36.637837399879935,39.126936682605766,131114000
2016-02-04,36.32781982421875,37.08470310920246,35.958089357420214,37.05235653395423,104922000
2016-02-05,35.02056884765625,36.16310527115123,34.84043032142689,36.10239849669483,109556000
2016-02-08,35.04047393798828,35.05838983961501,33.93824165577193,34.22039337797896,89410000
2016-02-09,34.884220123291016,35.87647786921668,34.26119928359262,34.482640439197596,84300000
2016-02-10,35.17433166503906,35.98893758455886,35.101680958372405,35.42015802669594,60314000
2016-02-11,35.14994812011719,35.44653048899634,34.395058120264984,34.65133256136229,65004000
2016-02-12,35.176326751708984,35.62965716291255,34.91208712706895,35.44105992737206,46538000
2016-02-16,35.711265563964844,35.97201994330941,35.34003928615826,35.76152424125676,43444000
2016-02-17,36.42435836791992,36.513432939244304,35.66001487007434,36.17703994665215,49154000
2016-02-18,35.704795837402344,36.624896367580575,35.60726256917976,36.523384319089516,47276000
2016-02-19,35.93370056152344,36.02924443847554,35.48633835867938,35.62467690228506,34918000
2016-02-22,36.279048919677734,36.56766993544697,36.000382447374164,36.301938295175255,37516000
2016-02-23,35.693851470947266,36.37111361808558,35.61323939749998,36.13225768680585,41332000
2016-02-24,35.87348937988281,35.88941589131036,34.93398466059947,35.361437800439006,37092000
2016-02-25,36.282535552978516,36.301939700050205,35.4918137123975,35.974506582421945,36146000
2016-02-26,36.0705451965332,36.63285539390995,35.92523999851145,36.505466095594635,42474000
2016-02-29,35.69036865234375,36.35618418571059,35.67145805458296,35.878468545148046,45068000
2016-03-01,36.93193054199219,36.939891899054004,35.761026385814226,35.893392963763745,60112000
2016-03-02,36.79806900024414,36.97920221648382,36.48805063571471,36.96676473133603,36292000
2016-03-03,36.40544509887695,36.87370729930235,36.30791182936019,36.79806871119092,40534000
2016-03-04,36.337276458740234,36.57513767952407,36.10836749420693,36.56518693158826,48516000
2016-03-07,35.47041702270508,36.187489678685246,35.08923999168951,36.08497913581763,61690000
2016-03-08,35.50674057006836,35.94066679135705,35.03251021679488,35.25096347173125,52530000
2016-03-09,36.09791564941406,36.13921827266852,35.46344828197079,35.5883508467698,39544000
2016-03-10,36.43431091308594,36.651769485088636,35.99242331029711,36.216351196987695,44616000
2016-03-11,37.0662841796875,37.067776222190396,36.659727275194896,36.82145633010852,35380000
2016-03-14,37.33351135253906,37.53355516650776,37.006074432011,37.071264926206524,32824000
2016-03-15,37.34993362426758,37.47135477089283,36.965271340641664,37.123515190697546,29832000
2016-03-16,37.68781280517578,37.76942335368408,37.14739728987686,37.274289240137044,29306000
2016-03-17,37.74354934692383,38.084915791884136,37.68781604978745,37.70224672161412,44564000
2016-03-18,37.59077835083008,37.925675465363916,37.412131881292375,37.90029935225394,56222000
2016-03-21,37.926673889160156,37.98539126867204,37.384762514740956,37.51613439391137,28774000
2016-03-22,37.821678161621094,38.06800189357153,37.7136967867327,37.741563437871186,22096000
2016-03-23,37.6977653503418,38.087404864345594,37.621629417243945,37.98588902136647,24678000
2016-03-24,37.562416076660156,37.697766742417805,37.346449550570455,37.38128286123008,31116000
2016-03-28,37.48478698730469,37.73459212156763,37.42308172502961,37.62859635355816,21676000
2016-03-29,38.11228561401367,38.17648141334366,37.236475562311185,37.50469016017419,40062000
2016-03-30,38.23420715332031,38.6805747162325,38.196389753819,38.22773783811599,40396000
2016-03-31,37.963497161865234,38.27102498076401,37.732101479856624,38.23420228113315,32554000
2016-04-01,38.300392150878906,38.318801604672444,37.58033155583036,37.677868630981905,31674000
2016-04-04,38.073970794677734,38.43823041704059,37.90826294395835,38.29242406134884,26924000
2016-04-05,37.74802780151367,37.96200492941499,37.600232063111754,37.72613312085494,24478000
2016-04-06,38.22077178955078,38.23819034508741,37.635070961358366,37.711704253317144,25312000
2016-04-07,37.82516098022461,38.284960694700956,37.694783785981095,38.083922181938455,25498000
2016-04-08,37.792816162109375,38.1739932183217,37.60869884736079,38.111293254343785,23434000
2016-04-11,37.69676971435547,38.178467863276815,37.686818967588316,38.090387998722086,31774000
2016-04-12,38.03416061401367,38.064016653417234,37.399693200864554,37.741063449975755,27388000
2016-04-13,38.4118537902832,38.602937745557355,38.047594187080826,38.33223262817616,35426000
2016-04-14,38.58502960205078,38.795024174361195,38.4770444339096,38.58353755933097,26992000
2016-04-15,38.814430236816406,38.86071013471034,38.56213455719019,38.59050235022247,31712000
2016-04-18,39.19660186767578,39.23989768016777,38.69549953559888,38.823883540792586,33540000
2016-04-19,38.62782287597656,39.359326216147764,38.330245786427476,39.33693418652119,43952000
2016-04-20,38.56163787841797,38.797513499920775,38.38000730962859,38.77263093584716,34262000
2016-04-21,38.814430236816406,38.89803018362727,38.39393996847017,38.68057161171843,77628000
2016-04-22,36.71297836303711,37.51663507563809,36.3447399499282,37.01851681437049,140798000
2016-04-25,36.93391799926758,37.0667819177962,36.58011029851552,36.59255157926241,49442000
2016-04-26,36.09593200683594,37.10211934723687,35.8446309981243,37.043899306014474,55864000
2016-04-27,35.90135955810547,36.18450217715192,35.285301599331156,36.0934382199998,66262000
2016-04-28,35.08525848388672,36.28950397982081,34.9927024822304,35.99242423374397,62590000
2016-04-29,35.225589752197266,35.43608166454471,35.021563358070836,35.038484564595244,58278000
2016-05-02,35.550537109375,35.60029844209669,35.14995211666399,35.426629226866595,33476000
2016-05-03,35.253456115722656,35.49878133769499,35.19822016514425,35.45548932144332,38620000
2016-05-04,35.39925765991211,35.582380263784756,35.03499804576937,35.17035250679827,34172000
2016-05-05,35.56546401977539,35.7067866558808,35.30371493790211,35.57989469191801,29668000
2016-05-06,36.08647155761719,36.12677948862199,35.42812007417731,35.440561356074525,39952000
2016-05-09,36.28303146362305,36.5398032552347,36.00286915247035,36.16210767886379,38074000
2016-05-10,36.79309844970703,36.8239491860762,36.40644677064663,36.57314932826829,32634000
2016-05-11,36.353694915771484,36.86375709637984,36.221825681305646,36.84982377195738,29834000
2016-05-12,36.230281829833984,36.5935467308279,36.04118726837788,36.42584570549735,27094000
2016-05-13,36.06905746459961,36.39051863036266,36.00336962103819,36.15813203318347,25244000
2016-05-16,36.34125518798828,36.45968845064352,35.82870624772518,36.04367809037071,22538000
2016-05-17,35.838157653808594,36.61743291287613,35.72918159411682,36.37907435812318,33404000
2016-05-18,35.91728210449219,36.10587933263704,35.580889130022136,35.75406099102888,32536000
2016-05-19,35.59531784057617,35.85358547347792,35.34650740369304,35.744108273801984,30598000
2016-05-20,35.913795471191406,36.21186989339292,35.58039039159985,35.65254754551724,34798000
2016-05-23,35.691856384277344,36.002869430143384,35.676431018001054,35.82770818872344,24816000
2016-05-24,36.47710418701172,36.53532422043062,35.81128492644181,35.82123947014082,37884000
2016-05-25,36.729400634765625,36.8184752088894,36.455711393694564,36.57513935713382,32216000
2016-05-26,36.671173095703125,36.878680895651115,36.475609228620755,36.62489320325813,27202000
2016-05-27,37.2021369934082,37.21756235945067,36.67515364147861,36.7000362033891,34802000
2016-05-31,37.264347076416016,37.4947443078765,37.101125941805904,37.25986715134066,42484000
2016-06-01,37.244937896728516,37.38974577517532,37.03991679002503,37.24543524432635,20788000
2016-06-02,37.03643035888672,37.187210184706785,36.674657487115496,37.127494312106414,33916000
2016-06-03,36.61792755126953,36.89808985456979,36.5208916362893,36.89808985456979,24608000
2016-06-06,36.329307556152344,36.749300450780595,36.24123148688698,36.749300450780595,29992000
2016-06-07,36.38056945800781,36.66023066144992,36.3661387850111,36.489051975821,24314000
2016-06-08,36.969749450683594,37.013538814589296,36.613454979168225,36.79906432648796,32314000
2016-06-09,36.94934844970703,37.0195124231962,36.64978195827462,36.678145956215076,19180000
2016-06-10,36.485069274902344,36.80603310591473,36.35170798875749,36.62241313824325,29050000
2016-06-13,36.41987991333008,36.77418498914259,36.317369370891306,36.317369370891306,23354000
2016-06-14,36.48805236816406,36.62489888020248,36.152160525756656,36.29199112320116,26584000
2016-06-15,36.435306549072266,36.68212381904572,36.391513387774275,36.57115456793354,23234000
2016-06-16,36.04019546508789,36.34573391024414,35.60676656460802,36.22481011719919,45002000
2016-06-17,35.044952392578125,35.89787304164153,34.88919529376315,35.89787304164153,82262000
2016-06-20,35.13850402832031,35.62318629803756,35.102676022153176,35.346509199654975,45654000
2016-06-21,35.27534866333008,35.5988029898612,35.0653541129458,35.33356869569454,30318000
2016-06-22,35.354469299316406,35.540579782292184,35.126061497011506,35.532618425265596,29058000
2016-06-23,35.57342529296875,35.573922640521026,34.845904534187724,35.358453457452576,42500000
2016-06-24,34.096981048583984,35.08227206208448,34.08255037715095,34.34429944615361,95436000
2016-06-27,33.89495086669922,34.003930729979515,33.47296853526772,33.962130754549584,58146000
2016-06-28,34.39854049682617,34.47218969269111,34.07956609149681,34.40401511615899,38246000
2016-06-29,34.5941047668457,34.80857924592115,34.46920219856872,34.54782866712449,43124000
2016-06-30,35.00912094116211,35.02106487519846,34.57967462885375,34.71652113309417,42250000
2016-07-01,35.34352493286133,35.456980917898974,35.01907589574005,35.08725047489013,30984000
2016-07-05,35.07680130004883,35.23753189014946,34.79017343343819,35.08277326759957,28440000
2016-07-06,35.27983093261719,35.48037209688001,34.783702069554415,34.82550204340118,28902000
2016-07-07,35.194732666015625,35.33954052161344,34.86680221309976,35.3365564364973,21174000
2016-07-08,35.718231201171875,35.72420316801821,35.23703038625002,35.35894886770982,29946000
2016-07-11,36.186988830566406,36.273075506417975,35.77247057127194,35.79983986989218,28822000
2016-07-12,36.451229095458984,36.604993015486855,36.20192129228202,36.421870403239645,26468000
2016-07-13,36.30044937133789,36.60101434647031,36.27755999387385,36.60101434647031,20436000
2016-07-14,36.61494445800781,36.63186186670392,36.355682132503205,36.522384668059175,21408000
2016-07-15,36.60648727416992,36.873707171058285,36.557219495496625,36.873707171058285,32342000
2016-07-18,37.480804443359375,37.577343015346365,36.650275834373154,36.719942453688915,38698000
2016-07-19,37.49125671386719,37.64949675323835,37.24642505218371,37.31509697713922,30436000
2016-07-20,37.67388153076172,37.85103596049637,37.52310170613116,37.52310170613116,22502000
2016-07-21,37.541015625,37.72712609693844,37.39720246988223,37.669896965464176,19062000
2016-07-22,37.783355712890625,37.791814416716356,37.453929442262805,37.68582245378692,20920000
2016-07-25,37.695777893066406,37.81023237061646,37.524098075014415,37.70373925039624,21466000
2016-07-26,37.702247619628906,37.78236613444382,37.458414438849495,37.69577830487533,23792000
2016-07-27,37.91721725463867,38.04062777879965,37.6166560977368,37.76793326951181,32172000
2016-07-28,38.109798431396484,38.265555533091906,37.77390280873279,38.25908621847949,73464000
2016-07-29,39.37873458862305,40.00573420426207,39.312052050027326,39.69571962591369,101810000
2016-08-01,39.856449127197266,40.18239020828324,39.065229924339754,39.14634313308739,60594000
2016-08-02,39.815643310546875,39.92512051418892,39.5374741735775,39.67680741583243,39928000
2016-08-03,39.75592803955078,39.78678257025853,39.462333531283036,39.634013349002316,29206000
2016-08-04,39.67282485961914,39.81962211160372,39.50711701144837,39.72208884197449,21520000
2016-08-05,40.15452194213867,40.168952613518584,39.7006904253242,39.815144897855156,36146000
2016-08-08,40.0699348449707,40.187870772386916,39.893775077004165,40.10824959450342,24426000
2016-08-09,40.1818962097168,40.47300400403045,40.01170842073577,40.03310575668725,32154000
2016-08-10,40.23215103149414,40.3510816350601,40.132628371662754,40.16049502013923,18370000
2016-08-11,40.21772003173828,40.50036909107159,40.10824282888888,40.3306786673458,25646000
2016-08-12,40.160491943359375,40.16745860494476,39.99080153125009,40.062958681163934,17946000
2016-08-15,40.106258392333984,40.37497416073222,40.0102171542101,40.16846101104062,18596000
2016-08-16,39.868892669677734,40.02166189934643,39.66038634264663,39.98384070433762,21158000
2016-08-17,40.079383850097656,40.08983574208078,39.6255522976536,39.80967340390332,21322000
2016-08-18,39.9465217590332,40.207773512112105,39.89078845667466,40.0764016141889,17292000
2016-08-19,39.79225158691406,39.87087805448515,39.654414187993936,39.79921824881618,22416000
2016-08-22,39.65789794921875,39.77483916584482,39.52752075552498,39.73552592975096,17056000
2016-08-23,39.63998031616211,39.85943206765172,39.61012427800294,39.83355480975588,18350000
2016-08-24,39.49119567871094,39.73303947108235,39.3498692447299,39.65341830322606,25672000
2016-08-25,39.376739501953125,39.54692727315594,39.1742089546806,39.4115728122524,24054000
2016-08-26,39.4722900390625,39.77982171319189,39.28269808885481,39.43596468002555,24978000
2016-08-29,39.60166931152344,39.73602529246802,39.327976280742824,39.46382810097341,15474000
2016-08-30,39.4075927734375,39.7101471141152,39.285674293010565,39.45536471125745,23348000
2016-08-31,39.304588317871094,39.39017765747067,39.17271907897596,39.29214703567327,21428000
2016-09-01,39.381717681884766,39.455864228569276,39.129425799302794,39.410579025863036,26070000
2016-09-02,39.65391540527344,39.66536199213213,39.47427422769713,39.57429803445633,26998000
2016-09-06,40.20876693725586,40.35158162176543,39.58226085655379,39.729555465770844,39790000
2016-09-07,40.207271575927734,40.33714761971504,39.9947864866621,40.20428369418724,22906000
2016-09-08,39.950992584228516,40.22866816053063,39.85992863239458,40.06942963256553,23554000
2016-09-09,39.23641586303711,39.89676058498343,39.2150185269773,39.74846747879184,37752000
2016-09-12,39.75095748901367,39.818133581854106,38.98859957273487,39.039359398736714,37274000
2016-09-13,39.248355865478516,39.600174201053484,39.02989880535723,39.51159698359655,36180000
2016-09-14,39.334938049316406,39.627044293847014,39.189135499083065,39.189135499083065,25842000
2016-09-15,39.87088394165039,39.99130660186931,39.24537252412938,39.31255241544291,31144000
2016-09-16,39.708648681640625,39.760900540281305,39.49218483129861,39.760900540281305,42612000
2016-09-19,39.58026885986328,40.00822313073009,39.48920490481448,39.864907311538175,22990000
2016-09-20,39.79872131347656,39.946517054074114,39.72308272682073,39.80967055224158,20984000
2016-09-21,40.05997848510742,40.1037716495786,39.61211887116356,39.87237593381321,26970000
2016-09-22,40.60337829589844,40.7581369088976,40.19333991600126,40.307293250377285,35186000
2016-09-23,40.554115295410156,40.655627350329574,40.44314604366209,40.563071348127444,28234000
2016-09-26,39.9415397644043,40.3112739929525,39.832062562987105,40.2983353640709,29454000
2016-09-27,40.3436164855957,40.48096033393408,39.90073420773013,39.90073420773013,27346000
2016-09-28,40.31027603149414,40.31973322778755,39.94800960422908,40.01269895294182,29406000
2016-09-29,39.9410400390625,40.50185819262718,39.852462828832074,40.16944782792208,27000000
2016-09-30,40.01170349121094,40.21224464457858,39.88431418637398,39.98881411531352,33204000
2016-10-03,39.828582763671875,39.985828113729205,39.62206963371948,39.936564130380326,29784000
2016-10-04,39.94850540161133,40.133123837384396,39.79324945210685,40.05847994773781,25174000
2016-10-05,39.87088394165039,40.232653066452585,39.845006680322726,40.10824782889612,24276000
2016-10-06,39.96294021606445,40.155520028631834,39.83505355295293,40.01270154880611,21998000
2016-10-07,39.845001220703125,40.10525824802248,39.65142672796149,40.104760900491755,23262000
2016-10-10,40.51480484008789,40.674540740002314,39.921142651236856,40.005239954060556,29922000
2016-10-11,40.285892486572266,40.797944019438255,40.17641528949262,40.51479762749068,34432000
2016-10-12,40.39537048339844,40.53121849087031,40.235137261237846,40.404823882834044,18158000
2016-10-13,40.01270294189453,40.136113481180175,39.74100309435939,40.11173205980282,27380000
2016-10-14,40.038578033447266,40.31177370548768,39.92512204513093,40.180401815388954,22238000
2016-10-17,40.15004348754883,40.4809618394378,40.000262148922076,40.10774616691513,21128000
2016-10-18,40.879058837890625,41.243314650477224,40.47299925693507,40.51678861887927,45786000
2016-10-19,41.14529037475586,41.29258879043753,40.94823441909986,40.94823441909986,30002000
2016-10-20,40.88602828979492,41.22640005451405,40.832284380484985,41.18111485034275,27878000
2016-10-21,41.0069465637207,41.01839315030952,40.720816067915464,40.80491336129155,32316000
2016-10-24,41.588165283203125,41.697642481890135,41.254760211962456,41.307012073716145,28952000
2016-10-25,41.23038101196289,41.72551137373422,41.06865194282186,41.72551137373422,37814000
2016-10-26,40.90941619873047,41.188583848753964,40.62328568260591,41.15922135888178,35898000
2016-10-27,40.67304611206055,41.13234848900323,40.536696947614494,40.9547004937156,59470000
2016-10-28,40.783023834228516,41.75039909718195,40.65563071265899,41.29955539044664,87098000
2016-10-31,40.30231857299805,40.93579133099999,40.20777317674068,40.92583678620672,44854000
2016-11-01,40.082366943359375,40.50435305493529,39.72308458903751,40.35058534021601,47118000
2016-11-02,39.23343276977539,40.14606941920106,39.06324497562846,40.14606941920106,47014000
2016-11-03,38.92340850830078,39.3120495349297,38.74625407782457,39.03835653220735,43504000
2016-11-04,38.869163513183594,39.23640717107668,38.366565409547114,38.381493427068236,39412000
2016-11-07,39.91069412231445,40.05848608515227,39.456365197097675,39.55837840202606,39852000
2016-11-08,40.40582275390625,40.60785596794584,39.7907632624004,39.910692365064996,35382000
2016-11-09,40.08783721923828,40.39238093726182,39.413563091777206,39.90073205249655,61970000
2016-11-10,38.828857421875,40.31027340353225,38.228726031979775,40.30728931850535,118192000
2016-11-11,38.40388870239258,38.679567268213454,38.09486507654658,38.65568319982929,71852000
2016-11-14,37.4818000793457,38.405385850811534,37.00259243661968,38.40439115573148,73766000
2016-11-15,38.573577880859375,38.826370886650224,38.0789449040709,38.09138238829364,58878000
2016-11-16,38.81343460083008,38.9885958475382,38.13418315118466,38.3377083936913,35968000
2016-11-17,39.1209602355957,39.25730938404333,38.80696311270465,38.93883233702329,30674000
2016-11-18,38.613887786865234,39.37624182681316,38.583037053662295,39.17122454356285,36126000
2016-11-21,39.05329132080078,39.14037270353566,38.63031050320221,38.71988242031709,32616000
2016-11-22,39.0632438659668,39.4996568844928,39.00054390075621,39.261795654073566,27884000
2016-11-23,38.764671325683594,39.28816951757157,38.44868097112752,39.28816951757157,26260000
2016-11-25,38.82587432861328,38.958738250075214,38.72435848691793,38.9443075789849,12270000
2016-11-28,39.10255432128906,39.796733814043044,38.71988144550828,38.73232272745613,51508000
2016-11-29,39.284183502197266,39.632516605164966,39.08015711578327,39.23143429094241,31240000
2016-11-30,38.609413146972656,39.38719645652282,38.4735651176153,39.26727114347883,45582000
2016-12-01,38.03466033935547,38.744766387060224,37.48877011172888,38.742279649136535,57342000
2016-12-02,38.0411262512207,38.34169121355643,37.76942642894963,37.913736943088466,34376000
2016-12-05,38.72584915161133,38.81442636161637,38.16602569447263,38.31680551082641,33770000
2016-12-06,38.62433624267578,39.07717307357834,38.48201891611207,38.82388270493339,34682000
2016-12-07,39.38520431518555,39.41157512581683,38.492469230952494,38.81194480593262,40588000
2016-12-08,39.56931686401367,39.75990726211676,39.20804515423311,39.45884497293573,32250000
2016-12-09,40.27992248535156,40.30480504828231,39.71263497875437,39.77483758953517,38090000
2016-12-12,40.20279312133789,40.37447293994612,40.03509587968057,40.04952655174005,32572000
2016-12-13,40.573020935058594,41.01889111609968,40.40383165066971,40.42622368009538,42564000
2016-12-14,40.69991683959961,41.016901871726546,40.4456317680152,40.60188622009199,35994000
2016-12-15,40.58845138549805,40.95420306389708,40.40681701694185,40.67354337794088,35394000
2016-12-16,40.29933166503906,40.765103340607226,40.213738531306724,40.72081662936359,51978000
2016-12-19,40.43170166015625,40.61681747119587,40.03360338672996,40.271468414910714,25272000
2016-12-20,40.5660514831543,40.63024727825794,40.35705162979482,40.474987532515236,25438000
2016-12-21,40.416770935058594,40.59193218944214,40.063460544391944,40.59193218944214,29192000
2016-12-22,40.29137420654297,40.36054348817389,40.1097398264021,40.26251285965465,22632000
2016-12-23,40.19781494140625,40.35556143194284,40.06395631894322,40.208266832824954,15310000
2016-12-27,40.30380630493164,40.6058633047742,40.09829167445342,40.24160369453936,19520000
2016-12-28,40.037086486816406,40.47300213679277,39.93109450712628,40.47300213679277,24296000
2016-12-29,39.95298767089844,40.095802347753484,39.71711585114539,39.92561836963975,21148000
2016-12-30,39.43396759033203,39.973388436381704,39.293138513718766,39.9694058596478,34718000
2017-01-03,40.20826721191406,40.37894853662925,39.654913019243565,39.840522363372415,39180000
2017-01-04,40.19632339477539,40.47797776391713,40.01419548292469,40.301818022612366,30306000
2017-01-05,40.457576751708984,40.49340475915594,40.10426635634803,40.18288903370514,26810000
2017-01-06,41.06417465209961,41.25078248283081,40.38193532954108,40.55560453138369,40342000
2017-01-09,41.162208557128906,41.323933838069934,40.8855314461411,41.12190062464966,28178000
2017-01-10,41.103981018066406,41.27317409040772,40.96116634730991,41.15673022814405,23948000
2017-01-11,41.29556655883789,41.297555948961346,40.878064187680906,41.134338638279154,26508000
2017-01-12,41.279144287109375,41.32144160424439,40.85516882765907,41.22191515520979,26990000
2017-01-13,41.34931182861328,41.53392647885099,41.278650511439196,41.35229591389691,25804000
2017-01-17,41.17613983154297,41.3114904983275,40.9641520841797,41.302534445960255,28818000
2017-01-18,41.25376892089844,41.29308215733705,41.00794255108676,41.29258480977805,20554000
2017-01-19,41.02237319946289,41.451823325044344,41.001974356463236,41.252774201718644,21410000
2017-01-20,41.21147537231445,41.26472193837271,41.03382356728315,41.257254131211454,26124000
2017-01-23,42.02060317993164,42.075839131684646,41.23784645516513,41.38265432318103,49148000
2017-01-24,42.274391174316406,42.373416491425736,41.91361297264232,42.14749541082823,33768000
2017-01-25,42.718265533447266,42.73518294270569,42.28483664866747,42.47443236252664,33108000
2017-01-26,42.64511489868164,42.84515871300565,42.32365374124597,42.74812278940755,69866000
2017-01-27,42.05046081542969,43.143733304955006,41.89470749859335,42.74563883710594,75050000
2017-01-30,40.995506286621094,41.66231650398395,40.85616923847929,41.653857798682736,70338000
2017-01-31,40.81436538696289,40.95768120208487,40.47648038565885,40.78002942489864,40404000
2017-02-01,40.56804656982422,41.00396219719607,40.419256131374745,41.00396219719607,45020000
2017-02-02,40.71832275390625,41.03182632592304,40.409302902565585,40.55610014529472,33784000
2017-02-03,40.81138229370117,41.10995406838575,40.772566406408274,40.96067007931651,30562000
2017-02-06,40.88553237915039,40.9238471256761,40.520775384778204,40.85069906569682,27018000
2017-02-07,41.264217376708984,41.39807980217491,40.96863346913715,41.07860802537731,33332000
2017-02-08,41.29656219482422,41.51402456023969,41.059198334628675,41.32890876779756,26044000
2017-02-09,41.305519104003906,41.40106298573325,41.1283684616542,41.388621703828015,23884000
2017-02-10,41.54388427734375,41.65833496692046,41.327917731978836,41.44933508430925,28302000
2017-02-13,41.74840545654297,41.88674400791161,41.613548338063204,41.68570169908085,25914000
2017-02-14,41.8016471862793,41.899677803944556,41.59264732173212,41.78870855706264,27266000
2017-02-15,41.66679382324219,41.88823496922659,41.61205522117448,41.740936572568046,27144000
2017-02-16,41.90814208984375,41.93401555283269,41.66380776004486,41.72551302695011,20102000
2017-02-17,42.126094818115234,42.145502761293365,41.78920451180567,41.86534044539218,29224000
2017-02-21,42.261451721191406,42.40725428240665,42.12609725518668,42.197757065178806,25206000
2017-02-22,42.36545181274414,42.48637180287904,42.13405613052335,42.19825192685588,24488000
2017-02-23,42.347537994384766,42.4281538561359,41.92456098705899,42.35152057133574,27734000
2017-02-24,42.18880081176758,42.21617011583443,41.94745434769077,42.18083945365575,26924000
2017-02-27,42.28135681152344,42.33111814265404,41.94994110695986,42.04647968390264,20206000
2017-02-28,42.04547882080078,42.23955445539242,41.87180962091893,42.16590525968353,27662000
2017-03-01,42.63367462158203,42.69587723772292,42.24901233735483,42.366450907001195,36374000
2017-03-02,42.290313720703125,42.620734736853926,42.23408307369732,42.611774887624726,25018000
2017-03-03,42.251991271972656,42.33857909505493,42.034532714051544,42.24502461018654,20100000
2017-03-06,42.16192626953125,42.245028871830826,41.85837720542324,42.141523629631855,20958000
2017-03-07,42.35499954223633,42.46348204669998,42.0748410256868,42.16142505301227,20774000
2017-03-08,42.478912353515625,42.642630824295914,42.3599817407182,42.45303509319425,20576000
2017-03-09,42.68790817260742,42.830726641822416,42.43063902624437,42.481398846899495,26954000
2017-03-10,42.865562438964844,43.00589038211482,42.67646785900512,42.9297544432606,26732000
2017-03-13,43.02330780029297,43.15019976285046,42.83620261551838,42.83669996306633,23332000
2017-03-14,43.08949279785156,43.17259539654285,42.80186646147932,42.98200498323474,21234000
2017-03-15,43.21289825439453,43.28704479852691,42.860085231034475,43.190506225859316,26658000
2017-03-16,43.29301834106445,43.4278754578069,43.16960781104474,43.31939294735396,22090000
2017-03-17,43.41094970703125,43.512962892119866,43.21190060837063,43.47613639806108,37366000
2017-03-20,43.18901824951172,43.30993825222333,43.02779031371411,43.26714358124797,30844000
2017-03-21,42.30474090576172,43.46569049465567,42.182822425008034,43.296000075954,50760000
2017-03-22,42.28782653808594,42.56400629457853,42.1484894943986,42.271900026593926,27334000
2017-03-23,41.78274154663086,41.88425740568767,41.451826953448254,41.86932938452714,65754000
2017-03-24,41.558311462402344,41.99920436577264,41.25775029404691,41.899677908682726,42114000
2017-03-27,41.72601318359375,41.86883167167051,41.01889499922029,41.20749224558376,38692000
2017-03-28,41.83150863647461,42.06887250633456,41.41549448494724,41.78473138978079,30384000
2017-03-29,42.29130935668945,42.376898698010145,41.86882967685593,41.93700425998651,29146000
2017-03-30,42.27189636230469,42.39729627386152,42.137043051420676,42.39630157883192,18988000
2017-03-31,42.18830108642578,42.27588361381284,42.060911770723095,42.14003179633089,28820000
2017-04-03,42.63367462158203,42.745638571326346,42.17486578625427,42.2355763596618,39388000
2017-04-04,42.42566680908203,42.44706414324032,42.17386847810619,42.19825369409247,26970000
2017-04-05,42.24353790283203,42.824758786134616,42.1743686237522,42.53215895416345,37104000
2017-04-06,42.05393981933594,42.476419442289455,41.999201221171454,42.27289041544802,30672000
2017-04-07,41.90465545654297,42.09275533634394,41.665799551046995,42.04896597286378,22232000
2017-04-10,41.88475036621094,42.135554003696605,41.839468959869954,41.87678900886231,20924000
2017-04-11,41.79418182373047,42.03055098168956,41.53143806064856,41.88474842876932,19486000
2017-04-12,41.872806549072266,41.98526783026364,41.6802267607922,41.723518773128475,22716000
2017-04-13,41.80911636352539,41.98577347341165,41.69317362688065,41.851911036810684,21474000
2017-04-17,42.55305480957031,42.578434719869584,41.85140754222109,41.868826095467625,20982000
2017-04-18,42.49633026123047,42.66551955280892,42.35998109558671,42.42417310128657,18724000
2017-04-19,42.621726989746094,42.805346940229015,42.473433900407464,42.665516352071535,21606000
2017-04-20,42.799381256103516,42.990962574816166,42.67099345033075,42.7824600493043,23776000
2017-04-21,42.74314880371094,42.91682182168047,42.682442025760714,42.826251409248925,23458000
2017-04-24,43.73739242553711,43.788649595168835,43.09944358901415,43.21539010857216,33930000
2017-04-25,44.23053741455078,44.40022404576714,43.75481119630342,43.90310049328697,40760000
2017-04-26,44.24546432495117,44.43704942969253,44.04691255815642,44.3574282653417,26466000
2017-04-27,44.35991668701172,44.45645526435154,44.14793273214517,44.28826067361263,46846000
2017-04-28,46.00605010986328,46.57233915196607,45.94135696176339,46.2289833056629,76918000
2017-05-01,46.419071197509766,46.56835898470627,45.82093294672813,45.98763549105475,46556000
2017-05-02,46.631553649902344,46.92515193567673,46.328501964782554,46.44146439214126,35026000
2017-05-03,47.19684982299805,47.28393119326207,46.538001067090626,46.57980103598834,36496000
2017-05-04,47.50886154174805,47.72881064272258,47.14310988486807,47.28841509323618,38752000
2017-05-05,47.28792190551758,47.693981527918,47.179439388099325,47.6083883888687,32310000
2017-05-08,47.7064208984375,47.82087158224147,47.14460418510918,47.14709471946118,37534000
2017-05-09,47.60789108276367,47.88108676687164,47.492943046691224,47.83779474800141,33758000
2017-05-10,47.514835357666016,47.607888705866756,47.26602490366015,47.58350728595059,22920000
2017-05-11,47.56708526611328,47.671589001797045,47.20481881043702,47.33818009516286,20622000
2017-05-12,47.529762268066406,47.67108490179041,47.376495700168334,47.66461938370445,24298000
2017-05-15,47.732791900634766,47.90596376626634,47.41431481909289,47.53722800502282,26754000
2017-05-16,48.001007080078125,48.06519908033106,47.789023136020695,47.94826166610166,22030000
2017-05-17,46.88434982299805,47.82087044454121,46.77934874535392,47.75667844176409,48982000
2017-05-18,47.298866271972656,47.481988873149206,46.839560133349714,46.93560135825255,36010000
2017-05-19,47.50537872314453,47.74971305203154,47.37350948468467,47.41431476409293,27206000
2017-05-22,47.97413635253906,48.01146019750027,47.600423334661286,47.62231801616788,27748000
2017-05-23,48.29659652709961,48.49365245936497,47.995534212582214,48.267237835588205,30908000
2017-05-24,48.64791488647461,48.673290999682955,48.35033781744656,48.530973677760734,22660000
2017-05-25,49.35702896118164,49.55209931536509,48.65836949700986,48.717090681263876,39082000
2017-05-26,49.42719268798828,49.582448646633196,49.13309703629195,49.36399158407177,32728000
2017-05-30,49.57149887084961,49.64365602637511,49.33214562081775,49.38887361291825,30324000
2017-05-31,49.11966323852539,49.742186736455,48.85045013841508,49.573494793468086,34482000
2017-06-01,49.17937469482422,49.42072112319245,48.83103780400758,49.31223861817131,26128000
2017-06-02,49.56901168823242,49.586927589204144,49.11866539171495,49.194303979352085,34710000
2017-06-05,49.95516586303711,50.130327109305014,49.535670301012566,49.65709143758712,27578000
2017-06-06,49.59687805175781,50.190540163002645,49.5033273602321,49.92680170113388,31042000
2017-06-07,49.83673095703125,49.956656250478844,49.55656864524604,49.71680186703772,27482000
2017-06-08,49.97507095336914,50.04075499675099,49.593893932411916,49.972580419153864,33758000
2017-06-09,48.27519607543945,50.035779705527524,47.441679604428515,50.035282358011735,72958000
2017-06-12,47.86167526245117,48.16970423709149,46.61712567527666,47.70791134717635,84042000
2017-06-13,48.29411315917969,48.66284893485774,47.87162967566141,48.37074644891303,40108000
2017-06-14,48.16621398925781,48.75191469456681,47.74721581110484,48.5429148512559,30110000
2017-06-15,47.78055953979492,47.80544210189659,46.79477499640397,47.17545465797465,48552000
2017-06-16,47.70293426513672,47.769119454284144,47.20929594422145,47.66760360660371,51184000
2017-06-19,48.528987884521484,48.73201578796598,48.17965627505127,48.25180963640218,29376000
2017-06-20,48.21896743774414,48.80616023718747,48.17965420308707,48.53346192536246,25946000
2017-06-21,48.696685791015625,48.74445773304289,48.241859544900535,48.308542084022115,23232000
2017-06-22,48.59865188598633,48.79172903131025,48.43393873611457,48.611089370807804,20190000
2017-06-23,49.06990051269531,49.09627511928635,48.49116639654198,48.54292091461438,31280000
2017-06-26,48.37322998046875,49.46302096849482,48.28564745663032,49.26446919634596,30358000
2017-06-27,47.1789436340332,48.13089351219908,47.12918229841948,47.851232300329244,48872000
2017-06-28,47.82186508178711,47.932834329888756,46.58527684147168,47.306829424452914,54912000
2017-06-29,46.66788101196289,47.356589658043006,46.25883734017331,47.34116429129793,64134000
2017-06-30,46.2628173828125,47.0251713880971,46.259332153696995,46.97491271377136,45754000
2017-07-03,45.754249572753906,46.48973545966682,45.54773644941604,46.438975638745276,33896000
2017-07-05,46.391204833984375,46.59174599526201,45.712948065906474,45.9901225114291,41882000
2017-07-06,46.16379165649414,46.584281922451495,45.77365857359319,46.029933032156634,40298000
2017-07-07,46.816673278808594,47.00825839140288,46.26829254771167,46.328008423422496,33266000
2017-07-10,47.32374572753906,47.42974149767488,46.87339943098436,46.87339943098436,29030000
2017-07-11,47.44964599609375,47.51732323088212,47.031148898149375,47.29986465048225,29224000
2017-07-12,48.15278625488281,48.25081687936455,47.62431458970296,47.8144038711861,32042000
2017-07-13,48.21200180053711,48.70215868914434,48.01046594414913,48.309037723855255,30492000
2017-07-14,48.61308670043945,48.6444347837493,48.27669371004717,48.46827882910553,21592000
2017-07-17,48.5658073425293,48.93354838016885,48.30903554761822,48.58372324305397,33210000
2017-07-18,49.112693786621094,49.30676563078745,48.37074237299491,48.43642641728307,28266000
2017-07-19,49.40230941772461,49.54313470240282,49.11567777987825,49.264965565824824,28242000
2017-07-20,49.373451232910156,49.69640444800546,48.99675031116577,49.612804497421806,28368000
2017-07-21,49.45555877685547,49.51875608689976,48.97435792042248,49.21470967485501,29266000
2017-07-24,49.6779899597168,50.0701162095298,49.27790235301889,49.46849275691938,79690000
2017-07-25,48.2209587097168,48.60412513778093,47.96070166923897,48.30406131010219,118672000
2017-07-26,48.03584289550781,48.46578656949827,47.78305366154828,48.407566533111606,44432000
2017-07-27,47.398887634277344,48.24534278192702,46.63006426205731,48.228421575789994,74358000
2017-07-28,47.688499450683594,47.8606766004737,47.04059612606936,47.17396118787234,36276000
2017-07-31,47.0500602722168,47.83082762992411,46.862453932472434,47.771609099369975,45670000
2017-08-01,47.102806091308594,47.497419126190216,47.02318871633743,47.1650087078518,28052000
2017-08-02,47.15654754638672,47.229202051439785,46.40414421953704,47.19287290064014,40788000
2017-08-03,46.79129409790039,47.27398699359822,46.74849942808518,47.22920293352546,22478000
2017-08-04,47.06448745727539,47.15156883531503,46.76641302937949,46.97292235828424,25092000
2017-08-07,47.062496185302734,47.22223586922327,46.95053223952732,47.15057605855185,28916000
2017-08-08,46.98486328125,47.3978895056824,46.899771298823275,46.98984055287635,30102000
2017-08-09,46.78034591674805,46.963468519928114,46.47380899044374,46.699232709944916,28018000
2017-08-10,45.95977020263672,46.59224443539951,45.86970093941841,46.52755508385775,54148000
2017-08-11,46.28322219848633,46.44594216245177,45.8418319574554,45.96573983108909,32334000
2017-08-14,46.72311782836914,46.82811510885687,46.50217402828005,46.730084490565226,23012000
2017-08-15,46.680824279785156,46.92913740117761,46.60916826184828,46.82762154531166,22130000
2017-08-16,46.98884963989258,47.269008171308016,46.77835393412377,46.838567156356895,26906000
2017-08-17,46.16230010986328,46.96595680516212,46.16130541475995,46.9231621364417,33914000
2017-08-18,46.08864974975586,46.32949883781465,45.95280173719388,46.12846033216391,26748000
2017-08-21,45.82441711425781,46.19166084054602,45.71145847030445,46.068254101000285,26024000
2017-08-22,46.79627227783203,46.87390026139174,46.08815563570246,46.12746887332953,35502000
2017-08-23,46.90475082397461,47.04657080149952,46.53949651858741,46.627075242762075,22690000
2017-08-24,46.621604919433594,47.09036066813219,46.31556533943704,46.960981970611755,25892000
2017-08-25,46.303627014160156,46.81269071257735,46.28372172225197,46.73705212194473,23746000
2017-08-28,46.185691833496094,46.52009163113949,46.08517067724945,46.37229967697666,20988000
2017-08-29,46.564876556396484,46.686297702251814,45.74678915250685,45.77863837996543,23172000
2017-08-30,46.957000732421875,47.067969981134574,46.48027981644434,46.56089567833374,22406000
2017-08-31,47.53474044799805,47.63227372034157,47.087378220932,47.08986495870487,33866000
2017-09-01,47.373008728027344,47.68850170112063,47.2879167423963,47.645707034541715,20858000
2017-09-05,46.850013732910156,47.34315470772802,46.557410123217586,47.117730982473304,29148000
2017-09-06,46.876888275146484,47.000295015142626,46.412107474537116,46.96894693170475,27830000
2017-09-07,47.26851272583008,47.29886991021533,46.65345323904515,46.987856835573055,22332000
2017-09-08,46.846527099609375,47.308817326414186,46.77686047951946,47.25905599728511,19998000
2017-09-11,46.940086364746094,47.407350114436824,46.82612922679298,47.13465557326685,26748000
2017-09-12,47.10728073120117,47.1789367402909,46.6519571736013,47.12071670747375,25696000
2017-09-13,47.29587936401367,47.415808459001966,47.01223560777984,47.050056800102276,21908000
2017-09-14,46.7828369140625,47.175957905852165,46.69475703719962,47.074939398801845,28548000
2017-09-15,46.54198455810547,46.86344951039726,46.34094604974145,46.78084425923142,39886000
2017-09-18,46.266300201416016,46.62010791542703,46.049836335182306,46.52804926823264,29474000
2017-09-19,46.62010955810547,46.67385346505044,46.11253791702076,46.44843353888076,24854000
2017-09-20,47.15156936645508,47.27398520048478,46.65195907942577,46.66340566606513,40080000
2017-09-21,47.152069091796875,47.41332083512536,46.74551592692497,47.18093423362366,27414000
2017-09-22,46.93858337402344,47.2739816251017,46.81816073582967,46.91420195649828,21496000
2017-09-25,46.491729736328125,46.763926931787935,46.00555158892531,46.74899891108179,37468000
2017-09-26,46.64847183227539,46.979390169950406,46.53352380949295,46.611649132768605,33454000
2017-09-27,47.766632080078125,48.041817153349825,46.87340342054519,46.91271665859726,46692000
2017-09-28,48.01095962524414,48.079130402897434,47.55016146328641,47.58499477164957,28018000
2017-09-29,48.454341888427734,48.55834447170404,48.07017698382954,48.07017698382954,40622000
2017-10-02,48.14332580566406,48.65438263770298,47.868638121064144,48.55038006096799,30782000
2017-10-03,48.37273025512695,48.390646155672165,47.90646125543225,48.14780388771841,21666000
2017-10-04,48.10899353027344,48.488181168159414,48.05076969881455,48.35680928240225,21156000
2017-10-05,49.025115966796875,49.090803813931856,48.28266713441504,48.40806706453113,35618000
2017-10-06,49.44560241699219,49.47645694780276,48.69270175080465,48.76684829771378,31060000
2017-10-09,49.37942123413086,49.78497968851815,49.33911330315879,49.513279859939786,25910000
2017-10-10,49.154991149902344,49.63619198041398,48.82208341066533,49.52820681924849,23268000
2017-10-11,50.04324722290039,50.138791104273416,49.161958752772456,49.21669735571437,36300000
2017-10-12,50.04324722290039,50.33634438517803,49.81682880132665,49.95317796113079,30614000
2017-10-13,50.15372085571289,50.49657936071871,50.11341292344059,50.21542612304092,26552000
2017-10-16,50.22736358642578,50.359232819258786,49.83772785496904,50.241296910675715,21420000
2017-10-17,50.30947494506836,50.48662939215547,50.06315501606806,50.13232429452762,20260000
2017-10-18,50.39606475830078,50.57371276339657,50.02682782926172,50.31196745617912,25596000
2017-10-19,49.8536491394043,50.12634744608482,49.627731872637426,49.99845699725094,34284000
2017-10-20,50.01438522338867,50.19253055784463,49.87504818356027,50.112913188774534,32120000
2017-10-23,49.04252624511719,50.050209237367746,48.92110511620064,50.01985205686569,32786000
2017-10-24,49.18932342529297,49.22764196236483,48.62153860663568,49.090298120384084,28902000
2017-10-25,49.337127685546875,49.48491964719929,48.65339623903361,49.078860017664404,30574000
2017-10-26,49.33512878417969,50.086040033805716,49.28785419279728,49.68595241823708,47396000
2017-10-27,51.43757629394531,52.92795220791255,51.0981992459822,51.30421502084399,103682000
2017-10-30,51.410709381103516,51.744114470194454,50.87327790234592,51.21315230606268,46804000
2017-10-31,51.406227111816406,51.80233214237321,51.070828851299794,51.404237721728784,30326000
2017-11-01,51.8819580078125,52.14370709681046,51.45400371432752,51.569452891157106,43262000
2017-11-02,51.900367736816406,52.027263501454094,51.18827232039394,51.75207843359166,26694000
2017-11-03,52.24969482421875,52.2830360912252,51.6356300839063,51.88941779463051,27770000
2017-11-06,51.88593292236328,52.37907767584353,51.85209430759752,52.20540847424529,18294000
2017-11-07,52.36912155151367,52.41988137040327,51.90185786642348,52.232772401506125,26104000
2017-11-08,52.662723541259766,52.881674156151504,52.10339737492095,52.25268136736357,24276000
2017-11-09,52.13673400878906,52.29397934459805,51.546056016583506,52.150667332040285,35892000
2017-11-10,51.95908737182617,52.08249790325542,51.81328481079101,51.94515404719856,19442000
2017-11-13,51.81229019165039,52.18749526203657,51.71575161422517,51.79238489978943,18814000
2017-11-14,51.83417892456055,51.86702284218884,51.22160626136268,51.63911240187628,21012000
2017-11-15,51.57392883300781,51.73416206956594,51.29277180027356,51.50376486085212,18106000
2017-11-16,52.17405700683594,52.337775462575074,51.65304939794989,51.69036944571827,23768000
2017-11-17,51.54805374145508,52.29995976763737,51.44056971465756,52.240247684932015,26712000
2017-11-20,51.48684310913086,51.68788160836117,51.38831135133576,51.55352184616147,17526000
2017-11-21,52.26512145996094,52.26960138435437,51.70977788320389,51.754561940953806,22206000
2017-11-22,52.345733642578125,52.52039753000673,52.11334327581309,52.307912453025374,14538000
2017-11-24,52.574642181396484,52.751299266813724,52.345737028894675,52.46865020807379,16492000
2017-11-27,53.345455169677734,53.396712338466045,52.48755724235702,52.67665561010816,35430000
2017-11-28,52.911537170410156,53.74306056180223,52.476118855673334,53.44399141485505,36424000
2017-11-29,51.6221923828125,52.68660337454646,51.23753015109329,52.557718235111565,55866000
2017-11-30,51.56197738647461,51.95858353784142,51.258432164436314,51.749583694518364,45092000
2017-12-01,51.00962829589844,51.615230571847505,50.60307134589855,51.27535615989926,37762000
2017-12-04,50.35276794433594,51.32163900576624,50.220898699875875,51.14547925039838,38778000
2017-12-05,50.7374267578125,51.58736335030744,49.87753941774896,50.30897513043409,38998000
2017-12-06,51.39030838012695,51.73167483735804,50.52394791256578,50.584161136295805,28710000
2017-12-07,51.9799919128418,52.19645581108956,51.521684202641595,51.55701486486086,30866000
2017-12-08,52.219337463378906,52.569659922674276,52.04417243718551,52.34025744439802,31170000
2017-12-11,52.348228454589844,52.548769629324454,51.9575979974012,52.30543378339965,23254000
2017-12-12,52.18899154663086,52.87222565402033,51.99491968089512,52.25019946985539,33882000
2017-12-13,52.31936264038086,52.5228878832155,52.080005595541415,52.353698603225894,27680000
2017-12-14,52.62191390991211,53.1001268275029,52.42933412073465,52.523385951533925,30962000
2017-12-15,53.34495544433594,53.506684504100804,52.75229184651311,52.93591179006878,63760000
2017-12-18,53.99634552001953,54.066012139645146,53.26384752234504,53.566398071913696,30292000
2017-12-19,53.73210906982422,53.990376721671836,53.35839603956241,53.89334079603094,26350000
2017-12-20,53.42259216308594,53.804266553144394,53.17577109669433,53.78884118563149,28728000
2017-12-21,53.28773880004883,53.61965188149097,53.19568013949625,53.513659895128924,25640000
2017-12-22,53.1887092590332,53.33102659142501,53.12799868809265,53.245437252966894,17788000
2017-12-26,53.03892517089844,53.18871031271366,52.68014015437336,53.17776107313758,18376000
2017-12-27,52.75776290893555,53.15934635228934,52.66719630553586,53.07624375820778,22324000
2017-12-28,52.54627990722656,52.988664860021046,52.418389451953054,52.85977970964329,19884000
2017-12-29,52.41938400268555,52.650779696356416,52.38455069140185,52.52339038553208,23606000
2018-01-02,53.40517044067383,53.543011638081616,52.40047527349359,52.40047527349359,31766000
2018-01-03,54.31631851196289,54.544228982927415,53.41612321520075,53.44100198310784,31318000
2018-01-04,54.527305603027344,54.94132655368835,54.45266550573435,54.593490792046104,26052000
2018-01-05,55.25035095214844,55.414069413897295,54.82787129109952,54.90997919575,30250000
2018-01-08,55.44541931152344,55.69174303354117,55.235922088844056,55.285683421506725,24644000
2018-01-09,55.374755859375,55.65591288308646,55.14634804825195,55.65591288308646,26808000
2018-01-10,55.242889404296875,55.374261298283166,54.93635625051098,55.08663494541198,20734000
2018-01-11,55.33793258666992,55.47726582994094,55.060758142760186,55.35087121590882,22424000
2018-01-12,56.26350784301758,56.29585061961878,55.13689416440777,55.240896749478004,38586000
2018-01-16,56.265995025634766,57.170670216908654,56.064956516079036,56.74420798172111,36462000
2018-01-17,56.683998107910156,56.6949435504435,55.90720958064976,56.54764894969218,27830000
2018-01-18,56.52824401855469,56.75814388256141,55.95548185055023,56.696438614793244,27498000
2018-01-19,56.90294647216797,56.91687979596614,56.355564267291555,56.63074931057842,30552000
2018-01-22,57.93103790283203,58.06639237406588,56.819352177084845,56.9188786402116,29550000
2018-01-23,58.52867889404297,58.645122767902365,58.08480187809485,58.25249912801312,39138000
2018-01-24,58.28583526611328,59.07008778168688,58.09226077314939,58.967079894517674,37128000
2018-01-25,58.82575607299805,58.96807720071806,58.313207148658606,58.75459740741114,29984000
2018-01-26,59.0954704284668,59.0954704284668,58.12361907595811,59.093978385707956,42170000
2018-01-29,59.041725158691406,59.614984641393455,58.92129871548926,59.11736374721337,31494000
2018-01-30,58.5883903503418,59.11387788750293,58.446069227133115,58.6058089037945,37338000
2018-01-31,58.82973861694336,59.03376501007643,58.326145745392616,58.908858639885175,36022000
2018-02-01,58.79838562011719,59.08999453214025,58.1897954782561,58.51971913386568,73514000
2018-02-02,55.69373321533203,56.295854081164165,55.29414291255394,56.1027769185901,117842000
2018-02-05,52.86674499511719,55.484231942129064,52.58559177364152,54.76865134000662,83550000
2018-02-06,53.963504791259766,54.11030204868363,51.255451128173426,51.45300820900175,76630000
2018-02-07,52.519405364990234,54.0680012972298,52.480092131032706,53.99037332091598,51942000
2018-02-08,50.14575958251953,52.943381418294265,49.99597444033088,52.74134820557106,66792000
2018-02-09,52.064579010009766,52.33578147711019,49.61279997434446,51.04992931172337,98360000
2018-02-12,52.47711181640625,53.02499141080931,52.02577080094077,52.58210910046703,56240000
2018-02-13,52.45621109008789,52.80852678383553,52.09692873400524,52.250195305375534,31586000
2018-02-14,53.37979507446289,53.51763628360486,52.24024649460781,52.46516908789304,41304000
2018-02-15,54.308353424072266,54.44470257854249,53.107593232270254,53.914735123767,37396000
2018-02-16,54.51436996459961,55.151821443265106,54.317807587176766,54.40887154176525,39948000
2018-02-20,54.91694641113281,55.54892329436583,54.24067901949363,54.37802287617981,33754000
2018-02-21,55.42252731323242,56.53968759193702,55.11201160065814,55.191135418845924,41486000
2018-02-22,55.23094177246094,56.00523975937788,54.99457260793144,55.692237311531464,28010000
2018-02-23,56.13611602783203,56.181401231279516,55.15829276667182,55.6668591170916,25292000
2018-02-26,56.91290283203125,56.93778159872423,56.19831692222614,56.32371684041158,30912000
2018-02-27,55.6096305847168,56.94027060734641,55.5738025799875,56.91290130713517,42964000
2018-02-28,54.93336486816406,56.11421979607381,54.88758611497072,55.83306277612974,49292000
2018-03-01,53.31559753417969,55.299114370176994,53.11057645825989,55.21302769011919,55338000
2018-03-02,53.949073791503906,54.0859203003677,52.255669904124645,52.64729503739767,50162000
2018-03-05,54.477542877197266,54.797014634375614,53.35839323546137,53.650002141164556,28648000
2018-03-06,54.7830810546875,55.018459315716925,54.464603994061115,54.842796927259705,23382000
2018-03-07,55.486717224121094,55.54444370606537,54.23619571614768,54.3810035737155,30748000
2018-03-08,56.20030975341797,56.30281649788023,55.594206356143076,55.594206356143076,33862000
2018-03-09,57.76582336425781,57.77378472144372,56.44464050528487,56.70389904582426,42662000
2018-03-12,58.01911544799805,58.62770560343565,57.6842145129355,57.975322287362914,44306000
2018-03-13,56.724300384521484,58.61974117107071,56.45857253550645,58.31270690136068,43140000
2018-03-14,57.17116928100586,57.71208221339779,56.84572553664672,57.017405359792974,41870000
2018-03-15,57.25675582885742,57.8484285562726,56.512815026891,57.205005108928034,33382000
2018-03-16,56.45111083984375,57.565283245930274,56.29883896584192,57.49263253831835,58656000
2018-03-19,54.74178695678711,55.70219169695303,54.18693689212957,55.622076975616814,63656000
2018-03-20,54.529300689697266,55.01448032173737,53.863481385584954,54.65867939387711,54598000
2018-03-21,54.43973159790039,55.17123498718264,54.101846554411104,54.36857292725477,44898000
2018-03-22,52.406944274902344,53.938121659760704,52.23227658186085,53.74355247244826,69312000
2018-03-23,51.08327865600586,53.085209068996335,50.99967869982497,52.318374993186715,49880000
2018-03-26,52.45372009277344,52.711490393439945,50.288572575271616,52.28005088348734,65984000
2018-03-27,50.10744094848633,52.97373850548619,49.6436586467339,52.941889278418174,60816000
2018-03-28,50.019859313964844,51.00564776940355,48.96590007161025,49.85713933583971,77698000
2018-03-29,51.610252380371094,52.15315848214298,49.963128419241535,50.319924031398315,69338000
2018-04-02,50.39058303833008,51.729184410434186,49.47595714335583,51.13651700523413,65068000
2018-04-03,50.691646575927734,51.006144884055935,49.62524605593441,50.56574930178012,51322000
2018-04-04,51.24052047729492,51.39130030399634,49.58841929115461,49.67400862549067,50724000
2018-04-05,51.386322021484375,52.08647343867545,50.95637837503327,52.070550724820514,35836000
2018-04-06,50.257225036621094,51.55352537760799,50.073103933661166,50.911593949854264,40134000
2018-04-09,50.761810302734375,51.98097995496909,50.71751979631954,50.75931976851458,33220000
2018-04-10,51.57841110229492,51.812790898731066,50.52892796455072,51.26789536291345,36620000
2018-04-11,51.009124755859375,51.54705356992285,50.71751964642542,51.35447377125556,34060000
2018-04-12,51.61772155761719,51.98397060639332,51.05839913422837,51.32810959742489,32896000
2018-04-13,51.55550765991211,52.39847748444768,51.26241053411282,52.09542961232749,25410000
2018-04-16,52.05612564086914,52.321356168292645,51.45002219572733,52.02875633793623,29776000
2018-04-17,53.711204528808594,53.99186418665157,52.60300416160682,52.80752788737833,54584000
2018-04-18,53.51365280151367,53.84257795722582,53.27131167476308,53.69379131796408,31126000
2018-04-19,54.21331024169922,54.61439257628583,53.19667108040654,53.19667108040654,39884000
2018-04-20,53.60969924926758,54.4770506487032,53.34993954398527,53.95554564436684,42434000
2018-04-23,53.435028076171875,54.14115529006075,53.08022565108493,53.891346349102676,69590000
2018-04-24,50.888702392578125,52.9712445912018,50.40203074412265,52.70800347589493,128220000
2018-04-25,50.90612030029297,51.557007744486,50.60853942949854,51.242509464589226,57860000
2018-04-26,51.91728210449219,52.35071096296694,50.77971928001469,51.41518132499074,50926000
2018-04-27,51.32710647583008,52.33478956580274,51.13502781373858,52.02825642530371,40746000
2018-04-30,50.68667221069336,51.6714621526534,50.67273888576307,51.47490356093241,34492000
2018-05-01,51.789894104003906,51.83866074002587,50.290064728595986,50.573211144673714,35326000
2018-05-02,51.05839157104492,51.95062543582179,50.91457840917341,51.453999255663064,34698000
2018-05-03,51.07082748413086,51.28928452987016,50.15470957675993,51.024551386556666,39282000
2018-05-04,52.29995346069336,52.34374661881551,50.66029358066641,50.73792155674995,36892000
2018-05-07,52.72093963623047,52.996622020121045,52.26362669999862,52.44376520980169,34400000
2018-05-08,52.67764663696289,53.00806761343429,52.33180029479377,52.97771043299646,26030000
2018-05-09,54.18842315673828,54.43972412675218,52.85280967855392,52.9518387833074,47160000
2018-05-10,55.010501861572266,55.20656691585923,54.43376087969979,54.48949418328271,36414000
2018-05-11,54.906494140625,55.186656471739354,54.59996099952718,54.758702189712736,30504000
2018-05-14,55.066734313964844,55.641485884610894,54.97716239408842,55.01547714064006,39338000
2018-05-15,53.98539733886719,54.694508626897,53.68234563928585,54.58403672839133,35738000
2018-05-16,53.94658279418945,54.4586381660327,53.824170755143065,53.99634792174644,25628000
2018-05-17,53.80575942993164,54.290441721020834,53.564910327096015,53.81571397441745,25738000
2018-05-18,53.22752380371094,53.4310528605247,52.980706524662274,53.046390574204985,35482000
2018-05-21,53.94260025024414,54.404890462276796,53.643531140947125,53.693292468486106,25180000
2018-05-22,53.509674072265625,54.33025199900889,53.35789954035816,54.23072933399094,22226000
2018-05-23,54.03963851928711,54.1411543653972,53.09415806871981,53.245435244534264,23740000
2018-05-24,54.014259338378906,54.097361937037235,53.35989044066083,54.08641649448929,20604000
2018-05-25,53.946083068847656,54.219278724632744,53.8724376689544,54.06899624657445,22224000
2018-05-29,53.14939498901367,53.8097396535144,52.90108188694753,53.544007997633116,36076000
2018-05-30,53.617156982421875,53.69279556766695,53.07375356201772,53.418605221585324,28686000
2018-05-31,54.73830032348633,55.23592123551802,53.643535835635106,53.842581163210774,79368000
2018-06-01,56.4799690246582,56.63721816190021,55.33593684689389,55.378735309534925,63202000
2018-06-04,57.37767791748047,57.61753230351501,56.57949208846197,56.654135979178925,44754000
2018-06-05,57.27716064453125,57.7787641312642,57.10001000008831,57.45829766253381,32964000
2018-06-06,57.07462692260742,57.46078121308852,56.545657959865174,57.36424264046824,34934000
2018-06-07,56.45111083984375,57.020885100205106,56.03808458142499,56.95669309747191,36108000
2018-06-08,56.36602020263672,56.6680734235956,55.894272753206245,56.29137630649201,27284000
2018-06-11,56.773563385009766,57.113938915985926,56.300825075887026,56.37745835597217,24796000
2018-06-12,57.13633346557617,57.164200114109676,56.779537857601994,56.779537857601994,26092000
2018-06-13,56.939273834228516,57.50706249386623,56.896976513815666,57.3398588058398,34302000
2018-06-14,57.72949981689453,58.022099634496165,57.25626032988215,57.33637884487952,35422000
2018-06-15,57.68769836425781,57.91859291013744,57.41002657353245,57.72004114072407,44438000
2018-06-18,58.89741516113281,58.92478446241497,57.27616466391788,57.360261957953256,33038000
2018-06-19,58.65407943725586,58.85909672692217,57.80414284987995,58.22711985510232,47282000
2018-06-20,58.92179489135742,59.78865265859203,58.82028284298701,58.883480148588546,51686000
2018-06-21,58.19377899169922,59.23330750889277,57.89719659946725,58.993456906457425,44966000
2018-06-22,58.18631362915039,58.47045473289453,57.706604842339694,58.295790832693406,34220000
2018-06-25,56.692955017089844,57.52447836267641,55.72856394409133,57.47521437916647,57682000
2018-06-26,56.361541748046875,57.07064928855063,56.18140321609797,56.93480126650131,34688000
2018-06-27,55.58127212524414,57.037809555295546,55.56932819029611,56.529736734437286,34538000
2018-06-28,56.070926666259766,56.4302090052547,55.04035424070261,55.35484872593333,29726000
2018-06-29,56.190853118896484,56.79645917468823,56.08287175389113,56.346112872848174,31562000
2018-07-02,56.833778381347656,56.87757154029879,55.06672916335203,55.502147439363085,23216000
2018-07-03,55.548423767089844,57.22192230016084,55.456365117536414,57.197540881180636,16448000
2018-07-05,56.792972564697266,56.93479633845013,55.88879475365127,55.962443950220276,28594000
2018-07-06,57.47919845581055,57.53493175550187,56.591440644725864,56.81686437786432,21820000
2018-07-09,58.0862922668457,58.11863884103737,57.586184616781715,57.724025822084144,21584000
2018-07-10,58.07932662963867,58.39581432510375,57.851416156683804,58.22115041447821,21334000
2018-07-11,58.2943000793457,58.741161159121226,57.49362747039038,57.50606495571216,33252000
2018-07-12,59.77720642089844,59.81353177374731,58.37590506103585,58.46348758244791,44148000
2018-07-13,59.9344596862793,60.23402617496429,59.48013078273142,59.853843821369125,32612000
2018-07-16,59.54084014892578,60.14793826821028,59.38607773719833,59.90410128813945,26784000
2018-07-17,60.365394592285156,60.64804365422087,58.8187880071211,58.85561450446528,40162000
2018-07-18,60.35694122314453,60.788874313167696,59.941428196533074,60.13898149124482,38948000
2018-07-19,59.66972732543945,60.53459198235893,59.60155274194273,60.04542975949034,38338000
2018-07-20,59.609012603759766,60.250446664535346,59.5448168053457,59.67668983496973,37938000
2018-07-23,60.26189041137695,60.465916803330856,59.316907286783,59.49854164934085,65446000
2018-07-24,62.608177185058594,63.446667219297225,61.91100979106744,63.24761809224115,107600000
2018-07-25,63.49344253540039,63.60789321730792,62.155338435673926,62.332990222262495,51104000
2018-07-26,63.96916961669922,64.06371880466781,62.849522567141214,63.05752774343511,54686000
2018-07-27,62.34642791748047,64.26475443009659,61.9284243722017,64.1493090499017,48362000
2018-07-30,61.20935821533203,62.346423759345505,60.917255758267416,61.95628689000204,43896000
2018-07-31,61.06903076171875,61.76520341764702,60.5201565008644,61.29246129547037,39382000
2018-08-01,61.356163024902344,61.99858801221492,60.95557803624124,61.660706782073866,36994000
2018-08-02,61.76122283935547,61.924443953998974,60.61321180685533,60.63510648884614,34704000
2018-08-03,61.61343002319336,62.0294403648149,61.17850908516734,61.96275782812584,21264000
2018-08-06,61.589046478271484,61.82740883861522,61.23374669659514,61.785111516740386,22114000
2018-08-07,62.493221282958984,63.002786103843796,62.292182778732176,62.30263087352628,42506000
2018-08-08,62.766422271728516,63.28344734955132,62.30811078391717,62.53701595576072,34344000
2018-08-09,62.92216873168945,63.295384387919604,62.705207518447025,62.836082051544004,27326000
2018-08-10,62.327510833740234,62.75994500653893,62.061285644549855,62.659423860350174,26602000
2018-08-13,62.13493347167969,62.99731131687583,62.05481875665104,62.26232657483515,27500000
2018-08-14,62.60768127441406,62.72959597266744,61.682106039424575,62.32702158120341,28080000
2018-08-15,61.31783676147461,62.30113453357826,61.020259704218354,61.917968147546084,37052000
2018-08-16,60.911781311035156,61.88911097901722,60.69133486362355,61.80401519545942,32176000
2018-08-17,60.503238677978516,61.05559819902554,59.913559106811945,60.81126766540466,33092000
2018-08-20,60.80678176879883,61.00384148509671,60.147435637800804,60.74258977027914,22218000
2018-08-21,60.58086395263672,61.344713847679486,60.46243069613132,60.860031582620834,23082000
2018-08-22,60.79683303833008,61.03469424158548,60.37236020697642,60.42212153608113,22296000
2018-08-23,60.76747131347656,61.46463866685933,60.67740205380694,60.70377665956165,24666000
2018-08-24,61.54326248168945,61.5756052565177,60.78040732059799,61.00831776967819,24454000
2018-08-27,62.51462173461914,62.594242902842495,61.73883167473314,61.9110088442972,28580000
2018-08-28,61.99659729003906,62.52905150608616,61.852784119676315,62.49620758483991,27330000
2018-08-29,62.93162155151367,63.05702526069525,62.34194203499637,62.45141923392949,36926000
2018-08-30,62.423553466796875,63.17247152053621,62.063773785038975,62.86941982912102,30104000
2018-08-31,61.29694366455078,62.32950553113142,60.995881344409966,62.31258812109412,42308000
2018-09-04,60.27731704711914,61.10138019308064,60.04094787324504,60.83515118283718,41458000
2018-09-05,59.66972732543945,60.45447346392427,58.48737647678899,60.17331642458401,53988000
2018-09-06,58.917816162109375,59.664247489182856,57.90366379677071,59.643347503141904,46854000
2018-09-07,58.59933853149414,59.144731349950966,58.18531759495623,58.32116560463234,32658000
2018-09-10,58.47343826293945,59.05068031375956,58.25199712025586,58.92826448224603,27670000
2018-09-11,59.21638488769531,59.26365947675899,58.02010467646842,58.27637911519122,29254000
2018-09-12,58.301265716552734,59.251222301583034,58.030556791707795,58.81878810493645,35716000
2018-09-13,58.82575607299805,59.11039832843807,58.1828299553107,58.704338728702325,40068000
2018-09-14,58.618743896484375,59.117363278341664,58.39680540465346,59.117363278341664,24176000
2018-09-17,57.71556854248047,58.809835710298174,57.64739395948685,58.60829984330294,34096000
2018-09-18,58.07783126831055,58.78545051627244,57.79518220646804,57.85639012296154,32314000
2018-09-19,58.43413162231445,58.53365428578423,57.65535368257891,58.16989579966882,25962000
2018-09-20,59.29500961303711,59.415933399457394,58.532655584568104,58.75260468012155,29244000
2018-09-21,58.32714080810547,59.5443211226478,58.324156722768414,59.461715869767865,91222000
2018-09-24,58.69736862182617,58.977527139753136,57.30104456681659,57.6946628615279,31150000
2018-09-25,59.41046142578125,59.55825337477481,58.42517037618575,58.93075642857661,33152000
2018-09-26,59.41891860961914,60.07478333195077,58.98798025889633,59.400509157750946,37650000
2018-09-27,60.08075714111328,60.55349547850465,59.61747220371312,59.71450812755855,36274000
2018-09-28,60.06682205200195,60.13499662977505,59.60652121342281,59.91803161498545,35612000
2018-10-01,60.138980865478516,60.918753533464375,59.87325298886492,60.361420519878884,33164000
2018-10-02,60.09469223022461,60.934678097481786,59.69759247074093,60.046422940659376,40180000
2018-10-03,60.288265228271484,60.42013446390372,59.821495059444366,60.31165195284955,26246000
2018-10-04,58.573463439941406,60.00810230291196,57.91560931096144,59.964810287048586,46576000
2018-10-05,58.1136589050293,58.818787614261524,57.44137411604414,58.5202158399013,31852000
2018-10-08,57.52099609375,58.513250004898644,56.49987704225132,57.72402399201366,46190000
2018-10-09,56.98604965209961,57.80115289920142,56.93628832324503,57.2915880837437,33690000
2018-10-10,54.34816360473633,56.58049089760524,54.31581703271671,56.549636368168215,58980000
2018-10-11,54.27750015258789,55.53747889872429,53.53853282119661,53.69528461771783,67696000
2018-10-12,55.760414123535156,56.023655252005454,54.490981931185146,55.71562626723096,49370000
2018-10-15,54.859718322753906,55.823110865000245,54.64971997123661,55.63401629601968,30074000
2018-10-16,56.384429931640625,56.54814839709067,55.32300670745256,55.409093394465984,38378000
2018-10-17,56.111236572265625,57.0771158871371,55.4349691900082,56.728782774682955,35652000
2018-10-18,54.63429641723633,56.348102918423116,54.05855019005367,56.23116170319278,46152000
2018-10-19,54.99606704711914,55.78081695968578,54.590508583879455,54.92291898994757,41286000
2018-10-22,55.30409240722656,55.81763600263257,54.73829694879827,55.3608203980192,27116000
2018-10-23,55.480247497558594,55.63401520254626,53.69379038318061,54.30486723676797,37686000
2018-10-24,52.604496002197266,55.565342433831944,52.50198546594668,55.4847265778731,49286000
2018-10-25,54.91694641113281,55.625059232611754,53.52161695866587,53.757986130863586,72956000
2018-10-26,53.92966079711914,55.58424864090376,51.86353877016758,52.167087799023825,106438000
2018-10-29,51.490325927734375,55.17769852989274,50.12037644322232,54.56612051475289,81290000
2018-10-30,52.225807189941406,52.2949764618957,50.4572659535839,50.7578271124184,59768000
2018-10-31,54.26953887939453,55.13639666498645,53.15586383311135,53.15586383311135,70916000
2018-11-01,54.04063415527344,54.73332159597667,53.634574560309204,54.31034459130592,40132000
2018-11-02,53.319583892822266,54.63877741056106,53.12899347464755,54.190917832465395,43438000
2018-11-05,52.53533172607422,53.41214029194235,51.454003212324444,53.3713350125692,45358000
2018-11-06,53.22404098510742,53.7341031862686,52.429837664479,52.500001636966026,28660000
2018-11-07,55.148338317871094,55.232435613587114,53.77241680960391,53.916727328653245,43388000
2018-11-08,54.471073150634766,55.147340504111895,53.96001629390384,55.101561752163974,33694000
2018-11-09,53.59476852416992,54.1585708235936,52.95980376245299,53.94310163958851,34860000
2018-11-12,52.21834945678711,53.44946697258655,51.76999630056277,53.401197680675494,34002000
2018-11-13,52.1491813659668,53.07973391148423,51.77248421936112,52.48955695159671,25750000
2018-11-14,52.47810363769531,53.03593774590945,51.80780824158255,52.74781406756519,34666000
2018-11-15,53.297691345214844,53.686829758084414,51.81676869456365,52.32285212618111,41584000
2018-11-16,53.15934371948242,53.36685152065008,52.49402185571704,53.0080665574478,35366000
2018-11-19,51.12656784057617,53.14591669735077,50.90015320342032,52.91651038163833,45684000
2018-11-20,51.27734375,51.620703379337066,49.872063600506124,50.12485282606759,54458000
2018-11-21,51.92325973510742,52.484575301196436,51.72570265459279,52.01681043118246,29698000
2018-11-23,51.259925842285156,51.9018572071536,51.18129937737488,51.42911511231229,14178000
2018-11-26,52.545780181884766,52.598525595846425,51.74112503060794,51.95162072856302,31558000
2018-11-27,52.363651275634766,53.08420917433325,52.026267398327704,52.31687782607675,33048000
2018-11-28,54.32975387573242,54.383000436995395,51.89937200964613,52.62142195619585,46042000
2018-11-29,54.468589782714844,54.74576423537919,53.8425810667647,53.91871700542443,31004000
2018-11-30,55.218502044677734,55.218502044677734,53.901301722897976,54.520841117991836,59668000
2018-12-03,55.552406311035156,56.479970857730756,55.32200531870011,56.33864822621692,57532000
2018-12-04,52.8707275390625,55.4469118594428,52.78663024644174,55.38470924817023,45630000
2018-12-06,53.64751434326172,53.71419688151909,51.875985120333944,52.00138504282547,47436000
2018-12-07,52.08000564575195,53.99335857406022,51.721220650188876,53.35640444270344,42682000
2018-12-10,52.40843963623047,52.72791141149935,51.40424175899101,51.89887478937684,33652000
2018-12-11,52.82992172241211,53.265339996876136,52.25517020756696,53.09316283653488,33852000
2018-12-12,53.43104934692383,54.326764687395524,53.34346682341319,53.597751892540394,28960000
2018-12-13,53.42158889770508,54.16205203071269,52.99612518093673,53.527584663668485,24986000
2018-12-14,52.33528518676758,53.3310243095326,52.218841321990816,52.74880878219486,36358000
2018-12-17,51.03848648071289,52.86624623129311,50.58963223690885,52.101401667460195,49932000
2018-12-18,51.922264099121094,52.73239010538066,51.278836842458944,51.454001890034,43640000
2018-12-19,51.526649475097656,53.52957423827924,50.72896479900551,52.11533429673937,58264000
2018-12-20,50.93547821044922,52.122802404075905,50.1532188960205,51.05590085207782,53674000
2018-12-21,49.32667541503906,51.63663095580167,48.8260703921708,51.35647240302127,104656000
2018-12-24,48.99924087524414,50.36520787972234,48.65040660348305,48.98182232058882,36360000
2018-12-26,52.14320373535156,52.17305977211295,49.39633445692807,49.662066092360355,46318000
2018-12-27,52.39450454711914,52.416399228703206,50.11042266238101,51.065857667195196,45996000
2018-12-28,52.084983825683594,52.95830713555896,51.85209609109836,52.72293266323852,34398000
2018-12-31,51.99939727783203,52.89660850426865,51.40623246697569,52.639832887469545,33110000
2019-01-02,52.48308181762695,52.787128215479356,51.02007516837653,51.11561904860821,31868000
2019-01-03,51.0295295715332,53.05932643090667,50.87526830562293,52.283536380272444,41960000
2019-01-04,53.64701843261719,53.74305966556406,51.59632151623231,51.879965290383154,46022000
2019-01-07,53.54003143310547,53.87741531876371,52.87918939370664,53.79132863085945,47446000
2019-01-08,54.01028060913086,54.40738035397504,53.16332811065038,54.0416286907139,35414000
2019-01-09,53.82516860961914,54.32229219444721,53.46289835364219,54.14066161715087,26998000
2019-01-10,53.684837341308594,53.73360397706268,52.98070330990318,53.4912628409432,26598000
2019-01-11,52.97024917602539,53.41313145601365,52.57016156282977,53.24045694970931,30864000
2019-01-14,52.32533645629883,52.67068548710364,52.1780418524101,52.416400414050074,28490000
2019-01-15,54.06700897216797,54.15459149596521,52.47113837902906,52.64879016437061,37518000
2019-01-16,54.21629333496094,54.855738019122704,54.141653236576936,54.24067855123359,38280000
2019-01-17,54.69450759887695,54.773130270646625,53.90527781326923,54.14065607414015,24896000
2019-01-18,55.1015625,55.634016697344215,54.70246957662322,55.16575450103173,44892000
2019-01-22,53.67488098144531,54.68704395683312,53.289721383945334,54.53924821537352,39632000
2019-01-23,53.96250534057617,54.38747170797016,53.12451274270208,54.08442002311296,25194000
2019-01-24,53.94210433959961,54.141153451603614,53.24642904091945,53.86795779556027,29114000
2019-01-25,54.813438415527344,54.90549706406526,54.33024820363071,54.45116819521487,23260000
2019-01-28,53.73609161376953,54.408376430470625,53.474839876729064,54.24416441555758,29334000
2019-01-29,53.24842071533203,53.978432007658085,53.04738220458203,53.79480825431202,19704000
2019-01-30,54.63827896118164,54.71441489809525,53.57585727722987,53.61168528344578,29452000
2019-01-31,56.02663803100586,56.11521524988086,54.99955080042458,55.347386564691384,40232000
2019-02-01,55.66486740112305,56.45011461843598,55.44740883516976,55.847492656859124,33116000
2019-02-04,56.79944610595703,56.84522865802248,55.609635065286525,55.68427896247192,78408000
2019-02-05,57.319454193115234,57.364242046245806,55.91268203926246,56.21274584870788,82296000
2019-02-06,55.87735366821289,57.425452310150845,55.651929943852764,57.190077838324605,48256000
2019-02-07,55.03239440917969,55.334944968920766,54.419324339315466,55.32648626408455,38298000
2019-02-08,54.85673141479492,54.99208587687791,54.45167031672024,54.483515745530745,21766000
2019-02-11,54.84379196166992,55.40660333890288,54.738297336364354,54.92490516819287,18498000
2019-02-12,56.11073684692383,56.373480611053914,55.286176405630854,55.286176405630854,35036000
2019-02-13,56.162986755371094,56.870606009244774,56.03211221654268,56.38243851238834,28042000
2019-02-14,56.19135284423828,56.536204533380364,55.58873464474973,55.98235297098439,21106000
2019-02-15,55.715126037597656,56.693947748810004,55.57031817739705,56.693947748810004,27826000
2019-02-19,56.057491302490234,56.21324460593688,55.56633972758992,55.56633972758992,21980000
2019-02-20,55.762901306152344,56.27744342918969,55.32300687639954,56.17543023019896,24090000
2019-02-21,54.94779586791992,55.691243127940275,54.637777502472005,55.672829879116854,33272000
2019-02-22,55.56235885620117,55.59669482011608,54.76318208264405,55.22099240381193,29436000
2019-02-25,55.600677490234375,56.00225716617234,55.44044425721181,55.82958265120178,26208000
2019-02-26,55.833560943603516,56.054007397676045,55.07170422466459,55.453378605458866,35026000
2019-02-27,55.87735366821289,56.018676302199374,55.164263590544046,55.43546606841291,22092000
2019-02-28,56.059486389160156,56.42971800863423,55.654425252293855,55.68378394621081,27422000
2019-03-01,57.15275192260742,57.226401118754694,56.2809206887878,56.2809206887878,34086000
2019-03-04,57.3965950012207,57.99871587372205,56.64170110079668,57.453322997821616,35490000
2019-03-05,58.181339263916016,58.54460420322581,57.37668785214867,57.524977153952555,40094000
2019-03-06,57.969852447509766,58.45751881760033,57.875800606433444,58.30922951632071,23602000
2019-03-07,57.268699645996094,57.90217234471172,56.8138734237904,57.74890577884825,30086000
2019-03-08,57.224910736083984,57.39808259449472,56.24111173864962,56.425232836085556,23694000
2019-03-11,58.68244171142578,58.71478448728935,57.30452708187458,57.325924415454466,30032000
2019-03-12,59.57766342163086,59.99865105075366,58.83372258184015,58.83372258184015,42220000
2019-03-13,59.667728424072266,60.06881073231713,59.61050308584033,60.00959600396819,25888000
2019-03-14,59.3427848815918,59.94839094963808,59.278095530788164,59.665741881149366,27302000
2019-03-15,59.231815338134766,59.80009755760555,59.06809687690819,59.61498555861463,51886000
2019-03-18,59.14473342895508,59.4632104995566,58.79291509003676,59.20146142157516,24442000
2019-03-19,59.8369255065918,59.88420010085999,59.19001679989932,59.30247809378082,29788000
2019-03-20,61.029720306396484,61.20687474796459,59.694106721888026,59.78417598535212,41508000
2019-03-21,61.512413024902344,61.52783839231196,60.53956323478559,60.70975101348873,28150000
2019-03-22,60.09518814086914,61.388007036274416,60.01308023616044,61.15014582363237,34422000
2019-03-25,59.58413314819336,60.18426461498486,59.216889425899176,59.692615662804336,27576000
2019-03-26,59.20892333984375,60.09518524597854,58.80684633715307,59.97276941614115,30752000
2019-03-27,58.620243072509766,59.312433193151165,57.93451847024229,59.312433193151165,29428000
2019-03-28,58.33460235595703,58.58241810413766,57.89470795245112,58.49533672692745,22402000
2019-03-29,58.56450653076172,58.916822212716546,58.04150572903916,58.72822119188152,30890000
2019-04-01,59.663753509521484,59.724460284391434,59.03575540123112,59.094472785855174,27706000
2019-04-02,59.99018859863281,60.00362457513509,59.27859058118384,59.71699294078382,18288000
2019-04-03,60.25243377685547,60.73960276054902,59.96729798752325,60.346481813888616,22180000
2019-04-04,60.6823844909668,60.73712309729177,60.164360917751516,60.27632486830845,21022000
2019-04-05,60.28428268432617,60.72915817147458,60.21362136645517,60.674916915917784,20012000
2019-04-08,60.12653732299805,60.40868523443229,59.94838819700883,60.267362604950094,21750000
2019-04-09,59.84836959838867,60.07030810560197,59.633895101322516,59.80856280978606,19668000
2019-04-10,60.03547286987305,60.15938074951181,59.747352975710406,59.96779943314292,15510000
2019-04-11,60.19172668457031,60.3484784840685,59.94042949505799,60.15739072073914,16998000
2019-04-12,60.845603942871094,60.8615266581311,60.37584967378406,60.49179240180631,24312000
2019-04-15,61.03469467163086,61.172535870115226,60.43904316768376,60.91327353493747,23796000
2019-04-16,61.30241775512695,61.504948309000454,60.960550158968914,61.207371220874656,22622000
2019-04-17,61.71195602416992,61.95877707502396,61.35167899159371,61.55570157899058,30366000
2019-04-18,61.77814483642578,62.000580685147206,61.67563429090824,61.95380343869998,24750000
2019-04-22,62.38971710205078,62.41857844578897,61.37506736749527,61.53928317413184,19084000
2019-04-23,63.227210998535156,63.41829875449602,62.30064115492105,62.53303153539711,31868000
2019-04-24,62.702720642089844,63.39690392923933,62.69078050427942,63.22721350012175,23396000
2019-04-25,63.06549072265625,63.337190562479954,62.60071372145374,63.212785331552226,31344000
2019-04-26,63.56708908081055,63.64123562953391,62.9490455163853,63.36605056598472,27228000
2019-04-29,64.50162506103516,64.53994740192832,63.28295260066263,63.72085766957881,72368000
2019-04-30,59.662757873535156,59.76327523101549,58.86855457512644,59.2482395685882,133178000
2019-05-01,58.38685607910156,59.67718823304743,58.30524552217915,59.59010305651755,74340000
2019-05-02,58.0479736328125,58.68841297962153,57.64091935901545,58.35102532514955,45098000
2019-05-03,59.194496154785156,59.28655480807638,58.39830345951256,58.59038212356581,41588000
2019-05-06,59.389060974121094,59.487091587423684,58.279364758140765,58.32116472918997,31774000
2019-05-07,58.66253662109375,59.45424935589568,57.97283328265882,59.00838298538167,36604000
2019-05-08,58.260459899902344,58.931749993201834,58.103708104973435,58.584407788051415,25520000
2019-05-09,58.120628356933594,58.424177417791746,57.45729958834071,57.85340844737934,29556000
2019-05-10,58.10420608520508,58.534149748298816,57.04576698948512,58.16392195929159,31650000
2019-05-13,56.55908966064453,57.324431573146406,56.0072313265219,56.98953445354314,45626000
2019-05-14,55.97538375854492,56.971122891342574,55.90919857008982,56.84423093047899,40392000
2019-05-15,58.26145935058594,58.63467504779777,55.80321074338917,55.860436087261995,59302000
2019-05-16,58.94319534301758,59.42389884351859,58.144515907556034,58.313207847261616,35308000
2019-05-17,58.16093444824219,59.032268366567536,58.04349588603903,58.51175809221284,25362000
2019-05-20,56.96067428588867,57.375689924386556,56.63622525419657,57.375689924386556,30602000
2019-05-21,57.44734573364258,57.624500166337924,56.89349420338466,57.449335123783,20562000
2019-05-22,57.51750946044922,57.91212245725965,57.276163027822335,57.28860430923996,18826000
2019-05-23,56.9945068359375,57.22888659903129,56.3884072606705,57.030835983957985,25214000
2019-05-24,56.65961456298828,57.44336597899068,56.5650653750281,57.32592741365289,18554000
2019-05-28,56.706886291503906,57.549358845877215,56.66259578511911,56.802430169755226,20948000
2019-05-29,55.73055648803711,56.479971920281095,55.33295559858446,56.36551744326629,36230000
2019-05-30,55.803707122802734,56.0719255281491,55.52951675007428,55.7410071601103,18088000
2019-05-31,55.06175231933594,55.405108152292975,54.905000523859094,55.018957651669425,31582000
2019-06-03,51.689876556396484,53.096151507171506,51.107163634141074,53.09267007413435,96890000
2019-06-04,52.47362518310547,52.670187565211755,51.555016665083755,51.97600428173729,60512000
2019-06-05,51.98346710205078,52.589073152659765,51.4042394537214,52.499003893062564,46988000
2019-06-06,52.138729095458984,52.25019569364751,51.52914423834235,52.06159846164433,29020000
2019-06-07,53.16432571411133,53.41612405837315,52.307422421287434,52.463179532269834,43828000
2019-06-10,53.880401611328125,54.48152775585917,53.508180627577765,53.59376996538879,28510000
2019-06-11,53.79480743408203,54.937844969710824,53.72165937962693,54.588513369846964,33508000
2019-06-12,53.698272705078125,53.86845668245068,53.22553057599115,53.74057002564894,23670000
2019-06-13,54.29093933105469,54.568611138118975,53.87095018745383,53.97743951607023,20814000
2019-06-14,54.056556701660156,54.47754431483088,53.816706101953486,54.22773917111334,24582000
2019-06-17,54.43424987792969,54.801990914960456,54.14115273147584,54.19589133146252,19770000
2019-06-18,54.99905014038086,55.672826946526534,54.777609004803445,55.31056053205645,34526000
2019-06-19,54.96272277832031,55.20755444144689,54.5407404789025,55.09857458643435,26714000
2019-06-20,55.39516067504883,55.86889752222094,55.086634337822474,55.81813769783509,24018000
2019-06-21,56.00076675415039,56.060478834765505,55.22198879939339,55.22895546190158,50774000
2019-06-24,55.5693244934082,55.91119208359062,55.4006325588121,55.73354030010638,24236000
2019-06-25,54.12025451660156,55.51956270162058,53.97196142564332,55.48871196795118,31644000
2019-06-26,53.75898361206055,54.495464265194194,53.42906372692745,54.29044316465383,34698000
2019-06-27,53.57535934448242,54.16404419423812,53.536543456853906,54.07895220583652,24078000
2019-06-28,53.882389068603516,53.882389068603516,53.43452951073089,53.60521462922229,33672000
2019-07-01,54.73830032348633,55.16575726399659,54.50590993006613,54.790051045623045,29196000
2019-07-02,55.36530303955078,55.37973371172219,54.721879572852245,54.97865138315708,20630000
2019-07-03,55.882328033447266,56.13113846916565,55.47726315585172,55.658893710893274,20154000
2019-07-05,56.3640251159668,56.46255308135263,55.609135067975956,55.7021884138301,29794000
2019-07-08,55.57380676269531,56.09232766660552,55.32350426173324,56.02564512740581,29888000
2019-07-09,55.947021484375,56.12467327228846,55.09409700060475,55.251843496614924,29472000
2019-07-10,56.77406692504883,56.845225588871074,56.26400475112494,56.34661000148212,30710000
2019-07-11,56.93180847167969,57.387629382076696,56.705393855620095,57.03531370630974,26004000
2019-07-12,56.9945068359375,57.101994644355926,56.65712298517063,56.87458154304681,21878000
2019-07-15,57.25178146362305,57.260240168208966,56.72878067024691,56.994508520954916,21164000
2019-07-16,57.398582458496094,57.65336488358519,57.063681517013435,57.063681517013435,25352000
2019-07-17,57.064178466796875,57.64639398401891,57.058206499918995,57.27218362973726,19538000
2019-07-18,57.08905792236328,57.135337818816325,56.373481124712285,56.8283035459738,25450000
2019-07-19,56.308292388916016,57.3050262325686,56.29336436934833,57.192564941715595,23184000
2019-07-22,56.68946838378906,56.72977631381159,55.99280217307661,56.503357897056986,28914000
2019-07-23,57.12936782836914,57.1696757592667,56.372985727512926,56.90046266894494,20648000
2019-07-24,56.7153434753418,57.00047926330069,56.15701203647571,56.3615357640153,27192000
2019-07-25,56.52674865722656,56.90742833703165,55.91815851708061,56.67652999489157,54762000
2019-07-26,61.96474838256836,63.117732825431005,61.10784517221858,61.10784517221858,121216000
2019-07-29,61.79655075073242,62.15235165603841,61.2173193143791,61.829394670531414,41382000
2019-07-30,61.10784912109375,61.55122877377284,60.9744840447628,61.05808399297526,28616000
2019-07-31,60.62017822265625,61.451701566649845,60.121562624790954,60.952091273681674,39960000
2019-08-01,60.30070877075195,61.520873205892904,60.06284375290783,60.59181655446915,35426000
2019-08-02,59.53138732910156,60.187248294938605,59.21688902698055,59.86379773665012,34910000
2019-08-05,57.462772369384766,58.564009936264995,56.86562881110837,58.36943694590562,47840000
2019-08-06,58.275390625,58.78893425214037,57.800161742770406,57.99871351936014,36014000
2019-08-07,58.51573944091797,58.71279536839512,57.268201993762915,57.61454570600148,30686000
2019-08-08,60.02253723144531,60.027013359402346,58.420694666761676,59.039235564994726,30116000
2019-08-09,59.162147521972656,59.93644550811867,58.962601058404324,59.71400966805008,20418000
2019-08-12,58.44557571411133,58.998432588294364,58.157953160144295,58.71926873956682,22064000
2019-08-13,59.55178451538086,59.98471606717962,58.37043601640328,58.43810945225793,28434000
2019-08-14,57.93551254272461,58.85809980264655,57.777268707852336,58.52370002875557,35430000
2019-08-15,58.18780517578125,58.54111555003821,57.87331068859195,58.143518465819966,28506000
2019-08-16,58.679954528808594,58.91035553255784,58.37093464481088,58.75858100214962,24916000
2019-08-19,59.73640441894531,60.181777263462834,59.23679411422169,59.30795278121335,24450000
2019-08-20,58.89492416381836,59.6149846963423,58.871040092100735,59.48311546298672,20206000
2019-08-21,59.295509338378906,59.74237420930258,59.113381426703334,59.506502390396136,14152000
2019-08-22,59.29252624511719,59.6537979892426,58.66502549465442,59.40598223201733,17352000
2019-08-23,57.4045524597168,59.49903863927373,57.22640332762706,58.9765351772291,36254000
2019-08-26,58.28036117553711,58.31419979070259,57.46774845366809,57.696653606161306,21166000
2019-08-27,58.262447357177734,58.968073389898144,57.950936964351186,58.86855073401881,23460000
2019-08-28,58.40825653076172,58.64462571268449,57.73646903604306,57.96636890291104,16810000
2019-08-29,59.427879333496094,59.67419924580746,58.98200916053434,59.03873715266992,19636000
2019-08-30,59.24325942993164,59.7319242587331,59.003902389099586,59.7319242587331,18064000
2019-09-03,58.199249267578125,59.171100479759275,57.908638864201265,58.811320806412425,25908000
2019-09-04,58.83222579956055,58.962105646264284,58.2977821894953,58.69189785761774,21312000
2019-09-05,60.32110595703125,60.41117521425962,59.350742969160045,59.399012254963516,26394000
2019-09-06,60.02900695800781,60.35892682411084,59.87673128586137,60.169334899214945,18972000
2019-09-09,59.97675323486328,60.73711789420622,59.37463241341602,60.06682249448367,31854000
2019-09-10,59.99815368652344,60.212130832251965,59.51595813815071,59.51994071521409,27922000
2019-09-11,60.70975112915039,60.83266431419536,59.82796529568178,59.9080838113267,23522000
2019-09-12,61.454689025878906,61.82541416609786,60.837139029635715,60.88242423232836,31644000
2019-09-13,61.70648193359375,61.75724175452217,61.06206379711294,61.312366282826474,23676000
2019-09-16,61.288482666015625,61.65622371397598,60.9680124134978,61.229264140008674,28218000
2019-09-17,61.20139694213867,61.456179351814114,60.87645056469123,61.288482115709066,20806000
2019-09-18,61.33924102783203,61.5178875111905,60.53409228037131,61.219315725179236,17440000
2019-09-19,61.64278793334961,61.92095707014921,61.32232147635889,61.322818823899055,16554000
2019-09-20,61.19940948486328,61.84432498823925,60.88789907409086,61.388504060546,37692000
2019-09-23,61.44075393676758,61.68906703175776,60.89784785032778,61.03668374316007,20798000
2019-09-24,60.62664794921875,62.058800097043886,60.24397886952391,61.70499236171319,35804000
2019-09-25,62.00058364868164,62.104088894266226,60.17232254174309,60.51120227694757,26798000
2019-09-26,61.81894302368164,61.93738007443879,61.29793541535028,61.81147901413591,23166000
2019-09-27,61.00583267211914,61.95330249790836,60.47088794572688,61.845814686480516,34122000
2019-09-30,60.766475677490234,61.07848342422584,60.382314573246774,60.739603724612536,24470000
2019-10-01,60.01307678222656,61.349688761144805,59.99068475401643,60.83365463798817,24504000
2019-10-02,58.61575698852539,59.652798691597276,58.352515884364756,59.54033740848081,33030000
2019-10-03,59.18852615356445,59.26665148474027,57.880281833455065,58.88547443277298,28368000
2019-10-04,60.2598991394043,60.33454303160639,59.26515471503386,59.430365213638524,24282000
2019-10-07,60.12504196166992,60.65550676706592,59.93146746761579,60.06283935099302,17040000
2019-10-08,59.22335433959961,60.05636969243587,59.1910077673382,59.65329799245355,20086000
2019-10-09,59.83393478393555,60.135494440572685,59.62095234433229,59.78069202144431,15948000
2019-10-10,60.18574905395508,60.49178481777863,59.608013486908156,59.644836185035224,12842000
2019-10-11,60.49626922607422,61.14516729649289,60.39326133663835,60.91029017398665,22330000
2019-10-14,60.59878158569336,61.00235065423196,60.3056844195841,60.4057044302206,13296000
2019-10-15,61.81645584106445,62.05979166221423,60.755530036134196,60.784391379042745,27584000
2019-10-16,61.85428237915039,62.41111803673407,61.6318427281142,61.79506384907935,22986000
2019-10-17,62.34194564819336,62.88684114029852,62.19614308918715,62.272279026024734,20958000
2019-10-18,61.924442291259766,62.606180482721385,61.71195719870584,62.43599650689909,31624000
2019-10-21,61.91797637939453,62.37727875619499,61.70449658002862,62.13792549368344,18094000
2019-10-22,61.76470947265625,62.139417202422926,61.69752958595026,61.92792679446339,22862000
2019-10-23,62.58229446411133,62.60269710225917,61.71544050795533,61.71544050795533,21282000
2019-10-24,62.65594482421875,62.84454204630071,62.31955186056283,62.65594482421875,20224000
2019-10-25,62.914207458496094,63.0983285492379,62.160312135631536,62.30213211098383,27104000
2019-10-28,64.142333984375,64.65289349547879,63.312803861396596,63.44666248158174,65428000
2019-10-29,62.73307800292969,63.735286476052565,62.48177701590818,63.496426770975546,52654000
2019-10-30,62.73506546020508,63.09932507551944,62.234957832433814,62.45888571435024,29204000
2019-10-31,62.64051818847656,63.024683106707286,62.176735899606875,62.70023406386545,31904000
2019-11-01,63.309818267822266,63.34714211326449,62.68580275238478,62.98885445767771,28812000
2019-11-04,64.17369842529297,64.31751161734338,63.50191086210009,63.50191086210009,30632000
2019-11-05,64.26475524902344,64.55337629628117,64.16224849734684,64.25281131417994,25148000
2019-11-06,64.24335479736328,64.3418827636768,63.80843765382867,64.19757604359447,24626000
2019-11-07,65.03607177734375,65.81783385516317,64.379709630711,64.40608044276135,45140000
2019-11-08,65.1385726928711,65.5421455505762,64.76635171342497,64.76635171342497,30392000
2019-11-11,64.60513305664062,64.93455939558233,64.48520774611289,64.88976774009271,17234000
2019-11-12,64.5518798828125,65.15599392707894,64.40408792748764,64.6195571175952,28852000
2019-11-13,64.50062561035156,64.81611860553971,64.30008444318155,64.3513378178511,20538000
2019-11-14,65.14603424072266,65.47297759820854,64.38915482518563,64.44190403565649,28948000
2019-11-15,66.35973358154297,66.35973358154297,65.28238017606306,65.43963310466411,39286000
2019-11-18,65.67799377441406,66.37864637202742,65.49487116594328,66.30001990062904,27984000
2019-11-19,65.31722259521484,66.01587820331358,65.2764173172302,66.01587820331358,21864000
2019-11-20,64.78327941894531,65.34807642980218,64.1537892586793,65.25601777446926,28892000
2019-11-21,64.69768524169922,65.24406896202287,64.2304139478195,64.65339473556163,25546000
2019-11-22,64.37572479248047,65.03407626753568,64.16125030728475,64.84000442135863,27776000
2019-11-25,64.97137451171875,65.20874217751695,64.47226535307868,64.50461192728618,23590000
2019-11-26,65.3376235961914,65.38788227282132,64.89175722790185,65.18385588801307,21910000
2019-11-27,65.2943344116211,65.56852858838084,65.16197161664792,65.45805668016236,18808000
2019-11-29,64.89424133300781,65.18584644736278,64.85144666514758,65.01914770034297,12802000
2019-12-02,64.13636779785156,64.9614256151184,63.714381692746564,64.81810599777505,26538000
2019-12-03,64.42897033691406,64.55288201555861,63.54868032892964,63.628795049278835,25270000
2019-12-04,65.63320922851562,65.89844353580985,64.84248737518483,64.99426569726276,35506000
2019-12-05,66.03230285644531,66.08306267903731,65.40331386257036,66.03429224665011,24408000
2019-12-06,66.65084075927734,66.80410732217412,66.24478497607045,66.32041976591512,32968000
2019-12-09,66.82998657226562,67.55452702974324,66.48563224473745,66.62447193689093,30842000
2019-12-10,66.82501220703125,67.07929727066904,66.38262347109809,66.67821495613366,17606000
2019-12-11,66.8927001953125,67.17335611318771,66.73594837537267,67.09423608006558,20480000
2019-12-12,67.10368347167969,67.40673139482124,66.5916356717004,66.84093968464185,29114000
2019-12-13,67.02306365966797,67.24599684850061,66.7638051174506,67.07431703244114,33170000
2019-12-16,67.7112808227539,67.85210231614137,67.20917998851799,67.42763325956065,28128000
2019-12-17,67.42215728759766,67.89191153838878,67.21713620128835,67.79636765745734,32948000
2019-12-18,67.27386474609375,67.6480751190235,67.20171518207414,67.52715512249516,23330000
2019-12-19,67.4992904663086,67.55353552004196,67.11662137714275,67.27386673237294,28922000
2019-12-20,67.2395248413086,67.8754842583036,67.21514342302943,67.8307002019316,50090000
2019-12-23,67.21017456054688,67.76850224367584,67.07930001856579,67.61324628174226,19936000
2019-12-24,66.90164184570312,67.27884388622779,66.88871080971033,67.18926817770937,13468000
2019-12-26,67.79934692382812,67.83567986809916,66.9553823631631,67.00713687688335,23662000
2019-12-27,67.40972137451172,68.02726758903803,67.32811081612331,67.87548926268654,23212000
2019-12-30,66.6667709350586,67.52715947698469,66.57371758165115,67.51770607633253,19994000
2019-12-31,66.65084075927734,66.71403806435487,66.28956903294264,66.47169693869652,19514000
2020-01-02,68.1083755493164,68.1083755493164,67.00415768648521,67.09970156760528,27278000
2020-01-03,67.7520751953125,68.36066912200879,67.04545444931702,67.07929686090621,23408000
2020-01-06,69.55794525146484,69.58332136437583,67.22858209701914,67.25992638011208,46768000
2020-01-07,69.423583984375,69.84109012983315,69.24693070667955,69.68981296449783,34330000
2020-01-08,69.917724609375,70.25660431481994,69.30017841973043,69.40915447916457,35314000
2020-01-09,70.65172576904297,71.09410696019447,70.1750010182619,70.75821130524572,33200000
2020-01-10,71.1080322265625,71.40561310051638,70.64226436176689,71.13341593357758,26258000
2020-01-13,71.6589126586914,71.73106222943385,70.92939864494157,71.42104383079743,30730000
2020-01-14,71.18915557861328,71.78828856714036,71.04882003721593,71.65741401938986,26076000
2020-01-15,71.61759948730469,71.69622595906601,71.24239441964515,71.31007165217136,21550000
2020-01-16,72.16299438476562,72.18986633810621,71.65740833978604,71.92861081434542,26080000
2020-01-17,73.62400817871094,73.67526155402983,72.48097438508057,72.77904882974998,52424000
2020-01-21,73.75985717773438,74.13954214804811,73.160716663624,73.59812431900943,48930000
2020-01-22,73.84046173095703,74.67198878267989,73.78025610784053,74.13207441298364,28458000
2020-01-23,73.88127136230469,74.31968130965106,73.66381279979728,74.02359627922354,26650000
2020-01-24,72.95967864990234,74.35450680018036,72.8108844266279,74.28583487962034,29786000
2020-01-27,71.24588012695312,71.48722657038118,70.63728617423324,71.2364267268566,34132000
2020-01-28,72.17991638183594,72.39388973398827,71.17770407698895,71.74399693020122,29724000
2020-01-29,72.48843383789062,72.8586654186404,71.92562625371633,72.57601256289253,21566000
2020-01-30,72.36651611328125,72.41627364413384,71.40859442553979,71.56285567943894,27110000
2020-01-31,71.2981185913086,73.1338395601862,71.01347637309269,73.04377030971332,43822000
2020-02-03,73.77727508544922,73.96139998970068,72.48395879647471,72.73475864749643,71636000
2020-02-04,71.92662811279297,73.017907427076,70.76319163650305,72.37847029310913,95880000
2020-02-05,71.9584732055664,72.8805632190907,71.14387101489368,72.83229392763356,36376000
2020-02-06,73.4473648071289,73.72553779359298,72.17893091708356,72.25357102782307,37822000
2020-02-07,73.60359954833984,73.90913797820706,72.9218613742501,73.02038933632561,28360000
2020-02-10,75.07408142089844,75.08503066123686,73.40904517323618,73.51006368465248,38302000
2020-02-11,75.14374542236328,76.1300350378507,74.91434289980158,75.30348131760789,34852000
2020-02-12,75.57020568847656,75.65330449075212,75.07457418082535,75.4323606906229,31042000
2020-02-13,75.3094482421875,75.93445842434129,74.842176953332,75.14075251712693,22914000
2020-02-14,75.57518005371094,75.64086789608571,74.91931151125273,75.36618018532974,23198000
2020-02-18,75.61051177978516,76.16386598952577,75.19101619789893,75.35672784883174,25642000
2020-02-19,75.8807144165039,76.17282066551604,75.6871437222989,75.99666093125346,22746000
2020-02-20,75.48859405517578,75.99019372622803,74.85511755870975,75.58911140978356,25962000
2020-02-21,73.82006072998047,75.18802454577569,73.57274613873459,74.8710357446722,42520000
2020-02-24,70.65519714355469,71.47727087720753,70.00481082046124,70.81393833170006,49560000
2020-02-25,68.9861831665039,71.50065850081133,68.692588654975,71.20955452359632,51580000
2020-02-26,69.19269561767578,70.3471798136507,68.50000813732794,69.41712466045571,49776000
2020-02-27,65.43466186523438,68.14421147810332,65.39933120436106,67.63365191714865,62290000
2020-02-28,66.64387512207031,66.80310984869047,63.10877459262059,63.41232362061609,80198000
2020-03-02,68.9861831665039,69.04340471098438,65.94472443894038,67.24799522889303,55430000
2020-03-03,66.5677490234375,70.07448228014064,66.14576288834665,69.5514852308777,56602000
2020-03-04,68.75130462646484,68.81002200894605,66.53191209538853,67.6246871548153,47598000
2020-03-05,65.42520904541016,67.35946593346003,64.77233214000819,66.95738129290719,54380000
2020-03-06,64.47872924804688,64.827555889874,62.56139381615548,63.195363838055194,64640000
2020-03-09,60.50025177001953,62.338463471328105,59.61697392511775,59.96132825146764,69252000
2020-03-10,63.45512390136719,63.48896251764609,60.436554559183975,62.421070002563646,54872000
2020-03-11,60.25691604614258,62.54746738339037,59.27361813002025,62.11652899829391,54732000
2020-03-12,55.31304931640625,59.15468318742386,55.1597827507668,55.863916764377194,94326000
2020-03-13,60.42461013793945,60.431079452205324,55.34986969914513,58.46995466898505,79400000
2020-03-16,53.39472198486328,57.0009775285844,53.100128996168905,54.22126801964199,96520000
2020-03-17,55.63700485229492,56.03211522774084,52.20541290761247,54.27252988977044,83194000
2020-03-18,54.29990005493164,54.986615573524475,51.60328906887955,52.744834644266916,93044000
2020-03-19,55.31902313232422,57.35628400103994,52.526374852540556,54.15210150102109,74064000
2020-03-20,53.15635681152344,56.65313876463559,52.8523104394051,56.275940547627755,82878000
2020-03-23,52.455711364746094,53.09167079517627,50.20347875276499,52.5671779570536,83672000
2020-03-24,56.23166275024414,56.39687326439122,54.06302987481948,54.936357041615146,72468000
2020-03-25,54.81891632080078,57.035814603942825,53.89284377087498,55.9614527530944,90324000
2020-03-26,57.869327545166016,58.29529241748378,54.34169466002882,55.47079504467959,76562000
2020-03-27,55.24885940551758,57.27865627332936,54.93734899052884,56.10526532209489,62794000
2020-03-30,57.042781829833984,57.276166921251175,54.663159753328635,56.36253564444081,58736000
2020-03-31,57.82106018066406,58.39083443927487,56.56556134705665,57.163206051055234,65228000
2020-04-01,54.842796325683594,56.20229768361806,54.41434472078375,55.932587259759686,51970000
2020-04-02,55.58574676513672,55.87137990575334,54.396433162480456,54.73829694635717,56410000
2020-04-03,54.37503433227539,55.6733278436525,53.49822958250269,55.47029994298398,51374000
2020-04-06,58.87800598144531,59.25420573274645,55.98234991206004,56.38044814116423,63320000
2020-04-07,58.84665298461914,60.74856308077166,58.58241717885874,60.56095675968012,61620000
2020-04-08,60.06283950805664,60.45596046414816,58.91582321231339,59.86876766596092,40334000
2020-04-09,60.04144287109375,60.80877419619722,59.33730885263395,60.6191822762662,54028000
2020-04-13,60.23252868652344,60.43705241572804,58.83520993369254,59.7891490626969,38702000
2020-04-14,62.96049118041992,63.48398554877324,61.13471691802692,61.703500286214066,63358000
2020-04-15,62.56587219238281,63.45213406032759,61.40641468122745,62.028938101687494,42236000
2020-04-16,62.57233810424805,63.365049290764205,61.61541491881244,63.05552829485858,57896000
2020-04-17,63.645713806152344,64.19309603629993,62.99880511817582,63.7800697785387,51050000
2020-04-20,62.75746154785156,63.53723420122594,62.52308175937078,63.192382507258586,35292000
2020-04-21,60.319618225097656,62.20261405697776,59.96331995092656,61.839850264512044,49648000
2020-04-22,62.621116638183594,63.68950654892741,61.56566156092497,61.760230765880394,46296000
2020-04-23,63.25606918334961,64.10103222735762,62.72660289717478,62.9858614211265,34202000
2020-04-24,63.526283264160156,63.581519212126466,61.904038134854936,62.45142034269284,37402000
2020-04-27,63.24065017700195,64.39712372198137,62.95202913831528,64.29261999002367,44186000
2020-04-28,61.33625793457031,63.93234388907775,61.22628337783574,63.85471970338385,80700000
2020-04-29,66.78968048095703,67.6839037451793,66.02085713189535,66.93000841508254,108358000
2020-04-30,67.01460266113281,67.17881846187733,65.76059592377868,66.2512539359075,55842000
2020-05-01,65.55259704589844,67.24998736729863,65.17142379081537,65.88948738417584,48872000
2020-05-04,65.83026885986328,65.90840178406958,64.49216850017636,65.09528785583291,30806000
2020-05-05,67.13005065917969,68.2243215628969,66.43388558474965,66.55679496980919,39666000
2020-05-06,66.95140838623047,68.1088766042414,66.93648036667742,67.57691974063604,31732000
2020-05-07,68.13822937011719,68.47263673969645,67.30521401409817,67.74162698307182,30652000
2020-05-08,68.88764953613281,69.49972107273517,68.2740821604466,68.76224962511807,33326000
2020-05-11,69.84556579589844,70.43972524742269,68.44775348367992,68.51194548372064,32718000
2020-05-12,68.43183135986328,70.38001377865767,68.39849009246208,70.07597118487982,33918000
2020-05-13,67.09571075439453,68.93691403950152,66.08454630529928,68.48059199835623,40368000
2020-05-14,67.52018737792969,67.54556349090912,65.85017034843136,66.358740454696,36660000
2020-05-15,68.32633209228516,68.40196688173432,66.63143246758034,67.09223444201076,41544000
2020-05-18,68.92945098876953,69.30664542495049,67.38781793513687,67.75506542085085,47094000
2020-05-19,68.39302062988281,69.29321213831301,68.36117519922374,68.9443854610412,31586000
2020-05-20,70.12274169921875,70.26556016251162,69.04091594784161,69.12749997341068,38262000
2020-05-21,70.00281524658203,70.4860016339979,69.38775204331579,70.21380448437766,30894000
2020-05-22,70.3257827758789,70.51288417543044,69.46539424513811,69.86100197282914,28544000
2020-05-26,70.73033905029297,71.9116951445939,70.63231222745613,71.75494334516371,44590000
2020-05-27,70.67610168457031,70.92839736595668,69.39821460494831,70.66216836000463,31684000
2020-05-28,70.5745849609375,71.87934390822512,69.6211431898544,69.66692194094234,35170000
2020-05-29,71.3349609375,71.49469683728731,70.4621348843293,70.68357225874094,37044000
2020-06-01,71.4021224975586,71.73602869916792,70.77561651245831,70.94580806681581,25162000
2020-06-02,71.7723617553711,71.8066977191186,70.74228284294568,71.40859947866784,23442000
2020-06-03,71.62008666992188,72.10576361612307,71.24040169551722,71.79176648096278,27732000
2020-06-04,70.37852478027344,71.72310206654205,69.96599963959787,71.497177182306,26982000
2020-06-05,71.65840911865234,71.97091804138051,70.04611456061043,70.44520752119047,42642000
2020-06-08,72.0574951171875,72.10526325973755,70.88509891401527,70.9746746217983,33878000
2020-06-09,72.25853729248047,73.04080050318835,71.7748496811189,71.918169309766,33624000
2020-06-10,72.88653564453125,73.28811152943916,72.37199732197752,72.72779445199085,31762000
2020-06-11,69.76148223876953,72.2346589692547,69.5878130130695,71.70867022307195,47144000
2020-06-12,70.30985260009766,71.38421437179544,68.96030198853704,70.95376958003494,36676000
2020-06-15,70.6989974975586,70.91098145927349,69.0299749795907,69.14393211467979,30468000
2020-06-16,71.97937774658203,72.51182820441042,71.10953579604588,72.10527122790478,30648000
2020-06-17,72.28141784667969,72.76212128859353,71.4150612832835,72.30132693280937,30610000
2020-06-18,71.36480712890625,72.30281975696262,70.97267707547431,72.14756380354159,34862000
2020-06-19,70.89306640625,71.88133775111594,70.61240293282405,71.65740986390969,52784000
2020-06-22,72.1878662109375,72.20230067860511,70.62185934811,70.91147505867174,29442000
2020-06-23,72.85070037841797,73.40903563217812,71.90621842213413,72.25455152562985,37752000
2020-06-24,71.29415130615234,73.43839511149096,71.15979153173976,72.81587541071586,31592000
2020-06-25,71.71214294433594,71.77284971319233,70.63926944685834,71.22049025097112,23958000
2020-06-26,67.80284118652344,71.5091209058233,67.42763609824557,71.29066762558381,97640000
2020-06-29,69.5261001586914,69.56740658298106,67.2609287443365,67.69336296671155,45074000
2020-06-30,70.56513214111328,70.86121720110151,69.0165360541645,69.51167404146442,40286000
2020-07-01,71.7569351196289,72.07939857823143,70.37255487483583,70.62087178372437,42182000
2020-07-02,73.14678955078125,74.07187120886894,72.20827571187772,72.24659805024832,57218000
2020-07-06,74.62571716308594,75.14075662187608,73.49761142237459,74.05345615982517,44712000
2020-07-07,74.14153289794922,75.70406216918913,74.13058365914364,74.45055656016098,42364000
2020-07-08,74.82227325439453,75.19897413072191,74.25995924949038,74.68294002022051,31766000
2020-07-09,75.57170104980469,76.0932098651604,74.42369372179377,75.13727741838821,41836000
2020-07-10,76.5843505859375,76.70029709996115,74.67896287214894,75.30247721043091,35918000
2020-07-13,75.2517318725586,78.44297203416643,74.96958014308842,77.12825841563946,42954000
2020-07-14,75.68116760253906,75.77770617369718,73.94297977071558,74.28434999897787,38108000
2020-07-15,75.48312377929688,76.45099251906724,74.53515653534063,75.79911032958475,31026000
2020-07-16,75.3855972290039,75.43486121845835,74.05943310844663,74.71778467158745,26484000
2020-07-17,75.48162078857422,75.80905769154303,74.5485816531521,75.48460487369971,34264000
2020-07-20,77.8199462890625,78.07721543774436,74.77749296936797,75.38956453557115,30166000
2020-07-21,77.42582702636719,78.97492413472274,77.26161122175375,78.87440678042151,27486000
2020-07-22,77.87019348144531,77.97618543932268,76.79433600457118,77.41536732793473,24482000
2020-07-23,75.47665405273438,78.14390246974544,75.0705906466516,77.92395335639043,33910000
2020-07-24,75.05168914794922,75.41097153590187,74.02559650691151,74.6028386333552,29902000
2020-07-27,76.10763549804688,76.51220308106483,75.25670794866738,75.30298784991724,27124000
2020-07-28,74.82476806640625,75.93744461336621,74.6690109658058,75.88718593599701,30910000
2020-07-29,75.81303405761719,76.30169506581362,74.79290978342082,74.89193888511915,22676000
2020-07-30,76.5525131225586,76.67791304910183,74.40278707937269,74.5421203310874,36042000
2020-07-31,74.04350280761719,74.89294207022046,72.35407768262465,74.49633966059952,91468000
2020-08-03,73.78524017333984,74.53017571563687,73.23586473268551,74.1952823635518,45482000
2020-08-04,73.31449890136719,74.30028744652176,72.85320328724046,73.98181032735997,37212000
2020-08-05,73.60260772705078,74.14551382781045,73.21097880454894,73.4896528857235,29134000
2020-08-06,74.88945007324219,74.9551379108816,73.24481674977106,73.45630713721422,33306000
2020-08-07,74.5620346069336,75.64286587460231,73.9599099041371,75.09299683965341,27718000
2020-08-10,74.4848861694336,74.99892327445139,73.5229781582979,74.18531593243594,20546000
2020-08-11,73.67475891113281,75.1626480095728,73.55781770581788,74.34455312332905,31098000
2020-08-12,75.00341033935547,75.22386058442733,73.8967019688904,74.00220039154834,22512000
2020-08-13,75.4716796875,76.48285191890565,75.05169051228404,75.05169051228404,22388000
2020-08-14,74.87354278564453,75.62793939616182,74.59338041774163,75.32040392648128,21942000
2020-08-17,75.4512710571289,75.82648373152185,74.891948664715,75.43783887619192,19990000
2020-08-18,77.41886138916016,77.4979814068608,75.72147884435643,75.9429161837234,28378000
2020-08-19,76.86302185058594,78.06975406339483,76.63361934240044,77.25514432932671,30472000
2020-08-20,78.4375,78.63256655639358,76.35794168422376,76.6321282685512,26382000
2020-08-21,78.4036636352539,79.21528172540805,77.74381628283706,78.21605349977197,34838000
2020-08-24,78.88037109375,80.05625247769231,78.37727560966826,79.24462689407855,25638000
2020-08-25,79.91045379638672,80.06122982776336,78.51860203471604,78.62907393281236,25150000
2020-08-26,81.81533813476562,82.2462840692637,79.66811043713714,79.93284358851191,52188000
2020-08-27,81.0385513305664,82.0074146085972,80.55535736545121,81.93874268986407,31350000
2020-08-28,81.58145904541016,81.67700292551035,80.89375267803553,81.08583513332398,22418000
2020-08-31,81.08882904052734,81.8337646346118,80.87982915033425,81.78748473158811,26422000
2020-09-01,82.3602294921875,82.56624525311734,81.08881186454722,81.21968639113527,22652000
2020-09-02,85.46090698242188,85.89433583929082,82.61451509252599,83.00365344587165,49522000
2020-09-03,81.08782958984375,84.59555749578361,80.0030120217837,84.57166962599298,63726000
2020-09-04,78.68431854248047,81.36051923220332,76.53260313427657,80.06720294777561,55850000
2020-09-08,75.81752014160156,77.40741495849956,75.4642059639063,75.88718676343119,54032000
2020-09-09,76.99340057373047,77.56516041610428,75.89564445564935,77.07649937472567,39242000
2020-09-10,75.9394302368164,78.30860397286067,75.63837173852811,77.14019418699958,33024000
2020-09-11,75.42738342285156,76.56892127073058,74.29579252540272,76.04393489459162,30706000
2020-09-14,75.08252716064453,77.47956754747086,74.89741517443528,76.21809682607592,42660000
2020-09-15,76.39077758789062,77.18050476355,75.7428817865187,76.03100168037477,23042000
2020-09-16,75.24475860595703,77.34869819515173,75.21987604229885,76.75702925240749,22128000
2020-09-17,73.99822235107422,74.57645916447423,72.77507377439086,73.93701442817141,40008000
2020-09-18,72.20926666259766,74.40427775863802,71.24040328279774,74.06091812890595,63056000
2020-09-21,71.16675567626953,71.66039017863206,69.80028765833156,71.24040107533145,56908000
2020-09-22,72.64369201660156,72.85020894355684,71.13490659228187,72.17095367719028,33950000
2020-09-23,70.13419342041016,72.30830088742725,69.80029475994638,72.25903690168364,37726000
2020-09-24,70.80448150634766,71.5573821324961,69.7739091004015,69.80028750186223,34552000
2020-09-25,71.61063385009766,71.95299118680184,70.04909927309517,70.91346650564168,30326000
2020-09-28,72.5859603881836,73.29905038643408,71.9699100987875,73.24929285809895,30784000
2020-09-29,72.95222473144531,73.24979803297072,72.35407885679199,72.84722744607932,31816000
2020-09-30,72.93131256103516,73.95641032525084,72.4416568506786,72.69941953772366,40924000
2020-10-01,74.04100799560547,74.39780739351073,73.48864851059548,73.8300187453481,32884000
2020-10-02,72.4336929321289,73.59961978967594,72.02315723124129,72.63423408285196,31222000
2020-10-05,73.7887191772461,73.88177252003113,72.65712826562542,72.78451757055439,21602000
2020-10-06,72.20579528808594,73.87282086187555,71.90672613927885,73.4239703631467,26096000
2020-10-07,72.60985565185547,73.09901783970815,71.32051821827476,72.61831435660335,36108000
2020-10-08,73.8185806274414,74.04748199645591,72.9238561559873,72.9238561559873,26076000
2020-10-09,75.16314697265625,75.23281359404584,73.99622536956137,74.28783048431298,32966000
2020-10-12,77.85726165771484,79.04308997579452,76.10115418697416,76.53408949683731,55344000
2020-10-13,77.98068237304688,78.88088147808016,77.56069322963157,78.47531921079461,39072000
2020-10-14,77.80004119873047,78.81568566560401,76.92721520969711,78.35539239500633,33174000
2020-10-15,77.4034423828125,78.19615368912379,76.68985869767641,76.8575521545092,31210000
2020-10-16,78.01203155517578,78.51014601215543,77.51242125898598,77.71992528911265,34194000
2020-10-19,76.13350677490234,78.8196694818718,75.78368541921667,78.42157124529685,29734000
2020-10-20,77.18498992919922,78.31757567925243,75.66326575661667,75.79314561217218,41670000
2020-10-21,78.92217254638672,80.37274164690493,77.98415993197221,78.11901324505759,60322000
2020-10-22,79.95075988769531,80.28714906559912,78.49870246258452,78.87291283355273,30512000
2020-10-23,81.26050567626953,81.31723367329468,80.21201344374147,80.36827170244585,30548000
2020-10-26,78.83758544921875,81.09130647352727,78.01601282132575,80.36577887493387,35826000
2020-10-27,79.56360626220703,79.71886221274569,78.4743164811939,79.06847592412686,25902000
2020-10-28,75.1805648803711,77.32082977436303,75.06511950680083,77.13173899969712,45174000
2020-10-29,77.47360229492188,79.05901715361654,75.46669489176469,75.49008161554319,55406000
2020-10-30,80.42100524902344,83.66599669620678,79.6974670927325,82.9752986633924,99878000
2020-11-02,80.8295669555664,82.51749631331757,80.32795964779757,80.79075106483944,44228000
2020-11-03,81.8914794921875,82.55530560123552,80.22196347188766,81.15002919883526,31432000
2020-11-04,86.87715148925781,88.08039850699622,84.74484402888567,84.87322803918391,71342000
2020-11-05,87.70568084716797,89.16470868146271,86.63728722934314,88.10128853896713,39758000
2020-11-06,87.5678482055664,88.00426119806104,86.42082805664543,87.15034201344257,28622000
2020-11-09,87.65193939208984,90.4122410562724,87.4593633847204,89.37172165047352,53440000
2020-11-10,86.47257995605469,87.55042699948584,85.39771699789287,86.07697225473657,43022000
2020-11-11,86.9458236694336,87.72558872689356,86.73831204017266,87.00403991084542,31838000
2020-11-12,86.72636413574219,87.82909374585917,86.4850176966425,86.68555885766379,26474000
2020-11-13,88.19136047363281,88.43370160863206,86.38599646743025,86.98413472311488,29744000
2020-11-16,88.27943420410156,89.29010509610572,87.64745357983485,87.78728795856988,25468000
2020-11-17,87.66388702392578,88.43420627207988,87.55590565351672,87.97240956400461,21314000
2020-11-18,86.61788177490234,87.83008859204216,86.51487388443644,87.41407824980085,20108000
2020-11-19,87.51011657714844,87.75494824854572,86.0894110233465,86.24914690819902,20106000
2020-11-20,86.40589904785156,87.99728973201321,86.33722711990116,87.68080204637623,27694000
2020-11-23,85.96699523925781,86.88411171935121,85.10213442110361,86.59698652310462,22530000
2020-11-24,87.77535247802734,87.90373648667953,85.6271223299394,85.96401265971706,27984000
2020-11-25,87.78679656982422,88.09780964483882,87.00205044426856,87.96992677839849,19600000
2020-11-27,88.92584991455078,89.42297727421509,87.80719756064533,87.80719756064533,14790000
2020-11-30,87.3026123046875,88.59343800936252,86.97617007706756,88.36005672195728,32418000
2020-12-01,89.34086608886719,90.65259560668585,87.73205682491009,87.91269649674737,37350000
2020-12-02,90.81431579589844,91.20097123321783,88.83378679699169,89.34086108236198,29424000
2020-12-03,90.6585693359375,91.75283265847874,90.41771644555975,90.5938761888373,24728000
2020-12-04,90.75411987304688,91.0397492501524,90.24803263553564,90.57796011685025,20544000
2020-12-07,90.4192123413086,91.02929453535916,89.72303966576968,90.3455593451508,22288000
2020-12-08,90.13555908203125,90.36645741383805,89.13783439851386,89.99573229455972,19936000
2020-12-09,88.47003173828125,90.98352007834363,87.680805678261,90.08729974843936,31728000
2020-12-10,87.96195983886719,88.32721036727966,86.26407601856937,87.71065884956633,28688000
2020-12-11,88.31775665283203,88.44266302397321,87.22000808817418,87.58127983483229,18628000
2020-12-14,87.19612121582031,89.06418903296934,87.040364108191,88.11473355341082,33050000
2020-12-15,87.63502502441406,87.78032644405529,86.6691456825734,87.5743106561317,21352000
2020-12-16,87.44144439697266,88.03460918058066,87.03688443498345,88.03460918058066,24676000
2020-12-17,86.61141204833984,87.91518395961303,86.14564417431515,87.77684541122197,34880000
2020-12-18,85.90031433105469,87.00204928080858,85.34198664274719,86.89307321652835,85256000
2020-12-21,86.3153305053711,86.43675164906524,84.29698019019894,85.04988087959532,33974000
2020-12-22,85.60174560546875,86.21829712216855,84.88318089123128,86.05507600610828,20370000
2020-12-23,86.00033569335938,86.7905564056755,85.65050674333652,85.78636235138065,22974000
2020-12-24,86.29542541503906,86.70596113529743,85.80725791931836,86.03864981343406,9312000
2020-12-28,88.27595520019531,88.92485327877053,86.67660697371885,86.83036709367283,27650000
2020-12-29,87.46981048583984,88.99800382149073,87.33794125305134,88.93630235401565,19726000
2020-12-30,86.39942932128906,87.96743327328805,85.9888935947524,87.83008941804188,21026000
2020-12-31,87.21503448486328,87.45687447969729,86.39146489743216,86.45018987451368,21070000
2021-01-04,85.89584350585938,87.705186375187,84.9508603421397,87.58128228878026,37324000
2021-01-05,86.58853149414062,86.92591538334669,85.4365378377414,85.84408949685165,20360000
2021-01-06,85.7341079711914,86.78359483694405,84.40148228115612,84.60849276055802,46588000
2021-01-07,88.29486846923828,88.4680365310176,85.92718285176521,85.92718285176521,41936000
2021-01-08,89.46378326416016,89.53991920335396,87.64198775015869,88.43520016542561,35484000
2021-01-11,87.39665222167969,88.79447206113275,87.19014290740792,88.42821928421255,34796000
2021-01-12,86.45814514160156,87.97439454842011,85.4106552853316,86.85275814625061,29528000
2021-01-13,86.94681549072266,87.40164172592644,85.95505131902136,85.95505131902136,23432000
2021-01-14,86.13419342041016,87.95698355407666,85.89284698308188,87.02742201402309,29212000
2021-01-15,85.96997833251953,86.9652201288953,85.17826937574225,86.03964495454214,31444000
2021-01-19,88.79896545410156,89.76285543674072,86.22925023510878,86.73532987197649,41660000
2021-01-20,93.55621337890625,94.53403661408476,90.54262136383335,90.88398401260814,64152000
2021-01-21,93.75923919677734,96.14433582290614,93.52336737446421,94.23198512960039,58634000
2021-01-22,94.17774200439453,94.76642687711758,93.37856141985232,94.12300340016309,32744000
2021-01-25,94.2633285522461,95.63378300769853,92.51568723527677,95.18194086238829,50586000
2021-01-26,94.9435806274414,95.33172432985599,93.36015508295559,93.85080553412007,31462000
2021-01-27,90.51425170898438,93.57611294856794,89.43640469162729,93.29943585845615,82512000
2021-01-28,92.2191162109375,93.95033381128779,91.11439711710392,91.11439711710392,55278000
2021-01-29,90.93324279785156,91.9374443781488,89.64938764556791,91.26465847682226,44530000
2021-02-01,94.203125,95.32127620814629,91.79065524466398,91.79065524466398,40252000
2021-02-02,95.49942779541016,97.00472804938106,94.86495656309498,95.20135334866278,66332000
2021-02-03,102.45417022705078,104.82981339283204,100.19845235959038,102.78907115194251,97882000
2021-02-04,102.19293212890625,102.97269721505859,101.27083451563523,102.540764123293,48596000
2021-02-05,103.94454193115234,104.29834965416165,102.01228220670131,102.48800461768037,29866000
2021-02-08,103.73007202148438,105.24682262275905,102.67661395971716,104.5003912566402,28828000
2021-02-09,103.2757568359375,104.42625473040155,103.00753841036679,103.2463943443827,21892000
2021-02-10,103.82760620117188,104.44465886939685,102.12375419248004,103.66140099776602,25102000
2021-02-11,103.94056701660156,104.20181495570792,102.9507998216224,104.05253475798568,20480000
2021-02-12,104.25306701660156,104.4754990480609,103.18516699146085,103.49369709094493,18990000
2021-02-16,105.03284454345703,106.74665100433805,104.08985083401521,104.08985083401521,31004000
2021-02-17,105.42697143554688,105.61706452508535,103.92067637569566,104.20083114428411,20294000
2021-02-18,104.78950500488281,105.59466134200437,104.16847356656038,104.7492008701628,22546000
2021-02-19,103.94355010986328,105.42497002735199,103.67583285853799,104.88803968550147,37938000
2021-02-22,102.22427368164062,103.521576354631,101.91276705220227,102.19143355556334,29466000
2021-02-23,102.51587677001953,103.13193474366207,99.03800498105964,100.22035579955467,34658000
2021-02-24,103.69474029541016,103.91916932842446,100.89413445514002,101.01903323255493,22608000
2021-02-25,100.31788635253906,103.65443541183306,99.8471374044302,102.30737526556467,41548000
2021-02-26,100.61446380615234,102.33672899960698,99.57443795504803,101.01455143205975,40042000
2021-03-01,102.99061584472656,103.31755164395297,101.23699864205244,101.91276872031038,26060000
2021-03-02,102.73283386230469,104.23863512234783,102.34419663463926,102.75074596632483,25564000
2021-03-03,100.09196472167969,103.30559666179923,99.22560051221559,102.10932019598754,33892000
2021-03-04,101.21260833740234,103.2359320208371,99.79438576387756,100.26414000545678,49216000
2021-03-05,104.35458374023438,104.80890881591917,100.90656818815047,102.56713188273565,53100000
2021-03-08,99.89738464355469,105.18410497815911,99.78243283121957,103.70717274899575,36868000
2021-03-09,101.53257751464844,102.70497377307522,101.29571099468689,101.99984883286976,33920000
2021-03-10,101.32506561279297,102.57956588277813,100.48607451730743,102.57956588277813,27100000
2021-03-11,104.52725982666016,105.06120607468662,102.3332510030716,102.42133087333761,27702000
2021-03-12,102.01228332519531,103.3862154039543,101.13746797988055,103.3265033264315,33818000
2021-03-15,102.23323059082031,102.2605960962489,100.90707420357886,101.76248163409007,26168000
2021-03-16,103.69872283935547,105.18112981321325,102.47457211575943,102.80797719904601,31900000
2021-03-17,103.61561584472656,104.45062059070729,101.71968149019554,102.93138712872644,26382000
2021-03-18,100.58610534667969,102.94532472087755,100.47861753034802,101.92171511759707,31700000
2021-03-19,100.86577606201172,101.36737579482003,99.66999297509295,101.00362107486976,46072000
2021-03-22,101.0513916015625,101.92969229879081,100.22085905440002,100.89911970815606,33536000
2021-03-23,101.58084106445312,102.71442137006943,100.91751613583496,101.51216913992992,28510000
2021-03-24,101.14295196533203,102.88810289313152,100.96728575965906,102.09987150585228,25218000
2021-03-25,101.13945007324219,101.79531096286595,99.32959869848213,100.96975965968619,35616000
2021-03-26,100.75479125976562,101.48429754313884,99.71575259396505,101.10610842572048,27978000
2021-03-29,101.80278015136719,101.97297171763482,99.79537920743458,100.62690631609587,26492000
2021-03-30,101.83662414550781,102.64276755981645,101.32308053971381,102.16057583177923,27312000
2021-03-31,102.63530731201172,103.81666342143662,101.86299868830717,102.23124089496714,42570000
2021-04-01,105.9822998046875,106.27937953528678,104.0739279531472,104.11473323039297,39880000
2021-04-05,110.42008209228516,110.91919881705677,106.75012806081834,106.8466666341186,48510000
2021-04-06,109.93738555908203,110.86993113753334,109.56566574641188,110.0199908055745,35240000
2021-04-07,111.41880798339844,111.69100514725001,110.12847588567706,110.12847588567706,24134000
2021-04-08,111.9861068725586,113.04902597144466,111.61686995474146,112.66137580353075,28664000
2021-04-09,112.9932861328125,113.15750194180373,111.33073299675657,111.7377910863765,26146000
2021-04-12,111.69698333740234,112.30755906868903,110.86097629130978,112.1697216656889,25024000
2021-04-13,112.18515014648438,112.6350029225419,111.61885729411927,112.01397146501857,25682000
2021-04-14,111.56211853027344,112.83204797289153,111.26902518096547,112.83204797289153,21002000
2021-04-15,113.71881103515625,114.25375956725094,112.02292426332264,112.5593610414897,29174000
2021-04-16,113.59440612792969,114.16617356571902,113.00572128065846,113.91736311962295,26282000
2021-04-19,113.9432373046875,114.6563273557735,112.96889932948382,112.96889932948382,30290000
2021-04-20,113.40829467773438,114.40303527628278,112.31900489874292,114.3278940387575,22288000
2021-04-21,113.37545776367188,113.45756186880061,111.706928921232,113.06195417608703,23204000
2021-04-22,112.09010314941406,113.89945354326824,111.48300504001658,113.2286569817641,24146000
2021-04-23,114.44932556152344,114.75735454893425,112.52452973965524,112.81066024801429,29066000
2021-04-26,114.94694519042969,115.67347506131698,114.31944443209228,114.67773209539389,32038000
2021-04-27,114.00395965576172,115.37092132902323,113.76410145506594,115.33011604963677,44386000
2021-04-28,117.39076232910156,120.99054864114056,117.10114660558713,119.05579837072018,81106000
2021-04-29,119.06874084472656,119.63602837600928,118.12773648841575,118.89308224360096,41234000
2021-04-30,117.1150894165039,118.52584050699024,116.76974036810891,117.83763294465066,44856000
2021-05-03,116.5965576171875,118.51090528759072,116.21936316034822,117.68286337787097,28242000
2021-05-04,114.79268646240234,115.69636320160089,112.29711784271197,115.12708626405683,44818000
2021-05-05,115.18779754638672,116.19448215391392,114.86484054405638,115.87750091536309,26636000
2021-05-06,116.3114242553711,116.3114242553711,114.10646611417098,114.76780169468033,25190000
2021-05-07,117.03694915771484,117.9983561400744,116.74982396318221,117.63211092314187,28898000
2021-05-10,114.04226684570312,115.99543032094336,113.68347806009943,115.85310540353551,30914000
2021-05-11,112.96292877197266,113.47149891287674,111.1645276228982,111.61985500008853,34186000
2021-05-12,109.4890365600586,111.86418624163223,109.15911669437793,110.7798698646749,46376000
2021-05-13,110.92169189453125,111.43921428648419,109.8109971320314,110.77638288716878,33204000
2021-05-14,113.37694549560547,113.69243847189597,111.96469870491363,112.38966888294074,31996000
2021-05-17,113.90144348144531,113.94423815039278,112.2388903348768,112.63997266332655,21598000
2021-05-18,112.58523559570312,114.83498539001295,112.5713022709001,114.56975107464842,22204000
2021-05-19,113.03458404541016,113.20825325301088,110.74254838311828,110.89133502717809,23684000
2021-05-20,114.79866027832031,115.04995367632121,113.63273332390318,114.0049543138836,32352000
2021-05-21,114.16069793701172,115.39281381561896,113.92034619778136,115.31916082166767,40632000
2021-05-24,117.49028015136719,117.71470157582718,115.04795454577173,115.19375709660679,31832000
2021-05-25,117.58135223388672,118.63282089487157,117.18972330541762,118.03567732658347,22440000
2021-05-26,118.44921112060547,118.88114420700485,117.76000126939165,117.76298535487912,21572000
2021-05-27,117.5718994140625,118.88412246880004,117.25242764141713,118.88412246880004,35224000
2021-05-28,117.28178405761719,118.23820999772704,117.08273872898874,118.15610588776825,21482000
2021-06-01,118.49248504638672,118.71790875952479,117.15388368433689,118.1570905828654,23354000
2021-06-02,117.96551513671875,119.11252766020083,117.05834561985145,118.88909332605556,21158000
2021-06-03,116.82048034667969,117.29023457883467,115.92177715899341,116.7284216987851,18696000
2021-06-04,119.10904693603516,119.3807505682356,117.55846149793184,117.89983175465898,24458000
2021-06-07,119.54346466064453,119.65344300832813,118.48353732486014,118.90352644161484,24120000
2021-06-08,119.35138702392578,120.40037275616211,119.16925910663717,120.02666352139211,24240000
2021-06-09,119.82412719726562,120.06994596281687,119.27475179338707,119.9977964011233,17942000
2021-06-10,121.17715454101562,121.22045035217171,119.61711580354225,119.77336645278285,25904000
2021-06-11,120.93183898925781,121.50509470935228,120.37250900118785,121.41950536835986,21958000
2021-06-14,121.8628921508789,121.8633857019183,120.32474413314641,121.03434903831184,22098000
2021-06-15,120.84176635742188,122.19130946590856,120.47999346547807,121.86735776768438,21562000
2021-06-16,120.19783782958984,121.30604205013579,118.9015375278692,120.99353315247284,26472000
2021-06-17,121.16421508789062,121.93950775152115,119.92663220106029,120.12319457492448,25842000
2021-06-18,119.53948974609375,121.02438731514766,119.44394586362654,120.78951018597671,46116000
2021-06-21,121.2328872680664,121.41949509864834,119.3279930756123,119.9271335980691,27414000
2021-06-22,121.74842834472656,121.81760141803291,120.48795979203726,121.17069271040606,22390000
2021-06-23,121.5458984375,122.50978839268653,121.25479445301924,121.51255716784965,19148000
2021-06-24,121.9171142578125,122.46996728323248,121.71806894524062,122.1161595703844,21362000
2021-06-25,121.92557525634766,122.0494869263323,120.98656792867304,121.41949566786325,34594000
2021-06-28,121.95294952392578,122.20076527318163,120.82782790498153,122.09476570644414,28526000
2021-06-29,121.69070434570312,122.43564746347714,121.1119740224828,122.08681320150404,23108000
2021-06-30,121.50857543945312,121.67528178366047,120.7770721013412,121.41402625256768,24474000
2021-07-01,121.86189270019531,122.00370889101198,120.95323489975411,121.14581091471862,18110000
2021-07-02,124.6614990234375,124.80730158215873,122.47395949852594,122.56402875962121,25982000
2021-07-06,125.58956146240234,125.82642797114575,123.9897045454052,125.0506341559567,26404000
2021-07-07,125.8722152709961,126.67835873013823,125.55274349136431,126.556945178864,24060000
2021-07-08,124.44901275634766,124.99788702259595,123.43188008424947,123.4358588645875,23790000
2021-07-09,124.92125701904297,125.1362250527908,123.95885535984911,124.43010544209602,18632000
2021-07-12,126.37133026123047,126.46488475430863,125.01332084819249,125.57762429893366,17668000
2021-07-13,126.73558044433594,127.44816936734279,126.07175435939051,126.43402078790348,19240000
2021-07-14,127.62682342529297,128.71114739493328,127.30585581569756,127.34915162866419,23742000
2021-07-15,126.40068054199219,128.0876150688026,125.92794221134592,128.03686284017635,24218000
2021-07-16,126.36585235595703,127.20334766110668,125.5532396143855,127.05555571192009,20424000
2021-07-19,123.98523712158203,125.60449445304222,122.91733701019425,125.48954262685852,27968000
2021-07-20,125.60897064208984,126.43850077838984,123.75881501817668,124.9302089444466,26312000
2021-07-21,126.94210052490234,126.9888739739733,125.4238541100995,125.5333313160581,20746000
2021-07-22,127.8104248046875,127.87164030868064,126.89232132734656,127.23568092677225,14302000
2021-07-23,132.38209533691406,132.7642708837393,129.18289754735918,129.80988959225203,41506000
2021-07-26,133.39723205566406,133.5982667591998,131.67197525217534,132.6940965511764,30572000
2021-07-27,131.2723846435547,133.7595019903575,129.4849403696827,133.61171004397323,54710000
2021-07-28,135.44644165039062,137.6389624126458,134.63382884778994,135.66340668703342,95130000
2021-07-29,135.13145446777344,136.01074984273308,134.89807315618333,135.50217964857367,31716000
2021-07-30,134.08544921875,134.66070190945484,133.61619609988043,134.39248350863042,25576000
2021-08-02,134.21282958984375,134.69253074494515,133.15737467086495,134.47407749953126,21634000
2021-08-03,134.98464965820312,135.08615411628443,132.68514239501812,134.4919946425515,20762000
2021-08-04,134.4825439453125,135.0040526928008,133.84707807248856,134.70547712760563,19676000
2021-08-05,135.6031951904297,135.7012372072588,134.20438041159676,135.03491292404775,17870000
2021-08-06,135.09263610839844,135.82315240249707,134.56666255430508,135.3947045352635,20488000
2021-08-09,136.2615203857422,136.53124218318524,134.6955060017478,135.29564877035045,17760000
2021-08-10,136.15603637695312,137.11694210496884,135.71563707055319,136.68847913839065,19414000
2021-08-11,135.6305694580078,137.02737959411166,135.6230978548488,136.52877157272962,15352000
2021-08-12,136.54119873046875,136.64669715164672,134.78111998935373,135.3284908102748,16506000
2021-08-13,137.07215881347656,137.2005580055058,136.3809748009373,136.59693753421325,15948000
2021-08-16,137.65138244628906,137.70413924909806,134.65520911093867,136.8706151743202,22384000
2021-08-17,136.01123046875,137.60760213542056,135.4344895711395,137.09455209368923,21716000
2021-08-18,134.80450439453125,136.4521294137989,134.67760864209106,135.8504983673145,19258000
2021-08-19,135.03440856933594,135.70370932909012,133.61121999580743,133.79583845464464,21782000
2021-08-20,136.7755889892578,136.89949307166904,134.60645508617034,135.35288644524337,31194000
2021-08-23,139.3751678466797,140.20419691127913,136.95274343167395,137.31302050167736,28454000
2021-08-24,140.58935546875,141.4039576066751,139.67074315124864,139.94243918319472,19268000
2021-08-25,141.4029541015625,141.51293245081183,140.70331138846305,140.9511195496134,15848000
2021-08-26,140.7675018310547,141.73984285117388,140.68438784337567,141.07552321093658,20610000
2021-08-27,143.3188018798828,143.82488149852614,140.8237268532217,140.97848926563262,28780000
2021-08-30,143.9025115966797,145.2759501615927,143.47704025354426,143.7129120778502,24434000
2021-08-31,144.00900268554688,144.48074635237265,143.59449575192565,144.4563725246217,22448000
2021-09-01,144.5245361328125,145.55809268141408,144.19411512479778,144.31006164544272,21936000
2021-09-02,142.605224609375,144.82710026541315,142.50370495740134,144.5250470301467,32342000
2021-09-03,143.05555725097656,143.4690770503106,141.72292401737542,142.3996963220879,19850000
2021-09-07,143.593994140625,143.87714056862364,142.93564262833766,143.15011712566266,20124000
2021-09-08,143.0072784423828,143.71290448780815,142.31957209422643,143.41434410788645,18344000
2021-09-09,142.85800170898438,143.6238409930003,142.49623642197608,143.15607613822618,15314000
2021-09-10,140.20567321777344,144.0298881380867,140.0683293807008,143.5262839446984,36840000
2021-09-13,141.65524291992188,142.26979737771194,140.57788953208455,141.2740545378672,22094000
2021-09-14,141.86622619628906,142.68084343965654,141.07551200540024,142.31508421541983,19674000
2021-09-15,143.74227905273438,143.76317524274404,140.67494311484762,142.09216342027784,27408000
2021-09-16,142.92666625976562,143.6133854871325,141.72392050993247,143.2655459492546,26190000
2021-09-17,140.1300506591797,142.7674353957721,139.80161903772358,142.34993679970833,53384000
2021-09-20,138.0594482421875,138.33861588686366,135.6733644328631,137.50410463134253,46518000
2021-09-21,138.3714599609375,139.3453044410875,137.62004753126166,139.08454245988372,25332000
2021-09-22,139.6160125732422,140.21664143476931,137.89225891810773,138.64118089062606,25056000
2021-09-23,140.54408264160156,141.02229564251655,139.73345921270854,140.31666950445637,20952000
2021-09-24,141.53829956054688,141.6532589710482,139.57369334948527,139.86977837280685,22984000
2021-09-27,140.40074157714844,141.26311935005253,139.4010199653702,140.13451260332025,21882000
2021-09-28,135.18370056152344,138.43465279850446,134.71593568317124,137.99525571421634,45772000
2021-09-29,133.71421813964844,136.4984076534218,133.2280476280008,136.3282160833576,30848000
2021-09-30,133.03993225097656,134.89755184426153,132.92050809949572,133.622656505888,37996000
2021-10-01,135.89329528808594,136.25905453272804,133.43504691909288,133.80776143606408,35360000
2021-10-04,133.0235137939453,135.31355994072126,130.4264333828189,135.31355994072126,51202000
2021-10-05,135.37576293945312,136.57155342877454,133.40319914581136,133.40319914581136,32404000
2021-10-06,136.9104461669922,137.09456347762622,133.90979262645382,134.10883795724234,24364000
2021-10-07,138.5625457763672,139.37565966392003,137.99127188020964,138.23112248140887,25110000
2021-10-08,139.12037658691406,139.66326749093665,138.55507087480348,138.91285737788812,26526000
2021-10-11,138.2530059814453,140.04245467587032,138.1982597915222,138.62921329433456,17954000
2021-10-12,135.79974365234375,138.84319152031614,135.1140115321381,138.81631197535404,36332000
2021-10-13,136.92735290527344,137.34336323308608,135.86940738847895,136.74870263527313,19654000
2021-10-14,140.47940063476562,140.66500621624925,138.16446379753594,138.81037790302142,31894000
2021-10-15,140.69534301757812,141.04368373195877,140.08526840258062,140.9406758382608,30274000
2021-10-18,142.09864807128906,142.11656777105117,140.39828117047438,140.40525162995812,20396000
2021-10-19,142.55543518066406,142.97891708528803,141.92147277693343,142.7052165055334,20164000
2021-10-20,141.09442138671875,142.8629739512192,140.70378718712195,142.65595589699134,23288000
2021-10-21,141.21087646484375,141.47959599698243,139.8314697814444,141.0944288032196,26292000
2021-10-22,136.91192626953125,139.91406787765993,135.4086155032677,138.48788774197112,50588000
2021-10-25,136.79299926757812,137.34336176040858,134.77961499839506,136.89550600929624,34412000
2021-10-26,138.64564514160156,139.4164503216993,137.6464245564592,138.60086108273072,49236000
2021-10-27,145.5217742919922,147.94269523760374,138.7416891746795,138.7416891746795,85782000
2021-10-28,145.15501403808594,146.4577912079441,143.93882848959854,146.43440448452932,36206000
2021-10-29,147.34158325195312,147.53664980823456,143.96124460171143,144.3877030706484,43320000
2021-11-01,142.814208984375,147.34157518450897,142.54400119567305,147.34157518450897,46924000
2021-11-02,144.74050903320312,145.9114095190237,143.6487285755413,143.89157087310116,33482000
2021-11-03,145.9004669189453,145.97112823745937,143.90301282793487,145.20627603308367,27494000
2021-11-04,147.56201171875,149.0210395628188,145.61183230162575,146.42444502422165,38412000
2021-11-05,148.14373779296875,149.61221148430093,147.49185562711088,148.4597167387127,38354000
2021-11-08,148.32186889648438,149.89833135582407,147.72421666895772,149.112081923021,23052000
2021-11-09,148.2099151611328,149.12155699209504,146.54437039574856,148.5229176061689,19530000
2021-11-10,145.1992950439453,147.3654523063304,143.8497596311641,146.79815722294808,29970000
2021-11-11,145.0729217529297,146.8335170484895,144.9077112347004,145.79248880737023,16518000
2021-11-12,147.97055053710938,148.14174439297312,144.71909735662823,145.91786437465117,22360000
2021-11-15,147.74563598632812,148.83791753921437,146.8728099950018,148.19200352635517,23508000
2021-11-16,147.17239379882812,148.05466563286177,146.6115679587527,147.44459099237028,18904000
2021-11-17,147.3425750732422,147.85263351120778,146.53942324042927,147.32316712719995,19594000
2021-11-18,149.1255645751953,149.8640384889797,147.18086699401806,147.53616303101114,35608000
2021-11-19,148.21788024902344,150.24818207871883,148.19051474348757,149.261884915546,33682000
2021-11-22,145.6058807373047,149.11659285483776,145.4521206035981,148.62196358916296,30594000
2021-11-23,145.08834838867188,145.96217670595368,143.4292879620821,145.45758531028238,27218000
2021-11-24,145.42471313476562,145.55359827200022,143.68603182840016,144.7812897366872,18040000
2021-11-26,141.50645446777344,143.86965244762047,141.16757477802446,143.66164728918483,30470000
2021-11-29,144.83802795410156,145.6013766551945,143.208808626935,143.31480818794302,32596000
2021-11-30,141.2223358154297,145.30530878621673,140.9277390064455,144.31852565043738,42068000
2021-12-01,140.38034057617188,145.2560319905602,140.24150848223852,143.31481246492976,34020000
2021-12-02,142.28575134277344,143.17997469726794,139.5473327918511,140.57791290709565,29194000
2021-12-03,141.32582092285156,143.71290687290224,139.6334117910002,142.9973338649984,41230000
2021-12-06,142.4738311767578,143.1680068287507,139.4831248653476,142.3598740528149,30618000
2021-12-07,146.56875610351562,146.82901692453825,144.53646503259998,144.90371251975077,32240000
2021-12-08,147.48138427734375,147.68691409027883,145.70936922250843,146.8941952905736,24270000
2021-12-09,146.93600463867188,148.3905525366859,146.4149970350233,146.88873004760978,23270000
2021-12-10,147.29727172851562,148.26862564075446,146.00594491114614,147.99244969140912,24458000
2021-12-13,145.13262939453125,147.26592378004827,144.82509398206858,147.07831366274226,27070000
2021-12-14,143.22225952148438,143.79253112951932,140.543067257308,143.2829738879342,38446000
2021-12-15,145.74420166015625,146.02286815487585,141.00386438529304,142.7266307700602,36370000
2021-12-16,143.75770568847656,146.97432176442135,142.92368044490732,146.4702315616712,33650000
2021-12-17,141.0506591796875,143.15011897500315,140.62767835046085,141.82196554942942,50416000
2021-12-20,140.93319702148438,141.09991095324537,138.65807881354345,139.33384883079916,27192000
2021-12-21,142.78985595703125,143.18446903027274,139.8339861166668,141.37760129629754,28756000
2021-12-22,145.71832275390625,145.80292498957579,142.38676234044013,142.38676234044013,26322000
2021-12-23,146.2174530029297,147.53813480597037,145.75515514574224,145.80293088513884,26384000
2021-12-27,147.2027130126953,147.6381312633762,146.4692203540776,146.5553108278189,15976000
2021-12-28,145.98902893066406,147.59335821023151,145.35954639528723,147.53065445426495,18200000
2021-12-29,145.95718383789062,146.7155667093918,144.95448562894353,145.9467357429029,17788000
2021-12-30,145.5048370361328,146.59910785453053,145.2998235600185,145.99598858016904,15688000
2021-12-31,144.1627655029297,146.0004760251165,144.1627655029297,145.35506319669503,18136000
2022-01-03,144.30160522460938,145.15701265332763,143.02918515577247,144.36479494039722,28646000
2022-01-04,143.71241760253906,145.78798930459803,143.03266881925126,144.70416653668696,28400000
2022-01-05,137.11944580078125,143.81195246481798,137.03286935371747,143.73283243513856,54618000
2022-01-06,137.09207153320312,139.2741441048197,135.9087336140623,136.34664244900424,37348000
2022-01-07,136.3650360107422,137.78972784408742,135.1204826896513,137.48816060615565,29760000
2022-01-10,138.0096893310547,138.1589847256294,132.5308930765843,134.43528635965367,44408000
2022-01-11,139.07110595703125,139.54883297337483,136.0420998146872,137.35034411747029,28730000
2022-01-12,140.75753784179688,141.9294404967946,140.02504742905134,140.4783702161075,26108000
2022-01-13,137.92758178710938,142.1702980929826,137.75041975538085,140.86651857043935,31436000
2022-01-14,138.8168182373047,140.07232082607686,136.3466335227671,136.426740644181,29662000
2022-01-18,135.35089111328125,136.47899680734477,134.79405929684148,135.52705085012096,34872000
2022-01-19,134.4735870361328,137.30306172956688,134.37306968151069,135.87388991456638,28648000
2022-01-20,132.67318725585938,136.97115074107518,132.3318170208066,135.60169102059876,29908000
2022-01-21,129.73126220703125,134.22377601264574,129.46752373899022,131.96259868346377,55652000
2022-01-24,130.18161010742188,130.5787136535352,123.90760490884027,125.37856914011597,76622000
2022-01-25,126.33102416992188,128.7833046294374,125.89859753096928,128.12744363968903,46960000
2022-01-26,128.6180877685547,132.3671620019992,126.53703372214112,130.49511541961544,49130000
2022-01-27,128.39117431640625,132.02131030726912,128.31900956615908,130.6792312241268,31950000
2022-01-28,132.71649169921875,132.72197391207828,127.87364760924652,129.04205751284695,34362000
2022-01-31,134.65969848632812,134.82840181492318,131.58042613665086,133.5236351765011,39986000
2022-02-01,136.9890594482422,137.13735254168026,133.72914748544642,136.93979546512767,68644000
2022-02-02,147.2957763671875,150.82539473153096,144.83007165755623,150.53031199687234,123200000
2022-02-03,142.4091339111328,148.96280731193713,141.98665428742234,145.0121976171074,71518000
2022-02-04,142.61117553710938,144.18564871656986,139.84639407354533,142.76195915753863,57998000
2022-02-07,138.53866577148438,143.56363789927013,138.23908788884378,143.56363789927013,54974000
2022-02-08,138.7357177734375,139.33385604729077,136.36207147851567,138.36499262195844,54284000
2022-02-09,140.91827392578125,141.8463472422032,139.51996039462585,140.2927701568597,40144000
2022-02-10,137.96041870117188,140.81129088948327,137.30057895120314,139.03877453098843,39330000
2022-02-11,133.6435546875,138.49435604596948,132.76524653286933,137.94051590489158,39958000
2022-02-14,134.88113403320312,135.65145321102975,132.62243215848918,132.62243215848918,34302000
2022-02-15,135.95849609375,137.45135880950014,135.17523823760737,136.91590911778226,26680000
2022-02-16,137.08262634277344,137.42896248282813,134.28200525127366,135.99631295565902,25022000
2022-02-17,131.90835571289062,136.461082812284,131.84814248998057,135.59472615306703,38950000
2022-02-18,129.7825164794922,133.43207557532537,129.5770018418038,132.83193274174764,45620000
2022-02-22,129.19583129882812,131.5515578787969,127.61338526044253,129.22020512579672,44990000
2022-02-23,126.98091125488281,131.42267296291416,126.92069803114178,131.02209177354695,32786000
2022-02-24,132.05963134765625,132.36716679103367,124.35895204602602,124.35895204602602,54456000
2022-02-25,133.81971740722656,134.62785022225833,131.12459484875018,132.9165342626019,36406000
2022-02-28,134.4143829345703,135.10556696702054,131.96160142081268,132.4169288111751,38864000
2022-03-01,133.42359924316406,135.6071599580106,132.58462329799266,134.23671311624648,26496000
2022-03-02,133.9311981201172,134.61890456353234,132.43833526898584,133.98743256772605,23520000
2022-03-03,133.2623748779297,135.79028217623375,132.3925254709241,135.362821481941,24604000
2022-03-04,131.2788543701172,133.2146069267177,129.71731977017836,132.29500752871238,30430000
2022-03-07,125.77716064453125,131.10817177136278,125.69405425346693,130.86235301354495,45112000
2022-03-08,126.49970245361328,130.62547723294597,125.07650647413256,125.6492685764528,40428000
2022-03-09,132.78515625,133.09916098406526,129.28240208203147,130.62548341324316,37026000
2022-03-10,131.79937744140625,132.6378674373792,130.28959734180035,130.64141568020557,27102000
2022-03-11,129.25254821777344,133.15887530088736,129.01468700810108,132.85332926637238,31526000
2022-03-14,125.35169219970703,129.78848017881063,124.67891386783609,129.63024013957775,38812000
2022-03-15,128.583251953125,129.23663756892861,125.12229757961958,126.37182448632802,30920000
2022-03-16,132.64633178710938,132.69857226432342,128.12195717811286,130.1109526032966,35576000
2022-03-17,133.20216369628906,133.44251542685555,131.55602693390728,132.51544446609907,28264000
2022-03-18,135.47776794433594,135.5957038344394,131.62916418987535,132.78961629420914,44566000
2022-03-21,135.4539031982422,136.39789162419223,133.4544597507842,135.51560466660072,26832000
2022-03-22,139.20248413085938,140.37886680791058,135.45391090476724,135.45391090476724,35496000
2022-03-23,137.61753845214844,138.92429430194807,137.1791437250509,138.0425085935887,25154000
2022-03-24,140.89837646484375,140.94514991308523,137.09505730306245,138.53765371288432,26396000
2022-03-25,140.99888610839844,141.35916312962928,139.07259464161262,141.24072608323831,24126000
2022-03-28,140.78244018554688,141.32683456688196,139.1462501767931,140.23007305677257,35050000
2022-03-29,141.82740783691406,143.10928873117544,141.36263470581895,141.96874564221065,34318000
2022-03-30,141.2631378173828,142.041414610686,140.92624749010545,141.78215606095287,19884000
2022-03-31,138.4058074951172,141.43183732694075,138.36301282244463,141.3770911257397,37524000
2022-04-01,139.483642578125,139.80261322253037,137.64940951093706,138.83624029562424,25942000
2022-04-04,142.29119873046875,143.02818421725604,139.6428649982141,139.69064073160442,25942000
2022-04-05,139.92205810546875,142.31013145949348,139.71455405588372,142.1892190441835,21418000
2022-04-06,135.89828491210938,138.69740254618586,134.87218475857597,138.08980328110664,32468000
2022-04-07,135.24191284179688,136.5118422894148,133.58880560045588,135.36282523850036,26234000
2022-04-08,132.65328979492188,135.0244453490223,132.33281575795365,134.93835487299648,25142000
2022-04-11,128.2105255126953,131.46396795737343,128.0562642583226,131.19625072432203,36884000
2022-04-12,127.1068115234375,130.97382925450697,126.1857162540227,130.97382925450697,32710000
2022-04-13,129.27593994140625,129.71384877798675,127.13318439512136,127.39095470279639,27928000
2022-04-14,126.12699127197266,129.8586543117061,125.99859967897054,129.8586543117061,31598000
2022-04-18,127.0689926147461,127.60243774339565,125.58160448146151,126.39571309247896,20808000
2022-04-19,129.39039611816406,129.7128443833924,126.39520967257236,127.0839183466349,26490000
2022-04-20,127.43075561523438,130.77378162705162,126.89333171577131,130.2691902594668,31696000
2022-04-21,124.22061157226562,129.47946605426276,123.93397991770688,128.63500784795013,36446000
2022-04-22,119.06624603271484,124.8053101263878,118.35913172906152,124.40522250559663,56884000
2022-04-25,122.48838806152344,122.69091861575488,117.94710375134851,118.53429277469893,46128000
2022-04-26,118.08544158935547,121.92707556109316,117.94710303931359,121.71260107377317,73054000
2022-04-27,113.75067138671875,116.68414126004245,112.20008592742334,113.92483415386953,91820000
2022-04-28,117.95854949951172,119.08018595435958,113.57201989604017,115.86107915420212,48884000
2022-04-29,113.56653594970703,117.35890574463856,113.27294145478096,116.17904555251677,42676000
2022-05-02,116.02827453613281,116.18999980943521,112.06422476007553,112.86539470993021,35534000
2022-05-03,116.77570343017578,117.87843306840782,115.48238717008276,115.87649904343223,24968000
2022-05-04,121.67925262451172,122.2699268388617,114.56824610086612,116.4746360987147,49916000
2022-05-05,115.95114135742188,120.46307061064945,114.45827869555946,119.63204464005044,45840000
2022-05-06,115.19575500488281,117.01207587544798,113.47299621973782,114.63643262732876,39710000
2022-05-09,111.97564697265625,114.52943920583498,111.46757799921504,112.71112905218551,40802000
2022-05-10,113.85067749023438,115.6968542910652,112.36328947356759,114.95788698251471,39900000
2022-05-11,113.06195831298828,115.81081721712015,112.6977024843236,112.6977024843236,37534000
2022-05-12,112.30706787109375,113.7511601444871,109.30193451554294,110.84754643399383,53836000
2022-05-13,115.4983139038086,117.31413370158947,113.06445432012579,113.98803256594428,35038000
2022-05-16,113.90045166015625,115.61724230928375,113.34759858622417,114.40852067379373,25990000
2022-05-17,115.9188003540039,116.34377055599607,114.32343087143941,116.28455202745589,23054000
2022-05-18,111.36705780029297,114.8509052445683,111.02469285947781,114.4528070059292,35126000
2022-05-19,109.85877227783203,112.4722766682842,109.47659675819857,110.90128865895407,34144000
2022-05-20,108.38978576660156,111.6497051639263,105.29309506741203,111.418305686061,48962000
2022-05-23,110.95751953125,111.61388163619868,108.22358859840143,109.06606499448633,37184000
2022-05-24,105.46578216552734,105.95196030949565,101.3997188941299,105.26872621912392,76780000
2022-05-25,105.30155944824219,105.99325219877339,103.36232921245352,104.48595502313039,40258000
2022-05-26,107.27960205078125,108.1325189038604,104.7243139415563,105.17416668495665,37948000
2022-05-27,111.78207397460938,111.7835698138087,108.61919412203534,108.96206020855854,37914000
2022-05-31,113.220703125,115.18431484820356,111.54521130217331,112.21003212171203,50012000
2022-06-01,113.3500747680664,116.54430641015415,112.71113124806907,114.30849764115457,36606000
2022-06-02,117.06282806396484,117.33851047218953,112.40908243525307,113.45756701556255,37992000
2022-06-03,113.99598693847656,115.76801720266153,112.97835314878134,115.51024691373239,26136000
2022-06-06,116.26465606689453,118.77913155288562,115.61127801779323,116.14920308967707,33542000
2022-06-07,116.59207916259766,117.13100649382692,114.50456340116364,114.93102184671086,31590000
2022-06-08,116.63636779785156,118.00632111258021,116.04519240682265,116.20592298566977,26108000
2022-06-09,114.28909301757812,117.73611398435301,114.22987449001698,115.77399057256335,25798000
2022-06-10,110.632568359375,112.73999313613125,109.84085182107376,111.90996185455049,41452000
2022-06-13,105.88626861572266,108.27384824703032,105.61407143207575,106.27839110394777,47252000
2022-06-14,106.20772552490234,107.41097248913957,105.29658482140374,106.02808814729501,33706000
2022-06-15,109.24222564697266,110.89332844630779,107.15719279182463,108.0285229467679,39698000
2022-06-16,105.52896881103516,108.1315239116339,104.63772962441162,106.71081841205395,51684000
2022-06-17,106.63369750976562,108.18229360105146,104.54617406358982,105.52897843764345,51376000
2022-06-21,111.01324462890625,111.95424892421053,108.08325267016507,108.41118312635855,47416000
2022-06-22,110.95703125,112.80717945124134,109.85728564039822,110.0304613100788,30774000
2022-06-23,111.70792388916016,112.20604591984649,109.97471708378085,111.69747579437303,28362000
2022-06-24,117.41365814208984,117.51716718427524,112.41505675916555,112.45735787961853,41164000
2022-06-27,115.28234100341797,118.01526949121953,114.6314459624472,117.71023220229814,36420000
2022-06-28,111.47454833984375,116.75132243650623,111.31580714736661,115.25148924100075,35792000
2022-06-29,111.17000579833984,112.62206327148687,110.34494794788081,111.02121914854789,24716000
2022-06-30,108.44452667236328,110.36037012107478,106.24205918177555,109.47659494140807,43170000
2022-07-01,108.22010803222656,108.73016641639377,106.22265397774427,107.41943163222562,35476000
2022-07-05,112.72406768798828,112.8375236690026,105.22840262829631,106.59089187479918,39342000
2022-07-06,114.02684783935547,115.03950824405749,110.94557840360967,112.76289403083528,37432000
2022-07-07,118.21780395507812,118.62237150865167,114.28710302372731,114.53242824450783,40936000
2022-07-08,118.78559112548828,119.11551098399944,116.34525479851375,116.69209965966292,38238000
2022-07-11,115.12609100341797,117.4365476052986,114.78173665895066,117.4365476052986,31196000
2022-07-12,113.47796630859375,116.41741177109778,113.14904114568549,115.66202058231765,29960000
2022-07-13,110.82366180419922,113.65263549932013,110.67238462038537,111.16950439272351,43722000
2022-07-14,109.84235382080078,110.56440377859388,107.85734476528513,109.68610316058955,37004000
2022-07-15,111.24563598632812,112.60215711200841,110.3723164753788,111.4675820742736,46770000
2022-07-18,108.5112075805664,113.13908327050366,107.85435196917416,112.10403093176883,43164600
2022-07-19,113.26847076416016,113.47747063825159,109.03869296718022,110.32255584496407,36530900
2022-07-20,113.35803985595703,114.85090252062787,111.9447983557441,112.63151001819001,35600400
2022-07-21,113.79594421386719,114.00495167460863,110.58131743938425,113.73623213542243,32676200
2022-07-22,107.3865966796875,111.80546531170556,105.99325657695871,110.47184488302739,48901200
2022-07-25,106.99845123291016,109.3472225583573,105.79420953019157,107.89417039822348,34690900
2022-07-26,104.5202865600586,106.68991390610014,103.57480992289085,106.09277036719988,47991000
2022-07-27,112.52204132080078,113.36800296920033,107.49607452568807,108.7401268402842,59858500
2022-07-28,113.67652130126953,113.79594545946627,110.92965176635761,111.83532546250933,32816600
2022-07-29,115.76652526855469,116.15466896108313,112.52203489140882,112.54194397943671,37223400
2022-08-01,114.31346893310547,116.16461921046162,113.79593896680589,114.75137773642173,26034300
2022-08-02,114.58218383789062,115.79638002904798,113.17889687110984,113.4575633556852,20236000
2022-08-03,117.51815795898438,118.05558946224379,114.93053070088145,115.1594320713057,28499000
2022-08-04,117.62763214111328,118.21482116526452,116.33381474881479,116.92101136605847,21602900
2022-08-05,116.91105651855469,117.54801066886964,115.44804984442452,115.67695880145602,19159500
2022-08-08,116.74186706542969,119.57830469839134,116.32385973549923,117.82667699099878,19138300
2022-08-09,116.0750503540039,116.7617696373508,115.15942970493639,116.58262580661216,19086500
2022-08-10,119.13043212890625,120.34462825526873,117.84657697820947,118.21481155899389,30930400
2022-08-11,118.27452850341797,120.91192071702521,117.99586202223843,120.70292085614055,24293700
2022-08-12,121.10102081298828,121.10102081298828,118.89158283337814,119.6877792993413,19096300
2022-08-15,121.4991226196289,121.71807703386351,120.03611593641816,120.55363833935155,19494800
2022-08-16,121.12092590332031,121.84745576956125,120.06597200873036,120.94178207281517,19041200
2022-08-17,118.98116302490234,120.71288167155528,118.81196614417375,119.54845056051758,22847000
2022-08-18,119.59821319580078,120.24512192721616,118.1551155275681,118.86173634114425,17987700
2022-08-19,116.65229034423828,118.58306186399878,116.20443457194587,118.49348615368488,21809500
2022-08-22,113.69641876220703,115.07980422824266,113.30827507565557,114.65184995934078,21456600
2022-08-23,113.31822967529297,114.46275924088157,112.89027540618044,112.94004053241602,15870400
2022-08-24,113.14904022216797,114.23385011599804,112.33294226755979,112.9599418544723,17734600
2022-08-25,116.09495544433594,116.1646220653855,113.56704040567818,113.69641910388675,16956800
2022-08-26,109.81497955322266,114.57224186477183,109.66569935363755,114.17414361532893,37245700
2022-08-29,108.89936828613281,110.42208719796032,108.28232315972038,109.46665587275665,21191200
2022-08-30,108.42164611816406,109.97422092496217,107.28707105272045,109.64578930257257,27513300
2022-08-31,107.70506286621094,110.32254592222807,107.61548716074697,110.12350061045113,28627000
2022-09-01,109.21783447265625,109.92445524897461,106.84916169035981,107.76478233631381,28360900
2022-09-02,107.33682250976562,110.2130705944094,106.74963351488796,110.06378281149561,24160700
2022-09-06,106.30177307128906,107.51596926896929,105.27667524334035,106.78944701500801,25068300
2022-09-07,108.92920684814453,109.45669135552637,106.39134493339468,106.55057966549539,23167000
2022-09-08,107.86430358886719,109.078499800194,106.65011497063273,107.5259250214311,24238300
2022-09-09,110.12350463867188,110.46188319968864,108.5012556752909,108.55102080160147,23197700
2022-09-12,110.33250427246094,111.08889015087576,109.40692911388913,110.46188297027061,22966800
2022-09-13,103.82362365722656,107.7846893387219,103.59471470362199,107.2870684416698,38172900
2022-09-14,104.5003890991211,104.77905558849064,103.16676873054044,104.07243482099148,26395100
2022-09-15,102.42032623291016,104.76908964186525,101.86298572173689,103.53499206907362,34188300
2022-09-16,102.31086730957031,102.63929135603635,100.4597168232655,101.58433740325144,42797200
2022-09-19,102.5795669555664,102.83833193685109,101.06680283524696,101.26584814817858,23036800
2022-09-20,100.65876007080078,101.8829108868876,100.04170739047592,101.59428983930465,26517100
2022-09-21,98.80760192871094,102.39047078999764,98.79764738492318,101.18622915681169,31487300
2022-09-22,99.66352081298828,100.7582853575061,98.31994579957582,98.34980184094832,34298600
2022-09-23,98.27017211914062,99.18580033576465,97.00621838807963,99.15593670389735,31625400
2022-09-26,97.70288848876953,99.40475110446,97.33465387177638,97.63322186449305,27072700
2022-09-27,97.03607177734375,99.52417618189102,96.40907220091097,98.95688868137792,30072800
2022-09-28,99.57394409179688,100.22084518059606,96.64793080043407,97.18536227801656,32466300
2022-09-29,96.95645141601562,98.17064759037245,95.50339934291237,98.17064759037245,31047200
2022-09-30,95.19488525390625,98.42942129300384,95.10530953826145,96.58822537398223,32941500
2022-10-03,98.170654296875,98.8175630102199,96.06073886671564,96.29960237487207,27982000
2022-10-04,101.15637969970703,101.3554250298591,99.9023728590896,99.96209253260932,28850800
2022-10-05,100.94737243652344,101.4449933185741,98.32988933045003,99.3549871325797,22176900
2022-10-06,100.93742370605469,102.4402409824645,100.11137117193405,100.20094688426994,22324000
2022-10-07,98.21046447753906,100.0516603517211,97.83227531415282,99.37489560091394,27502800
2022-10-10,97.39436340332031,98.62846111239529,96.54840938978579,98.52893845076046,18225100
2022-10-11,96.71759033203125,98.77774038186384,95.8517273049946,96.96640076120471,26507100
2022-10-12,97.09578704833984,98.28012721366622,96.27968908051714,96.83702964877843,21876400
2022-10-13,98.58865356445312,99.30522889923341,93.93092148147386,94.69726194514989,34574500
2022-10-14,96.10054779052734,100.21090137017602,95.91145700787062,99.51422753973247,25410700
2022-10-17,99.49431610107422,100.4497472424263,98.3597411461504,98.38959718289706,28419200
2022-10-18,100.29051208496094,102.977669480451,99.49432320685048,102.63928332260754,24060700
2022-10-19,99.15593719482422,100.53932268092686,98.44931643231148,99.53413393609323,23811100
2022-10-20,99.49431610107422,101.83313262769467,98.91707408033284,99.52417213782088,25323200
2022-10-21,100.64879608154297,100.82793990140142,97.25502564095308,97.38440433575951,32458700
2022-10-24,102.03218841552734,102.26109737591833,99.50428086547959,101.31562068072593,27176400
2022-10-25,103.98286437988281,104.3212429399577,102.23123672329918,102.41038054718946,40611400
2022-10-26,94.47830200195312,97.8422164678502,94.2394461020253,95.9711646644133,88114100
2022-10-27,91.78120422363281,94.97592963709896,91.36320447078887,94.07025591284439,60710900
2022-10-28,95.83183288574219,96.09059787724979,91.6916233939895,91.8309566371646,43697300
2022-10-31,94.060302734375,95.57306689870097,93.53282580597906,94.9659688055794,31675000
2022-11-01,90.0395278930664,95.57306993471083,89.940005230544,94.99582786175144,47161400
2022-11-02,86.55618286132812,90.74615003951523,86.46660714853941,90.50729412723294,57038300
2022-11-03,83.03302001953125,86.10831340135847,82.94344431306968,85.90926808736477,61288000
2022-11-04,86.16803741455078,86.22774949314112,83.3116906968652,84.99365177935555,51124900
2022-11-07,88.0689468383789,88.47699963071189,86.436750855232,86.86470514307494,34078900
2022-11-08,88.47700500488281,89.89024665779915,87.17323297355927,88.47700500488281,30429000
2022-11-09,86.9045181274414,89.01443358511959,86.86470754222943,88.0291386855819,31769100
2022-11-10,93.4930191040039,93.94087488626228,91.1741038384967,91.81105799655386,51620100
2022-11-11,95.9512710571289,96.46879348169523,93.47311336671255,94.2394538485674,33090500
2022-11-14,95.24463653564453,96.32945403822642,94.0603039654914,94.6375384345769,30179500
2022-11-15,97.97160339355469,99.66351138474529,96.2498317707238,97.79245956917397,41640800
2022-11-16,98.37964630126953,99.16588820159294,97.1754046847515,97.43416966800666,29105200
2022-11-17,97.89198303222656,98.80760365631383,96.32945372628268,96.50859755213386,26052600
2022-11-18,96.9664077758789,98.4294144201493,95.91145390965606,98.30002812804044,28342300
2022-11-21,95.14511108398438,97.93179105937274,94.90625518678002,96.82707209430102,21647400
2022-11-22,96.58822631835938,96.75741561356259,93.60250071461526,95.4934541891789,23438500
2022-11-23,97.99150848388672,98.2900840665078,96.62802445978609,96.62802445978609,18868100
2022-11-25,96.99626159667969,98.17064718420455,96.93654952051315,97.77254895921286,9701400
2022-11-28,95.59297943115234,97.11569819421372,95.1550706024734,96.5782667025875,26237500
2022-11-29,94.73706817626953,95.66264334231307,93.66220522349144,95.27449965265858,20061700
2022-11-30,100.50946807861328,100.55923320625755,93.97072970281681,94.36882794469375,43647500
2022-12-01,100.50946807861328,101.7634748829433,99.772991266651,100.53932411796288,28687100
2022-12-02,99.96209716796875,100.29052121863981,98.4294237568295,98.57871155791251,21480700
2022-12-05,99.00666046142578,100.89761386150826,98.52894104268235,98.92703929278645,24405100
2022-12-06,96.51854705810547,99.30521936766596,95.96120652171987,98.82750758572617,24910700
2022-12-07,94.4882583618164,96.41902227907117,94.26930395221923,95.95126501404084,31045400
2022-12-08,93.26410675048828,95.12521162173816,93.00534176035212,94.92615870890563,32213300
2022-12-09,92.38829803466797,93.81149411113351,92.30867686839619,93.32382016253814,28225400
2022-12-12,92.86601257324219,93.11482303032886,91.1741045022898,92.26886899485267,29420000
2022-12-13,95.17498016357422,99.05642509219642,94.57783654219229,97.29485027015576,40593700
2022-12-14,94.61763763427734,96.4090759117415,93.154630973197,94.7470163347805,28733600
2022-12-15,90.42766571044922,93.19443655131441,89.58171174439282,92.6868611344438,40107000
2022-12-16,89.83052062988281,90.89542897671403,89.0940362830337,90.32814149462808,58011800
2022-12-19,88.0191879272461,90.1290957005775,87.7902789704508,89.83052771403993,29493000
2022-12-20,88.59642028808594,88.75566261824142,87.0239440398078,87.69075421287637,23453800
2022-12-21,89.15376281738281,89.7907169658723,87.89975601556621,88.65614191430713,24745600
2022-12-22,87.34242248535156,88.11870987437933,85.909271863705,87.74052072393032,27658300
2022-12-23,88.80542755126953,89.12390461779462,86.655701657406,86.69551223985816,23003000
2022-12-27,86.97417449951172,88.51680222396423,86.5959853742235,88.37746898869531,20097300
2022-12-28,85.6106948852539,87.62108754027969,85.53108131331513,86.56613367944158,19523200
2022-12-29,88.02912902832031,88.42722724367383,86.1978878680228,86.2078424115069,23333500
2022-12-30,87.81019592285156,87.87986255192544,86.15809072896663,86.56614355146583,23986300
2023-01-03,88.6959457397461,90.61676258298985,88.09879462707987,89.16370297479997,28131200
2023-01-04,87.66090393066406,90.21867518028262,86.8547528692259,89.92009958818068,34854800
2023-01-05,85.78984069824219,87.1533247069017,85.4912727120948,87.05380204485257,27194400
2023-01-06,86.92442321777344,87.2727639545087,84.45622757731456,86.37704473293368,41381500
2023-01-09,87.60118103027344,89.62152828865293,87.44194628861791,87.93956719506664,29003900
2023-01-10,87.99928283691406,88.24809330021212,85.42161008183072,85.57089787842811,30467800
2023-01-11,91.08453369140625,91.16415486430132,88.58648203484007,88.7556713324224,26862000
2023-01-12,90.69638061523438,91.432864998952,89.32294969329632,91.0447213124675,30258100
2023-01-13,91.68167877197266,91.75134539532985,89.70114209221775,90.41771741423032,26329200
2023-01-17,90.85562133789062,91.81105251796343,89.6215236794331,91.62195415344863,32602400
2023-01-18,90.68643188476562,92.35843834492154,90.2087124991102,91.70157513878183,29116700
2023-01-19,92.60725402832031,93.16458701556465,90.19876306253057,90.28833877439054,37000400
2023-01-20,97.55359649658203,97.83227057478473,94.56787113938321,94.64749230458399,63191100
2023-01-23,99.315185546875,99.56399601043773,97.03608078946915,97.48393658664499,40005100
2023-01-24,97.23511505126953,99.13603042112301,96.73749418080635,97.63321326625847,33078500
2023-01-25,94.76692962646484,95.70245938987009,93.313877444999,95.11526275334147,42330000
2023-01-26,97.05596923828125,97.10573436154094,94.92615256394458,96.0408260243726,30114000
2023-01-27,98.89717864990234,99.84265530593878,96.84697541487013,96.84697541487013,33879800
2023-01-30,96.4787368774414,97.82231171021904,95.94130542571196,97.01616832917084,27226200
2023-01-31,98.36969757080078,98.40950815466127,96.35931244094722,96.40907756904596,29870700
2023-02-01,99.95213317871094,100.70851906446003,97.11569559851715,98.24031608663826,35531100
2023-02-02,107.22734832763672,107.33682553198318,105.10748604846768,105.29658441835562,69883800
2023-02-03,104.28143310546875,107.29701450167059,102.09190421385664,102.44023732028235,65309300
2023-02-06,102.41038513183594,103.86343728262108,101.39523421998128,101.9127642202071,31999600
2023-02-07,107.1278305053711,107.6652620074092,102.62934075240821,102.72886341728358,49010200
2023-02-08,98.89717864990234,102.64923682856325,97.57350525697757,101.56442693043918,94743500
2023-02-09,94.55792236328125,99.55403269025908,93.18448386590254,99.52417665215816,119455000
2023-02-10,94.1200180053711,96.28964546267231,93.80154092875313,94.99582806779736,54980700
2023-02-13,94.15982818603516,94.74701720884225,93.39348774073657,94.28920688773186,50076100
2023-02-14,94.2294921875,94.39868146803326,91.82100889832186,93.98068174209502,54726100
2023-02-15,96.4787368774414,96.65788069468455,93.70201150671859,94.04039005423793,50169000
2023-02-16,95.05554962158203,97.2152225774334,94.28920915783308,94.91621637237178,42462600
2023-02-17,93.90106201171875,95.10530367470463,92.76648697078687,94.39868291013072,34284100
2023-02-21,91.35324096679688,92.65700522698316,91.28357434815544,92.55748257079424,33629300
2023-02-22,91.21391296386719,91.67172328308142,90.1788605753032,91.26367049827103,30884000
2023-02-23,90.45751953125,91.50252637688843,89.33289911857833,91.4826172903113,41206400
2023-02-24,88.70590209960938,89.46228802095382,88.15852364572393,89.01443223203913,36585100
2023-02-27,89.4423828125,89.73100384409955,88.91489828317458,89.4423828125,27502300
2023-02-28,89.63147735595703,90.79591607528975,88.89500052309056,88.90495506752045,30142000
2023-03-01,89.93004608154297,90.59685623870114,89.24332683704428,89.5518569460858,31111200
2023-03-02,91.56224822998047,91.84091472708995,89.16371177840199,89.23338599577193,32204400
2023-03-03,93.20439147949219,93.28401264189694,92.01009682269682,92.03996045341758,35160100
2023-03-06,94.6773452758789,95.51335229721735,93.55272482794965,93.57262632205895,32639300
2023-03-07,93.41339874267578,95.21478402463518,93.08496711653402,94.52807232544816,27835500
2023-03-08,93.8015365600586,95.503399070826,93.55272611825472,93.67215786383373,34103300
2023-03-09,91.88072967529297,95.07545518561926,91.46272990977579,93.60250146148456,28813500
2023-03-10,90.19876098632812,92.34848690437508,89.96985962601842,91.73143425906332,35941000
2023-03-13,90.67647552490234,92.12952755390786,88.99451455477161,89.661324698127,37335600
2023-03-14,93.52287292480469,93.91101661837747,92.00015418954344,92.11957834566286,36050200
2023-03-15,95.65269470214844,96.46879271449647,92.19920427168174,92.77644636636741,50622100
2023-03-16,99.84266662597656,100.70852980834213,95.0456009946808,95.74226728410615,65492000
2023-03-17,101.13648223876953,102.35067095008547,99.62371033412825,99.78295267907698,61028500
2023-03-20,100.7383804321289,101.26585739333697,99.39480546444764,99.64361592487353,32960400
2023-03-21,104.42076873779297,104.59991256706779,100.73837708314564,100.76823312250937,42110300
2023-03-22,102.87814331054688,106.08281539474726,102.8383327290355,103.773854818731,43427400
2023-03-23,105.0975341796875,105.79420800627038,103.96295911766454,104.56010268824097,40797800
2023-03-24,104.93830108642578,104.98805862211833,103.34590808241246,104.49043770663731,30393300
2023-03-27,101.97247314453125,104.2615323044318,101.44499620942092,104.12219906093443,31120900
2023-03-28,100.54927825927734,101.96251979884079,99.2654154207413,101.95257284782572,32057900
2023-03-29,100.90756225585938,102.00232668210373,100.17108547356293,101.7933268219828,28779600
2023-03-30,100.40994262695312,100.67866215981911,99.30522364315344,100.4298517146947,33086200
2023-03-31,103.23644256591797,103.39567731678657,100.55923950453533,100.8180045169263,36863400
2023-04-03,103.8634262084961,104.0326154780684,101.4449885321148,101.90279881082961,25035400
2023-04-04,104.22171783447266,105.07762635151548,103.54495313711536,103.83357415733603,24420100
2023-04-05,103.97291564941406,105.59515710589082,103.16677219338038,105.2766800226226,28290500
2023-04-06,107.90411376953125,108.65054511701238,103.83357846595176,104.75915364055206,48711500
2023-04-10,105.93353271484375,107.07805463574618,104.6198139282229,106.4709641629739,27067400
2023-04-11,104.84872436523438,106.22216293833723,104.18191416724264,106.04301910676263,26311800
2023-04-12,104.14209747314453,106.24205820052738,103.84352190700692,106.07286892315904,24370300
2023-04-13,106.91883087158203,106.97854295202298,105.33639240206342,105.33639240206342,24843600
2023-04-14,108.35197448730469,108.42164110764425,106.33162731127321,106.38139243712666,26578000
2023-04-17,105.46578216552734,105.65488055059328,104.02267689835315,104.16201774578109,37571200
2023-04-18,104.00276184082031,106.03305590180257,103.57480758885212,105.98329077756064,26596400
2023-04-19,103.68429565429688,104.48049216706148,102.57957659955501,103.08715206626977,20905700
2023-04-20,104.78900909423828,105.74444030250633,103.37576757324341,103.41557815605778,27820800
2023-04-21,104.908447265625,105.49563631362956,104.28144003927596,104.96815934695626,25800100
2023-04-24,105.46578216552734,106.12263785123642,104.20182073865433,104.98806272702657,23542800
2023-04-25,103.35586547851562,106.18235630484261,103.34591093386543,105.3264476991522,46664100
2023-04-26,103.2165298461914,105.84396768440436,102.14166684153358,104.42077155594797,53347600
2023-04-27,107.07805633544922,107.85435127935429,103.0473318001292,103.95299784504715,50089200
2023-04-28,106.8292465209961,106.83920106462901,104.5899525683896,106.5306785498371,36139800
2023-05-01,106.68991088867188,107.47615277000584,106.31172176311922,106.33162325684647,26681700
2023-05-02,104.81886291503906,106.68991470916808,103.21652305785557,106.63020263275621,30997200
2023-05-03,104.908447265625,106.97854454706649,104.46058387636243,105.0278714282875,21795400
2023-05-04,104.1918716430664,105.09753777760864,103.47529629660639,104.98806056672765,23419500
2023-05-05,105.06768035888672,105.37620289836305,103.61462818899871,104.32124898163032,26625100
2023-05-08,107.2572021484375,107.44630051441501,104.65962811592014,104.67952961034783,26511400
2023-05-09,106.8392105102539,109.62589071265951,106.67997576350962,107.87426293991619,36360100
2023-05-10,111.21826934814453,112.4026095007465,107.41644603746185,107.45625661998795,63153400
2023-05-11,116.01533508300781,117.35890998003737,113.86561676637899,114.85090401178836,78900000
2023-05-12,116.95086669921875,117.46838909715726,115.55752665279486,116.12481417824908,41073800
2023-05-15,115.95561981201172,117.91624729796742,115.45799893103178,115.55752158860936,36266800
2023-05-16,118.94135284423828,120.1754505833764,115.87600619542154,115.93571827523857,45035600
2023-05-17,120.2650146484375,121.09106715915512,118.3242961888887,119.04087149490434,33323600
2023-05-18,122.24555206298828,122.72326387464808,120.25506846385703,120.37449262022581,35234200
2023-05-19,122.1758804321289,125.37060556659539,121.56878235183454,122.96212233272476,41330300
2023-05-22,124.45498657226562,125.82841748352126,122.15597291663258,122.35502582680218,35253000
2023-05-23,121.9768295288086,124.03697969958147,121.62849642613534,123.5692224434729,34046300
2023-05-24,120.3247299194336,121.32992621989823,119.28967758115877,120.54368432083105,34182600
2023-05-25,122.89247131347656,124.7237127373814,121.37969939598797,123.92751619206183,42317000
2023-05-26,124.01707458496094,124.66398323852341,121.86734876877027,122.58392404083384,35635900
2023-05-30,123.08155059814453,125.06208723131287,121.41949862779474,125.04217814334058,35076700
2023-05-31,122.28536224365234,123.46969481793454,121.91712004551185,122.16593049458432,37325800
2023-06-01,123.13131713867188,123.82798336385527,122.03655267348697,122.23559799694154,30772700
2023-06-02,124.07678985595703,125.54975101903904,123.17112379211459,123.40002514747484,26963100
2023-06-05,125.41041564941406,126.82365711889926,123.25073527073091,123.41993213979819,32305500
2023-06-06,126.70423889160156,127.6795716632302,124.76352029992727,125.41042902818297,26638300
2023-06-07,121.9171142578125,128.4259886146352,121.53892512668912,126.36584609093107,52539000
2023-06-08,121.558837890625,122.64365544606527,120.66311871482401,121.64841360475143,29389200
2023-06-09,121.64840698242188,123.17112570184304,121.3299299142625,121.66830847720398,23762500
2023-06-12,123.05169677734375,123.45974956411615,121.0811222457333,122.20574275748704,28306400
2023-06-13,123.24079132080078,124.56446470926541,122.59388264580667,124.38532088531461,22278300
2023-06-14,123.08155059814453,123.45974733869542,120.87211260494071,122.5142630804105,30592300
2023-06-15,124.49478912353516,124.86303131123523,121.81759393072211,122.55407071303016,35246300
2023-06-16,122.94221496582031,125.5099405617093,122.69340452264717,125.33079673890096,45514000
2023-06-20,122.51426696777344,123.97727366337496,121.55883572827894,122.34507768010195,26097500
2023-06-21,119.97640228271484,122.07636309263388,119.52853891590576,121.81759809801702,30306300
2023-06-22,122.56402587890625,122.65359399380323,118.2645817227319,119.4290127749455,26952200
2023-06-23,121.75787353515625,122.20573688397315,120.48396529451563,120.80244235467579,34885300
2023-06-26,117.77691650390625,121.41950530782552,117.70724987835497,120.1854075438775,33969900
2023-06-27,117.76696014404297,118.51339146949954,115.54756766205826,116.52290793494869,39535900
2023-06-28,119.608154296875,119.81715415403947,116.29399743378409,116.5328533286732,27091400
2023-06-29,118.53329467773438,119.48872587696212,117.73710580825735,118.67262791972016,24090900
2023-06-30,119.13043212890625,120.50387057686662,119.12048517862524,119.59819695723526,29519700
2023-07-03,119.3294906616211,119.61811168831736,118.25462771939205,118.67262744367262,14467900
2023-07-05,121.17068481445312,122.02659333927569,118.66267890915145,118.67262585976906,27584800
2023-07-06,119.53849792480469,119.7275963040598,117.83663529078655,119.22997538441382,24745200
2023-07-07,118.91149139404297,120.47402068726721,118.83187022918119,119.52853643899117,21692600
2023-07-10,115.89591217041016,117.74706264721117,115.58738962197427,117.73711569558557,35315200
2023-07-11,116.5826187133789,117.14990621068708,114.80113505861661,115.73666473923052,23078800
2023-07-12,118.36410522460938,119.75744523552781,117.8465828398585,118.2347265266947,30404400
2023-07-13,123.94741821289062,124.23603925428093,119.87687518656348,120.3545946051284,44297900
2023-07-14,124.82322692871094,126.17675640796054,122.90240991720911,124.20618186143912,33266800
2023-07-17,124.056884765625,126.49522399838557,123.60902142548464,125.34074752508035,25716200
2023-07-18,123.17112731933594,124.08674795318163,122.37493084193565,124.00712678682312,26226400
2023-07-19,121.44935607910156,124.5843692790778,121.22045471640399,124.00712721064436,37224000
2023-07-20,118.63282012939453,123.49955194883329,117.65748741253887,120.84225815158732,37906800
2023-07-21,119.44891357421875,120.41429930342547,118.16505837628159,120.04606470909158,72937900
2023-07-24,120.95173645019531,122.41474313178708,120.40435800830701,121.08112274560483,29686100
2023-07-25,121.62850189208984,122.56403163253377,120.44416169668466,120.78254786384007,52509600
2023-07-26,128.6549072265625,130.35676214061976,127.70943058695467,129.45110367587904,61682100
2023-07-27,128.78428649902344,132.60602666094323,128.1771883763532,131.04348970124676,44952100
2023-07-28,131.94915771484375,133.1036418304535,129.94872719345616,130.15771946410177,36591200
2023-07-31,132.08848571777344,132.89462910208388,131.1529560469299,132.09843266820528,28055500
2023-08-01,130.92404174804688,131.99890454954252,130.0581711882357,130.1577014274451,23166800
2023-08-02,127.76914978027344,129.47100478913018,126.95304419806331,128.83405063143312,26273300
2023-08-03,127.83880615234375,128.7743358739839,126.81370831340226,127.36109434055177,20089500
2023-08-04,127.50042724609375,130.88424328208276,127.30138192389168,128.6648583264697,26130000
2023-08-07,130.90415954589844,130.98378071638075,128.4061079650305,128.5454412168282,22746300
2023-08-08,130.77476501464844,130.88424221889798,128.92361467945548,129.998477634037,23535200
2023-08-09,129.04306030273438,131.41172554952155,128.3861970452602,131.0335439778547,24912900
2023-08-10,129.07290649414062,131.4216776590085,128.83404300432582,130.6951554251583,20857800
2023-08-11,128.9435272216797,129.3117618339363,127.56014170520349,128.04781566195854,19569200
2023-08-14,130.7051239013672,130.74492689646604,128.34640539745578,128.7743521360614,24695600
2023-08-15,129.16249084472656,130.7946869315138,128.66486990136232,130.47621742457744,19770700
2023-08-16,128.08761596679688,129.66009982508598,127.26157104777742,128.08761596679688,25216100
2023-08-17,129.30181884765625,131.36197675884557,128.6748116249142,129.18239468568078,33446300
2023-08-18,126.853515625,128.63499931194184,125.77865268655036,127.89851493202701,30491300
2023-08-21,127.7591781616211,128.11746579787294,125.95779302992129,126.57484564637545,25248700
2023-08-22,128.4658203125,129.66010749983826,127.70944197062904,127.89852516645765,22067500
2023-08-23,131.7401580810547,132.77521810347412,129.25205347010368,129.56057601207195,27819700
2023-08-24,129.16249084472656,133.61122329329774,128.95349855277775,133.31264769004198,28500700
2023-08-25,129.2620086669922,130.13781111641472,126.64451789723837,128.92361491657198,26762900
2023-08-28,130.38661193847656,131.90933055130816,129.52075650385797,130.6851874909537,20543300
2023-08-29,133.92970275878906,135.92018645455218,131.6107874308828,131.6107874308828,43075600
2023-08-30,135.2334747314453,135.6315654184423,133.43208931557663,134.1387025629242,28315800
2023-08-31,135.52207946777344,137.34337385647325,135.14388270916908,135.36283712876264,30053800
2023-09-01,135.01451110839844,136.80594945032874,134.20836765107612,136.80594945032874,21524600
2023-09-05,135.1239776611328,135.77087872900177,133.93963753997775,134.7955460588322,19403100
2023-09-06,133.82022094726562,135.88036360473524,133.03397141020704,135.37279574679286,18684500
2023-09-07,134.61639404296875,134.93487869329522,132.3173880233416,132.95434213781053,18844300
2023-09-08,135.73106384277344,136.00973029553754,134.20834530224724,134.2680573726706,23558300
2023-09-11,136.26852416992188,136.82585722476293,135.14389592171182,135.89032737434255,20763400
2023-09-12,134.69601440429688,136.21873306242523,134.54673421670935,135.6116349892628,18405500
2023-09-13,136.05950927734375,136.24859245755295,133.51167758565322,134.44720728074662,20749500
2023-09-14,137.44290161132812,138.0400375924637,135.59175121605634,136.94528070062265,24751000
2023-09-15,136.7462158203125,137.86089695130053,135.83059519619755,137.32345788063844,38908400
2023-09-18,137.5523681640625,138.4978447839275,135.95997529868072,135.95997529868072,21861300
2023-09-19,137.3831787109375,137.75142852316634,135.96993710197103,136.7661336216356,20353700
2023-09-20,133.1036376953125,137.4229832645566,132.98419835818402,137.4229832645566,29927500
2023-09-21,129.81935119628906,131.6008274512888,129.45111656611377,130.81459306049098,31488700
2023-09-22,129.63023376464844,131.40176280772747,128.98333272244602,130.1378015737834,26397300
2023-09-25,130.4861602783203,130.54587235985892,128.34639636353074,129.2122519182116,20094600
2023-09-26,127.95824432373047,129.73972044721884,126.61466183176898,129.1525314353715,25718700
2023-09-27,129.9188690185547,130.27715670469198,127.95825647590418,127.95825647590418,22746500
2023-09-28,131.68043518066406,132.6657299926707,129.17242168676438,129.22218681213153,22513100
2023-09-29,130.23733520507812,133.41215879768615,129.739714333163,132.64581840280536,30848100
2023-10-02,133.53160095214844,133.78041142165446,130.5458753180762,130.58569349746125,22288000
2023-10-03,131.79986572265625,133.62116005886995,131.21267669893393,133.3026905762113,22989400
2023-10-04,134.5965118408203,134.9249434701971,131.8993997738575,132.15815718510046,26752300
2023-10-05,134.4273223876953,134.84532213743643,132.81502028305357,134.4273223876953,19832600
2023-10-06,136.9253692626953,137.50261133155155,133.37234873185216,133.37234873185216,27583200
2023-10-09,137.76136779785156,138.27889778472175,134.96474077645817,136.28841418957376,19278100
2023-10-10,137.403076171875,139.05518115278088,136.67655393277659,137.8409849799401,27786600
2023-10-11,139.88125610351562,140.43858915374793,137.920628289257,137.920628289257,25884300
2023-10-12,138.30874633789062,140.54804026123193,137.60211801793758,140.37885098714375,24765500
2023-10-13,136.7064208984375,139.33385877066547,135.96993646362293,138.71681368426044,23420500
2023-10-16,138.43814086914062,138.9656178098258,137.33342186038425,137.51255809555218,28501900
2023-10-17,139.05517578125,139.23431200334724,136.5272532818645,137.9703659398381,23515800
2023-10-18,137.30357360839844,140.0504356733887,136.7263315075888,138.7864742597851,23375000
2023-10-19,137.0945587158203,138.9954742091233,136.72632410734244,137.84099006998994,26066000
2023-10-20,134.95480346679688,137.21399157463526,134.43727344295388,136.67656764747252,26315200
2023-10-23,135.85049438476562,137.00497842129087,133.31262496891244,134.39743479587233,26317900
2023-10-24,138.14950561523438,138.6968916178538,136.76612018289654,137.17417294722958,44814300
2023-10-25,125.01231384277344,127.69946346643458,124.47488239942285,127.55018328196924,84366200
2023-10-26,121.69816589355469,123.73841461751326,120.69296955110403,122.68345314790562,57061100
2023-10-27,121.58869171142578,122.72326678236502,119.63801864923039,122.29531249468846,44566500
2023-10-30,123.8677978515625,124.80332760609076,122.16593522517718,122.6237455580271,28940100
2023-10-31,123.48960876464844,124.77347164354663,122.10622322082405,124.46494151125496,26292300
2023-11-01,125.84832000732422,125.88813058968375,123.13131420084254,123.47964730512324,30082400
2023-11-02,126.88338470458984,128.36629297445822,126.3260516835586,127.80895995342698,27124600
2023-11-03,128.48573303222656,128.91367975208917,127.25162763160075,127.41086997739491,26380100
2023-11-06,129.63023376464844,129.71980187458107,128.0577500279253,128.43594674032983,19052700
2023-11-07,130.34681701660156,131.28234671869467,129.26200712212525,130.08805962107587,29757300
2023-11-08,131.21267700195312,131.580926799427,130.15772310979614,130.34682148408558,26425800
2023-11-09,129.62030029296875,131.91930647073386,129.45111100566407,131.33211744076144,23747800
2023-11-10,131.9591064453125,132.16811390496133,128.79424481480643,129.48096408570086,26913300
2023-11-13,131.4615020751953,131.95912303711475,130.62550250385542,131.1529795085951,18324800
2023-11-14,132.98419189453125,135.05429646532818,132.68563153168148,133.55148695631235,32395200
2023-11-15,133.9794464111328,134.38749919428832,132.93445466887385,134.2282568614201,23861500
2023-11-16,136.27845764160156,136.5670862789989,133.6808910221372,134.54674656195866,28013200
2023-11-17,134.66616821289062,135.41259957777135,133.01406314727024,135.35288749837048,37240600
2023-11-20,135.60169982910156,136.0097526255653,132.98420894713303,133.05388316485448,27815500
2023-11-21,136.31826782226562,136.52726009180356,135.31307909148632,135.6414955150459,22635300
2023-11-22,137.83103942871094,138.75660699373168,136.81588856208788,136.81588856208788,17813900
2023-11-24,136.03961181640625,137.47276251978383,135.3429455539826,137.37323225964377,12514300
2023-11-27,135.7609405517578,137.76137114648046,135.35288776014943,135.3827437999076,23436500
2023-11-28,136.5471649169922,136.59693004167585,134.77563581877808,135.43249901776102,18730000
2023-11-29,134.3477020263672,137.63198796354249,134.19840663801398,136.9154278069515,23967200
2023-11-30,131.89939880371094,134.9050333890216,130.65534651348793,134.4074124729324,38988300
2023-12-01,131.2325897216797,131.48140018185381,130.04824950146127,131.2325897216797,31431200
2023-12-04,128.6549072265625,129.41128550101195,127.29142327486284,129.26200531072064,36669900
2023-12-05,130.36672973632812,131.51125173964408,127.63976171874135,128.33642794624606,27384800
2023-12-06,129.40135192871094,131.21268423164344,129.26201867463922,130.8145935589201,23576200
2023-12-07,136.27845764160156,137.90070669775926,134.05907259412004,134.39745117448874,56767100
2023-12-08,134.3477020263672,135.75098148530094,133.39226317393695,133.56145246512227,32233900
2023-12-11,132.65577697753906,132.70554210632815,130.73496753299872,131.75011845279244,31138000
2023-12-12,131.8894500732422,132.3671618941117,130.63543566245536,131.18282170000637,29032800
2023-12-13,131.939208984375,132.86477654283303,130.94396721251857,132.74535238978922,30104800
2023-12-14,131.3122100830078,133.0837393336483,129.0729159552244,132.74536075457883,38722400
2023-12-15,131.9690704345703,132.87472894259986,130.5558136967356,130.99372252410018,50815200
2023-12-18,135.1538543701172,136.49742183645682,131.79987880793016,131.9989393388128,32258000
2023-12-19,135.99978637695312,136.81589194521072,135.43250644576105,136.18888474941207,25476800
2023-12-20,137.68174743652344,141.02576050336694,137.41304308366068,138.30875463223933,49107200
2023-12-21,139.75186157226562,140.02058112931533,138.51775618635745,138.8262939224738,27488300
2023-12-22,140.81675720214844,141.3143780648777,140.0404698711855,140.10018194492363,26514600
2023-12-26,140.8466339111328,142.00110294060704,140.51820227118546,140.91629294532333,16780300
2023-12-27,139.7020721435547,141.4039421272873,139.22436038114222,140.91626822874798,19628600
2023-12-28,139.56275939941406,140.46843312127822,139.08504756687975,140.11014545033115,16045700
2023-12-29,139.02532958984375,139.6921397740678,138.11965590639036,138.9656175115826,18727200
2024-01-02,137.51255798339844,138.78646627528045,135.83059690794266,137.89075472780192,23711200
2024-01-03,138.25900268554688,138.96563111524162,136.42776123741183,136.59695053777565,24212100
2024-01-04,135.74102783203125,138.49785185670754,135.7012248421468,137.76136746127565,27137700
2024-01-05,135.08416748046875,136.50737117465926,134.50692540464604,136.09931838527314,22506000
2024-01-08,138.17938232421875,138.34857162557788,135.6116563892304,135.6415124314593,21404000
2024-01-09,140.2793426513672,140.81678178118554,137.49266229644218,137.84100303562764,24759600
2024-01-10,141.60299682617188,142.31957211043382,140.23952047042707,140.32908858441377,21320200
2024-01-11,141.40394592285156,144.52900432776065,139.97079541096244,142.80724039792497,24008700
2024-01-12,141.9712371826172,142.51862321173218,141.14519984962567,141.9911462708172,18768600
2024-01-16,141.81201171875,143.66316210251998,140.77695172665017,141.3243377622621,22670500
2024-01-17,140.79685974121094,141.16509435045725,138.2390810062168,140.67743558387372,20968600
2024-01-18,142.7972869873047,143.5238244240393,141.3143864475642,141.37409852484444,25746400
2024-01-19,145.68350219726562,145.75316122771846,143.69301856100813,144.05130622298188,33300700
2024-01-22,145.2953643798828,147.68393876565145,145.14606898940627,146.40008345019257,32200400
2024-01-23,146.34034729003906,146.479680534306,144.80768160310274,145.19582529685954,21636100
2024-01-24,147.99244689941406,149.1369840368619,147.39531095421805,147.83320457288815,25233500
2024-01-25,151.14735412597656,152.32174724438246,148.82843911184986,149.35593119114108,29149100
2024-01-26,151.46583557128906,151.81416105186207,150.2914424776346,150.38102577143502,26115500
2024-01-29,152.77955627441406,153.04827580027492,150.70945160260163,151.33645876754892,27784300
2024-01-30,150.73931884765625,152.88902943924788,150.47059932888845,152.07293911887135,36331800
2024-01-31,139.43338012695312,143.314817013255,139.20446358239303,142.93662027544656,71910000
2024-02-01,140.48834228515625,142.37929571349378,140.12009247642374,141.44376595073413,40466500
2024-02-02,141.70252990722656,141.94137821596175,135.8505033642639,138.5973652180094,62470600
2024-02-05,142.996337890625,144.7778292586984,142.10062632407735,142.14044450127528,38505400
2024-02-06,143.4143524169922,144.6683516438696,142.5086787155993,143.9617232693515,29128200
2024-02-07,144.84750366210938,144.92712483877034,143.24516354900098,144.0712161723984,25208900
2024-02-08,145.2157440185547,145.6337437790856,144.40960053851757,145.1361228470937,22563800
2024-02-09,148.291015625,148.72892440965512,145.4844266976286,145.98204755543063,26829500
2024-02-12,146.82803344726562,148.6294188215734,146.6687911016663,147.7137981136562,21564100
2024-02-13,144.44940185546875,145.97212067480473,143.00630420667008,144.23044743303745,27837700
2024-02-14,145.24559020996094,145.82283227426896,143.40438681197526,145.38492345402256,22704200
2024-02-15,142.0906524658203,142.83708369199013,139.79164671900637,142.45888701115246,37590700
2024-02-16,139.85137939453125,142.5086731289085,139.47318265796596,142.30962780983683,31451100
2024-02-20,140.44851684570312,141.40395564806843,138.82628305113792,138.99547233345777,25144700
2024-02-21,141.87171936035156,142.01105260267784,140.0106068974836,140.7769473233704,23315700
2024-02-22,143.40438842773438,144.31006211743158,142.1205331777144,144.2403879015234,27191900
2024-02-23,143.27500915527344,143.99156924470117,142.74751705595645,142.98638054322166,19493800
2024-02-26,136.91542053222656,141.76224319676408,136.73626911295864,141.46366762210727,53641800
2024-02-27,138.2191925048828,138.5874271285175,136.43770109534037,137.36328390942444,33099200
2024-02-28,135.73106384277344,137.35329743861095,134.76567820777544,137.24382024744057,37328600
2024-02-29,137.80117797851562,138.19926859997335,135.75096723807542,136.62678482870294,42133000
2024-03-01,136.48745727539062,138.20922130484942,136.26850286861733,137.7713124913028,31119500
2024-03-04,132.71551513671875,135.01452152533,131.28236435260098,135.01452152533,55999400
2024-03-05,132.0387420654297,132.60603724215898,130.048258250132,131.2525076403091,40194800
2024-03-06,130.77476501464844,132.94440001172532,130.22739417958527,132.4865821068133,35318600
2024-03-07,133.7406005859375,134.29793357515936,130.98377649333827,132.1581545511722,37738200
2024-03-08,134.76568603515625,137.43292657686754,133.36239155397143,133.57139899877532,39343100
2024-03-11,137.0149383544922,138.43814204162481,135.48227264684192,135.48227264684192,32437800
2024-03-12,137.8409881591797,138.7168057955102,136.37798151039325,136.37798151039325,27563400
2024-03-13,139.12484741210938,140.4186648160553,138.3286661046211,138.33861305579995,23347200
2024-03-14,142.4191131591797,142.90677194087021,139.79167531307277,140.5181976030222,42753400
2024-03-15,140.5082244873047,142.49870800871952,139.3637025369648,141.82195090080685,49460600
2024-03-18,146.97727966308594,151.42601105591572,146.46971188833376,147.90286229490744,69273700
2024-03-19,146.3303985595703,148.08201863565114,145.38492190024363,147.45502663716707,24070400
2024-03-20,148.0322723388672,148.15169649653035,146.04178871816205,147.29578793217973,21311500
2024-03-21,146.89767456054688,149.65448301475038,146.20099325211407,148.75877159845464,24755600
2024-03-22,150.0526123046875,150.85875574292584,148.2711209562635,148.41045420254932,29175700
2024-03-25,149.35594177246094,149.6644642956251,147.11664775908744,149.22655548099812,19229300
2024-03-26,149.9530792236328,151.53551003081748,149.26635995623974,149.505223453737,22149100
2024-03-27,150.15211486816406,150.91845525200065,148.19148744617945,150.46063737451573,22879200
2024-03-28,150.2118377685547,150.70945866916398,149.45545946665504,150.13223178829975,24485400
2024-04-01,154.75015258789062,154.99896303730998,149.89336775564567,149.972988921802,31730800
2024-04-02,153.8245849609375,153.96391821888022,151.42604834775094,152.7696309813447,24586000
2024-04-03,154.182861328125,154.34210366441846,152.00327930693646,152.8691500191665,24705000
2024-04-04,149.81375122070312,154.03358204033015,149.73413005208545,152.7696206660751,34724700
2024-04-05,151.7743682861328,152.6899888823038,148.8881732587718,149.31611992588236,23449300
2024-04-08,154.1132049560547,154.5312047063974,151.8838577680416,152.0530470584528,20702000
2024-04-09,155.85487365722656,157.80553910227465,154.4515790592109,155.3472906145229,31113000
2024-04-10,155.3970489501953,155.86481379575542,153.9439892879095,155.46672316327985,22838600
2024-04-11,158.6514892578125,158.92019359328873,155.7155291650152,156.16338491032602,27166400
2024-04-12,156.9794921875,159.4576498521726,156.39230314278245,157.20840874623565,25329200
2024-04-15,154.12313842773438,158.48230216405906,153.8544189023788,158.10410543846115,27136500
2024-04-16,153.66534423828125,154.90939662099464,152.69995837440078,153.45635194224974,20779500
2024-04-17,154.73025512695312,156.33259514906842,153.84449046790715,154.87953533334849,21763100
2024-04-18,155.2676544189453,156.19323711028636,153.88426904317683,154.600844292543,19883000
2024-04-19,153.3568115234375,155.6160147529958,151.57533531126506,155.45677241386718,32239100
2024-04-22,155.53639221191406,156.88992171020138,153.32695413108942,153.5757645889644,26446200
2024-04-23,157.5069580078125,158.21358635071638,155.53638354340058,156.21315584791824,21151600
2024-04-24,158.37281799316406,158.81072677485923,156.42213756184464,156.74062219805325,22779100
2024-04-25,155.25772094726562,155.74539489675468,150.15212564884374,150.60994355919925,57109700
2024-04-26,171.1318359375,173.87871320868138,168.84277660691075,173.5403194325108,64665300
2024-04-29,165.3594207763672,168.74325204452023,164.4239062306873,168.25557809024173,45610000
2024-04-30,162.00547790527344,167.30017218886394,161.8263416497257,164.8220143504815,33562900
2024-05-01,163.080322265625,166.3248050727695,162.31398182603573,163.51823108824746,33493200
2024-05-02,165.82717895507812,165.9366561572897,163.1101731735162,164.00588469256783,24294500
2024-05-03,166.4442596435547,167.16083502137172,162.27419368231517,166.76272915248109,34662400
2024-05-06,167.30015563964844,167.3399586304374,165.2399977875199,166.66320148373052,21871300
2024-05-07,170.43515014648438,170.94271797332505,167.58875812637166,167.69823532661383,28039700
2024-05-08,168.5740509033203,169.34037610962505,167.93709679670465,168.1958541822666,19569100
2024-05-09,169.15130615234375,169.87782842770906,167.37976174414283,168.58401102643612,15346700
2024-05-10,167.84751892089844,169.0418211972959,165.39923266388908,167.2304738812949,29799900
2024-05-13,168.33518981933594,168.47452305757707,163.2196478065062,163.47840519575857,31327600
2024-05-14,169.52947998046875,170.43515363864887,167.99681433185833,168.9622000666333,25127100
2024-05-15,171.68914794921875,171.82848118606026,169.69866445937762,169.81810379537313,26948400
2024-05-16,173.3511962890625,174.28672593990896,171.86829583867203,172.46543176167918,27867900
2024-05-17,175.22227478027344,175.43128224723478,172.86355649440316,173.3512152736709,24479300
2024-05-20,176.07818603515625,177.91938952957375,175.24218652700162,175.35166373779703,22554400
2024-05-21,177.00375366210938,177.3023140421263,174.9734519608894,176.05826183810862,16989400
2024-05-22,175.54075622558594,176.30708148924128,174.37632512413728,175.79951363051288,17880000
2024-05-23,172.72421264648438,177.40184593977742,172.12706150853876,176.22746793765114,21024900
2024-05-24,174.15736389160156,174.93365126217552,172.82372836993727,174.14740175468117,16572500
2024-05-28,175.56065368652344,176.42652440990983,173.54031397559726,173.61993514476987,20572200
2024-05-29,175.0630340576172,175.99856381955107,173.88865597259237,174.59526917665025,23388700
2024-05-30,171.29107666015625,174.38627944367667,170.97259197646454,174.36637035439955,22958700
2024-05-31,171.67919921875,172.23653216033742,168.63376194065896,171.0422451160524,37638900
2024-06-03,172.3460235595703,173.69955303760383,170.3455929752159,171.71901635552842,27459100
2024-06-04,172.96307373046875,173.0228009976231,171.07212029758608,172.45550585604707,26879600
2024-06-05,174.5753631591797,175.80945323933747,173.10239440013726,174.36635570479385,22068500
2024-06-06,175.88906860351562,176.30706831231922,174.91373594964054,175.06301613629049,23251000
2024-06-07,173.6298828125,177.02364564681855,173.47064048742553,176.2075553066339,19661400
2024-06-10,174.37716674804688,176.41975708694557,172.13530264029285,174.3373180757214,23779200
2024-06-11,175.98135375976562,176.20055947666336,173.14166821496,175.5828062037414,21540600
2024-06-12,177.14710998535156,179.75764648213246,175.47319211286342,177.60545332869307,27864700
2024-06-13,174.52664184570312,176.100930541289,174.24765551520585,175.47320369586276,20913300
2024-06-14,176.15072631835938,176.419754263997,173.52027308216327,173.59002726213419,18063600
2024-06-17,176.59910583496094,177.715051051079,174.17788480631722,174.82554352922475,19618500
2024-06-18,174.45687866210938,176.74856500464978,173.47046818859647,176.49946899358264,21869900
2024-06-20,175.6625213623047,176.648931899367,174.35726061279985,174.73587623555667,20160100
2024-06-21,178.98046875,180.19605848680078,175.9713847127052,176.3599738775111,58582700
2024-06-24,178.5719451904297,180.23590467855502,178.02393093898397,179.50854860133447,18298000
2024-06-25,183.3645477294922,183.6236020982057,178.77121684563144,178.97049060645827,23235600
2024-06-26,183.21510314941406,183.84281475961373,181.82015636356306,181.96962309255457,19839000
2024-06-27,184.7395782470703,185.37726345815258,183.3546049665816,183.51401486664113,18848900
2024-06-28,181.49134826660156,184.46058367632295,181.30204806851228,183.65351502999962,29156600
2024-07-01,182.32830810546875,183.2150892304388,180.64441676394287,182.36815677467078,16006100
2024-07-02,184.5701904296875,184.89899899691764,180.9034891495935,181.39172281674388,17372500
2024-07-03,185.14808654785156,185.4170992875996,183.33466032731423,184.18159282875,10242100
2024-07-05,189.9108123779297,190.16986676631305,185.1281657368756,185.1879463493014,20967500
2024-07-08,188.3464813232422,189.48235856567723,187.10100122392242,189.2133306072121,21035900
2024-07-09,188.29664611816406,190.6680449292031,188.03759174863737,189.62183867706156,15121400
2024-07-10,190.48870849609375,191.05665474143063,188.34648872255113,188.46604995162622,15952500
2024-07-11,184.8990020751953,190.16986719879003,184.4107683999166,189.16352474556632,25625800
2024-07-12,184.40078735351562,186.43340394870364,183.82288283046884,184.41074571984632,22898400
2024-07-15,185.85549926757812,187.5593225326645,184.25132048016474,184.25132048016474,16474000
2024-07-16,183.2549591064453,187.99774187820162,182.70694481891954,186.6825227917543,18290700
2024-07-17,180.36544799804688,182.88629847032706,179.24948750496557,182.308393887249,20734100
2024-07-18,177.04747009277344,181.8400745567317,175.83188043287228,181.27212839599844,25315700
2024-07-19,177.01759338378906,179.63807308812588,176.48951105533254,178.23318313703982,18881900
2024-07-22,181.01309204101562,182.03936641608118,179.57829654867925,179.93699542176336,24100300
2024-07-23,181.1326446533203,182.94607087092996,180.88354864784296,181.39171422932947,36352700
2024-07-24,172.0057830810547,175.5529078595556,171.1987144347076,172.97227682395808,49585200
2024-07-25,166.6751251220703,172.7929226710128,166.58545420511723,171.8961830942536,44852000
2024-07-26,166.39613342285156,167.48218836937892,163.4667619348052,166.54558494627688,41336900
2024-07-29,168.91697692871094,169.81371643996607,167.38255227079114,168.21951117511102,20293800
2024-07-30,169.6742401123047,170.61084359012222,167.8309386667155,169.6244330706624,18959700
2024-07-31,170.91969299316406,173.61990013827557,169.39522679360476,172.61355784032972,25729100
2024-08-01,170.1425323486328,173.42064433790932,168.2693407012315,169.63438196406787,24531400
2024-08-02,166.05735778808594,167.90065902927802,164.07454819419817,165.8381520961541,29130100
2024-08-05,158.6741485595703,163.8354102699276,154.36976247516517,154.93770864058513,53630700
2024-08-06,157.7176055908203,159.98937493855377,155.8444141408682,158.7538533920478,49004600
2024-08-07,158.36526489257812,162.39064929609555,157.8969632273386,160.6669093473954,25138600
2024-08-08,161.444091796875,163.0980928190794,159.63068089584155,159.92958392090395,25578800
2024-08-09,163.0781707763672,163.1977319936456,158.48483983468753,159.43140161323996,28602300
2024-08-12,161.70315551757812,164.30371841151174,161.25478575040617,163.75571936475353,15895300
2024-08-13,163.56640625,164.13433724204145,162.3807068200086,162.81911822642027,18551700
2024-08-14,159.79010009765625,162.6298006303333,157.13973016458638,161.81275843785846,40591100
2024-08-15,160.7167510986328,161.05551802843678,159.03285961324696,159.9196408139774,31524300
2024-08-16,162.37074279785156,164.46314006883134,160.54735825938926,160.88612516941268,24208600
2024-08-19,166.06732177734375,166.08725371463413,163.66603265490428,164.68234860612503,22416200
2024-08-20,166.57546997070312,168.0301973015893,166.21678632585224,166.2964836667436,18341500
2024-08-21,165.2502899169922,166.2466739015297,164.07454890935912,164.5528089649255,22902000
2024-08-22,163.20770263671875,166.98399131629145,162.71946900223335,166.65518277106005,22493300
2024-08-23,165.0211181640625,165.57909078821876,163.237597440162,164.12437861861332,13955700
2024-08-26,165.5591583251953,166.94413138700807,163.86530867604202,165.77836400723294,14190400
2024-08-27,164.0845184326172,165.83816409495242,163.86532792843937,165.2403275821356,11821900
2024-08-28,162.26113891601562,165.0011948895807,160.9459047509701,164.44320708392877,16407400
2024-08-29,161.19500732421875,165.36985884682494,159.67054097302747,163.71585770644296,19699800
2024-08-30,162.7892303466797,163.06821666334946,161.10533887588517,162.03196874119254,22123800
2024-09-03,156.79100036621094,161.26477038522722,155.91417750545756,161.13523558890284,38945300
2024-09-04,155.88427734375,158.42505964289654,155.3960589028362,156.09352467815137,19353800
2024-09-05,156.6714324951172,158.87343271753585,155.41597886981896,155.73482906151818,18688700
2024-09-06,150.374267578125,157.25928448946016,150.00561037278717,156.73120219936595,37912100
2024-09-09,148.368896484375,153.04812579911544,146.88230875795676,152.16016788537544,39260500
2024-09-10,148.31900024414062,150.92301391041104,147.9997269680091,150.10488755816476,31118800
2024-09-11,150.8132781982422,151.15249466457212,147.18162811030237,149.57611698577008,29607700
2024-09-12,154.33517456054688,154.46488123819847,152.29984538660895,153.4472166512295,29695000
2024-09-13,157.09881591796875,158.0167037423396,154.85397709703722,155.0734584425326,29591200
2024-09-16,157.6974334716797,157.88700007819574,156.2407910010188,156.949153850456,18379800
2024-09-17,158.95455932617188,160.18173369132347,158.01671306098063,158.65524442097214,20715600
2024-09-18,159.44342041015625,160.13184010247764,158.23620447115354,159.493308763357,23677300
2024-09-19,161.76808166503906,163.41429079540828,160.96991366518583,163.3344876968325,26587700
2024-09-20,163.21475219726562,163.35443045510996,161.68826294232812,163.12496229374892,40896400
2024-09-23,161.47874450683594,165.1103942398001,161.29914948564644,163.97300985155823,24150900
2024-09-24,161.917724609375,162.84559924653018,160.32140390143587,162.65603264196153,23332100
2024-09-25,161.11956787109375,162.43653204188453,160.93000127122684,161.09960948590057,18869200
2024-09-26,162.35671997070312,163.70362938299246,161.90775524120266,163.26463623457852,20319300
2024-09-27,163.5739288330078,165.31991468714682,162.25696456225583,162.4365443712631,21101300
2024-09-30,165.46957397460938,165.76887364583845,162.88550343062403,162.9453785886578,20413900
2024-10-01,166.60696411132812,168.7719847422779,164.2024885113937,167.30535540779766,28338100
2024-10-02,165.47955322265625,167.13574919120185,164.3521403294987,166.03826626655388,17760200
2024-10-03,165.47955322265625,166.25776285148348,163.54400073216186,164.0328822574666,15073100
2024-10-04,166.67678833007812,167.84410270815644,165.10041077348518,167.6744944881404,19047400
2024-10-07,162.6061553955078,168.09353960289477,162.37668722767793,167.3352883566198,22463100
2024-10-08,164.00294494628906,164.35213297119705,162.49639888774195,163.5639517960843,23072700
2024-10-09,161.4887237548828,164.46188392429227,159.37359151374716,163.07507293573457,31181800
2024-10-10,161.70822143554688,162.69595604624766,160.0320671165202,160.50099024469034,14144100
2024-10-11,162.8655548095703,163.52402928799188,160.87014254138842,161.75810039177787,15344300
2024-10-14,164.5816192626953,165.84869515872447,163.02518482340258,163.26463978878337,19016100
2024-10-15,165.08047485351562,167.29536861569628,164.25237687914083,165.40970450318616,20247200
2024-10-16,164.78114318847656,165.41967448375283,163.36440235282572,164.1525834736406,16406000
2024-10-17,162.55625915527344,165.9883708197769,162.3866509330354,165.3498394792033,21453400
2024-10-18,163.04515075683594,164.3322003226238,162.7059342913527,162.81568258592537,19757700
2024-10-21,163.69366455078125,164.12267091200812,162.24697837282997,162.57622324771475,20946500
2024-10-22,164.76119995117188,165.38975972379467,162.60615092256947,162.60615092256947,16568100
2024-10-23,162.4066162109375,165.43965162521155,161.5585598399715,164.38207025094962,18280500
2024-10-24,162.34674072265625,162.95534206352698,160.64065656258018,162.45648900457678,22412500
2024-10-25,164.89089965820312,165.21015770980458,163.04513719135548,163.29456372883286,19828900
2024-10-28,166.3375701904297,168.3629124526984,163.5739198981752,168.3629124526984,32138600
2024-10-29,169.29078674316406,169.9891932870904,166.7067312467614,167.3452626285711,42169000
2024-10-30,174.059814453125,181.6024702004282,173.660722875302,180.26553244445503,68890800
2024-10-31,170.71751403808594,176.41442332366287,170.60776574356834,172.73288489023227,44769000
2024-11-01,170.89707946777344,171.924730806551,168.49261922011235,169.67989197256162,31796500
2024-11-04,168.851806640625,170.33837916949005,167.62461702535575,169.540211146429,21492700
2024-11-05,169.35064697265625,170.13882813078655,168.45270230555178,169.04134527892143,18242100
2024-11-06,176.10511779785156,176.53413938489027,173.1020275837351,173.40134249175,33695500
2024-11-07,180.33538818359375,180.66463304281666,176.783556694456,177.00305326727127,25352900
2024-11-08,177.94090270996094,180.48504128160124,177.6715177795822,180.23561473741785,22006200
2024-11-11,179.93630981445312,180.13584799922145,178.06061738529806,178.1703656704888,17450400
2024-11-12,181.20339965820312,182.07141442586757,178.97851903978543,179.40754063277615,25134900
2024-11-13,178.4696807861328,180.54491140269107,178.13044912542955,180.04605832824305,23184000
2024-11-14,175.17726135253906,178.40983501207117,173.92015698572658,177.87106512358804,31007500
2024-11-15,172.09434509277344,173.7405542062273,170.8272539769183,173.3314910172349,32504600
2024-11-18,174.8979034423828,175.03758170425652,172.50339937967658,173.02221087683125,20206600
2024-11-19,177.71141052246094,178.4596901179334,173.16187301779436,173.32150965187077,23434900
2024-11-20,175.5763397216797,177.27243728365775,173.38138904007343,176.93322081601997,18997100
2024-11-21,167.2454833984375,173.73057324168968,163.32449039222482,173.50108987072463,59734400
2024-11-22,164.38206481933594,166.0781775052239,163.52403689515066,165.4695761261647,38604600
2024-11-25,167.26544189453125,168.24320495243438,165.23012790175193,165.7090226252667,33135300
2024-11-26,168.73207092285156,169.43047745533647,167.19561004372002,167.24549839943876,20486700
2024-11-27,168.84181213378906,169.09123867813173,167.6345961844918,168.61234397565445,19266500
2024-11-29,168.5624542236328,169.0413489221372,166.7765668794217,168.1134894922982,14257200
2024-12-02,171.0966339111328,171.6852768885628,168.18333376692627,168.38287195306333,23789100
2024-12-03,170.9469757080078,172.28389835489799,170.45810941593857,171.0966407714524,22248700
2024-12-04,173.9700164794922,174.50878632573773,170.6676115592613,170.75740145903967,31615100
2024-12-05,172.24400329589844,175.65615678272883,171.93471679976247,174.95776546503646,21356200
2024-12-06,174.30926513671875,174.6784115765489,171.4657962428472,171.6354044780067,21462400
2024-12-09,175.1682586669922,176.05723424799297,173.45023604553785,173.75989224042516,25389600
2024-12-10,184.9569854736328,186.14561898038454,180.8417298459591,182.6396622409938,54813000
2024-12-11,195.1752166748047,195.3849818086967,184.637364997593,185.0968273042346,67894100
2024-12-12,191.7391815185547,194.9554633024938,191.48946911126617,194.77567768503926,34817500
2024-12-13,189.6016387939453,192.50827955283287,189.42183794011777,190.7902570178538,25143500
2024-12-16,196.43377685546875,198.77108139081074,192.39841571324646,192.648128127054,44934900
2024-12-17,195.1951904296875,201.18828813489583,194.7556941593745,197.02308705872431,43504000
2024-12-18,188.18325805664062,196.77337069091053,187.52402890568504,194.99541962680925,34166100
2024-12-19,188.2931365966797,192.8079411518366,188.16329650997008,191.40955777871685,32265200
2024-12-20,191.18980407714844,192.66809720587494,185.00692266360085,185.56627599656574,63462900
2024-12-23,194.40611267089844,194.87557322669755,189.93125525567427,192.3984151157297,25675000
2024-12-24,195.8843994140625,195.8843994140625,193.55707797257898,194.61585613024195,10403300
2024-12-26,195.375,196.52367101490134,194.1564021929594,194.92550545907343,12046600
2024-12-27,192.5382537841797,195.09532170060632,190.43068040496257,194.72573696465102,18891400
2024-12-30,191.02000427246094,192.32849481864238,188.90243274221342,189.58165840021294,14264700
2024-12-31,189.08224487304688,191.73918864322025,188.29314510160168,190.8601960597075,17466900
