Price,Close,High,Low,Open,Volume
Ticker,RELIANCE.NS,RELIANCE.NS,RELIANCE.NS,RELIANCE.NS,RELIANCE.NS
Date,,,,,
2015-01-01,197.2161865234375,198.12686301275517,196.27219368648883,196.8608121487067,2963643
2015-01-02,196.6942138671875,199.0264323161827,196.4165776393517,197.26060659900745,7331366
2015-01-05,194.53970336914062,197.8825474435644,194.15099781127083,196.5720599270736,10103941
2015-01-06,185.7106170654297,193.90667590872312,184.7999405657226,193.24033412146593,18627980
2015-01-07,189.75311279296875,190.75263285341046,185.91052366367228,185.93273456159167,20720312
2015-01-08,187.03221130371094,191.6633171524148,186.6101893989666,191.04138233119403,19872227
2015-01-09,191.08578491210938,191.4633849812264,187.68742877115756,188.4426140823578,13392787
2015-01-12,188.86463928222656,191.2412793948599,186.93224676337402,191.1302249099317,10100113
2015-01-13,187.2765350341797,189.8974952847062,186.6879313761548,189.4643679216596,9948711
2015-01-14,185.45518493652344,188.1316722638712,184.6222466126903,187.24320669538713,11380041
2015-01-15,191.96315002441406,193.48464096211399,186.57685918874574,186.57685918874574,16927085
2015-01-16,193.17369079589844,194.3508980149175,189.2533487793644,191.019159607893,19136963
2015-01-19,195.38372802734375,196.79414962360164,190.7415171680115,193.2847389784686,13339962
2015-01-20,200.5812225341797,201.1365097694388,195.2060225251874,195.79464093197362,13361320
2015-01-21,201.40306091308594,202.43589735100488,198.13796985999872,201.01437018798157,17084297
2015-01-22,196.29440307617188,201.50300659270613,195.350410317783,201.04766838594088,23721627
2015-01-23,196.9940643310547,199.41511140472045,194.7951262267036,197.68261696296412,18080494
2015-01-27,197.47161865234375,199.17079679353517,195.5725276064605,198.32675303380165,17939876
2015-01-28,201.42527770996094,202.0805288912518,196.8163826768748,196.8163826768748,19298126
2015-01-29,206.43397521972656,207.56676068757196,201.4363748297793,201.48079662639796,36117653
2015-01-30,203.29104614257812,206.84489369620476,201.90282050351152,206.56724263757744,21746801
2015-02-02,201.6918182373047,204.32388386454568,201.16984729158995,203.4687346117875,19302710
2015-02-03,208.2553253173828,208.97719432951618,202.83570310726026,202.83570310726026,17092333
2015-02-04,206.3007049560547,209.63242858595154,205.6565740932668,208.5884867360064,14072894
2015-02-05,205.16790771484375,208.766161911204,203.81299854680657,207.89992212039152,12365643
2015-02-06,202.10275268554688,206.5672623314727,200.5701560599362,205.25678953934798,9045844
2015-02-09,199.1707763671875,203.9018304965206,198.12683463686,200.17029630703576,8839692
2015-02-10,195.90570068359375,200.9032859353634,191.30791157650117,199.45954798107257,13651008
2015-02-11,200.0592803955078,200.95885148018473,196.12783256398325,196.79417437665268,9781008
2015-02-12,201.9361114501953,203.00226409947075,197.07179184125525,201.68068614925983,8709626
2015-02-13,203.79080200195312,204.5237764653413,201.91392180678787,203.01339091538753,7393680
2015-02-16,200.5257110595703,205.2789766910055,199.90377625939132,204.05733281575763,12266698
2015-02-18,200.270263671875,201.6807001298251,198.65992913846623,199.90376903983318,9835036
2015-02-19,200.35910034179688,201.59184957898992,197.13843138620138,201.44746392466615,9550637
2015-02-20,193.92889404296875,199.01533829945924,193.52908302488325,198.84874172615278,18717199
2015-02-23,189.12008666992188,194.7396069199503,188.15388295996263,193.2292213859609,14104463
2015-02-24,186.89891052246094,190.3083869065349,185.91051080636987,189.7419942217268,19946218
2015-02-25,187.2765350341797,190.2417790506223,186.8100913222092,188.5314953247542,15274116
2015-02-26,187.02110290527344,188.79801926450358,185.82166990643393,187.93176456984756,21459750
2015-02-27,190.03076171875,191.24130021737378,187.59860892587176,188.25384528532476,18659378
2015-03-02,191.96315002441406,194.46195009195293,190.0307426619128,193.01819729437113,14579511
2015-03-03,200.0814971923828,201.33644270638692,192.66284895516475,193.0182233579773,20636925
2015-03-04,197.20509338378906,202.0472178120921,195.4725987177289,201.23649031506176,14476047
2015-03-05,196.5609588623047,199.62615194175802,195.0505732219783,198.23792624813322,10716702
2015-03-09,193.16256713867188,198.07132365995218,191.9409381461346,196.59425452415547,14065391
2015-03-10,190.8303680419922,194.52858627756262,189.99742972884013,193.00709531253403,15234060
2015-03-11,190.11961364746094,193.15147544769064,189.33109709149016,191.23018823378544,11635873
2015-03-12,191.8632049560547,192.662826925022,190.04185204175943,190.57494323909393,11782380
2015-03-13,188.8202362060547,193.15148016388355,188.1316835042095,193.0182147687591,12936157
2015-03-16,187.04330444335938,189.67536991628825,186.64349346375434,189.13118810381044,13839990
2015-03-17,190.3195037841797,190.9969509915878,186.79897270676707,188.9201727468946,19070082
2015-03-18,192.9404754638672,193.7400974838868,189.84196608360313,190.3528315888836,9269885
2015-03-19,190.16404724121094,194.72850581220428,189.70870896370553,194.47308046194098,13934612
2015-03-20,189.70870971679688,191.27462265573536,188.48706572957988,190.55273874805349,10405717
2015-03-23,187.00999450683594,191.90763098699634,186.15484527490415,190.2417691464201,13251683
2015-03-24,188.34266662597656,189.75310305256104,187.04329951032224,187.04329951032224,9238431
2015-03-25,187.6652374267578,188.68696843056006,186.79898271530604,188.57591393602402,10264941
2015-03-26,184.20022583007812,188.63143342308643,183.0452294803486,186.82118592848036,20621346
2015-03-27,180.29098510742188,185.4662720681035,178.0142941664154,185.22193738873625,23326922
2015-03-30,180.0800018310547,181.62370386153347,176.90375417013334,181.3793839616331,17330588
2015-03-31,183.46725463867188,184.99985110863605,181.6903234593908,181.6903234593908,20235395
2015-04-01,185.6995086669922,186.3547449945065,180.60195923189647,183.22291936898867,14588531
2015-04-06,183.16737365722656,186.13261724639432,182.4455047075232,185.68838449771786,12334096
2015-04-07,184.98875427246094,185.71062333075702,183.47836863056293,183.47836863056293,21275454
2015-04-08,192.3296356201172,193.12924270794733,184.9998323176791,185.13309769447855,24821205
2015-04-09,198.8154296875,199.68168444096094,190.75265058764782,192.240825367706,27276420
2015-04-10,200.86997985839844,201.85839447622342,197.48272894174693,198.78209613243882,25323219
2015-04-13,204.90138244628906,205.40114249428626,199.6261457324493,201.41416755966338,20177342
2015-04-15,205.1568145751953,208.69954174283745,201.50301809131997,204.56819612837364,22231264
2015-04-16,206.2007598876953,208.34417087333176,204.12398159669607,205.34561065244802,20177302
2015-04-17,205.86756896972656,209.74347425947857,204.92357619948754,207.6889069926174,23958678
2015-04-20,196.71641540527344,208.22198633409994,195.1282917765139,208.18866998834488,37628162
2015-04-21,194.67295837402344,198.90426783291093,193.78450763820638,197.71594032381074,17707007
2015-04-22,195.4059295654297,196.96073674298466,192.57395140611536,195.88347864923134,14761313
2015-04-23,194.80625915527344,197.5493794484343,193.02932784195957,196.3166448407758,13337818
2015-04-24,195.21714782714844,196.44989717988176,192.94047141374907,194.79514075397847,12709854
2015-04-27,194.41754150390625,197.12734527869318,193.56239225045044,195.47258884553008,11042925
2015-04-28,192.17417907714844,195.905713799873,190.69710985154111,194.28427373457748,14687371
2015-04-29,188.7980194091797,193.36249249292646,188.2205212213115,191.46340136358492,16387960
2015-04-30,191.5411376953125,192.3296542384412,188.3426793803007,188.79801762214427,34802149
2015-05-04,197.8936309814453,198.5488672536227,191.13022026233799,192.39627101380162,15078502
2015-05-05,198.16017150878906,200.30358242959693,196.59425875107183,198.50445524770316,17846755
2015-05-06,195.51699829101562,199.18190013181035,193.68453995710115,197.68262008416238,22438208
2015-05-07,193.40692138671875,195.11720511458634,191.01917557586822,194.35091426140465,16735535
2015-05-08,197.61599731445312,198.5155683536155,191.26350244839327,193.46244069787014,17104443
2015-05-11,199.00421142578125,199.78160765172268,196.2166548760661,198.31564396125228,14214007
2015-05-12,192.95155334472656,198.77097116282815,192.1630517139295,198.77097116282815,16650201
2015-05-13,196.59425354003906,197.3827700358992,190.39723536605348,193.98439901302186,16701434
2015-05-14,195.06167602539062,196.83860726144948,193.30697051546616,196.7941706362161,12329713
2015-05-15,194.11767578125,197.0051815165746,193.2625413714079,195.88350150064082,8331715
2015-05-18,198.02691650390625,198.57109834921138,193.72898898822737,194.32869808029474,9847540
2015-05-19,198.91537475585938,200.95883666934063,196.9274400870885,197.96027649277124,14513036
2015-05-20,201.8695068359375,202.34705598765171,199.39291748207742,199.9926414043494,8708891
2015-05-21,199.18190002441406,203.32435098157575,198.59329641972016,202.40256909079497,10759523
2015-05-22,200.75892639160156,201.14763193670163,199.2374353854988,199.2374353854988,8349048
2015-05-25,198.68215942382812,201.68071981052367,198.20461025881946,199.90378854713268,6617337
2015-05-26,196.48321533203125,199.01533192947844,196.06119342795085,198.79320811452467,9510249
2015-05-27,196.63868713378906,197.8825419188379,195.5059016671987,196.79416342178206,8078236
2015-05-28,194.52857971191406,198.6266087925639,193.68453597846204,196.76083415105265,26538868
2015-05-29,194.79513549804688,196.89412466610852,193.92888082242203,195.439266366751,29277517
2015-06-01,200.40354919433594,200.99216768529493,195.01725779396997,195.4614906111095,19594976
2015-06-02,199.6039276123047,204.0795421566124,198.00469848197892,201.1809458447246,20178960
2015-06-03,199.0930633544922,202.22488894063395,197.34946337708465,199.68166697964205,15546279
2015-06-04,202.7246551513672,203.50205143356482,198.24902561618677,200.83666945211766,15931395
2015-06-05,201.6251678466797,203.66862965287007,200.89217860091833,202.1027169531503,13066337
2015-06-08,196.67201232910156,202.12495120070037,196.15004136889337,201.41417276954311,10846953
2015-06-09,196.28330993652344,197.82699699916586,194.8728734346368,196.24997876254113,9153355
2015-06-10,201.19207763671875,202.10275422416748,196.57207682406948,196.79418583220985,13509379
2015-06-11,194.82846069335938,202.01389409749137,194.051049574382,201.23648297851403,14676438
2015-06-12,197.64932250976562,198.2823479694621,195.07278404516092,195.23938061763363,21543824
2015-06-15,200.29248046875,201.0143643054601,197.68262582710622,198.77098947961855,12858570
2015-06-16,200.7811279296875,201.0143571766887,198.3933971790309,199.681658867203,13929305
2015-06-17,206.83377075195312,209.31035986344986,198.57107996610367,201.02545818095172,26232634
2015-06-18,217.4397735595703,218.11722074410065,207.12251537767554,207.1336208261591,49366799
2015-06-19,221.37123107910156,223.53685294072716,218.22830005208945,218.22830005208945,45710935
2015-06-22,220.27175903320312,224.04771542938198,219.11674787233054,221.43786081588513,19394187
2015-06-23,221.00474548339844,222.71502917932762,220.1162798735755,220.48277453235863,16007498
2015-06-24,220.0940704345703,223.54796902471443,219.1500775712513,221.0047469493276,18603004
2015-06-25,223.1259307861328,224.11434537519565,218.78358172510846,219.22781450045477,27175118
2015-06-26,222.2707977294922,225.24713213604173,221.09357567836653,222.09309572207704,20966796
2015-06-29,220.0829620361328,220.74931865250903,215.89608900669626,219.42772569616355,20168946
2015-06-30,222.1375274658203,222.74834200276948,219.449934607023,219.87195650636235,23184864
2015-07-01,223.37026977539062,224.43642252588748,222.33743337165714,222.33743337165714,14824266
2015-07-02,224.5252685546875,226.50209779224582,223.69233022249188,224.11435211311053,15931202
2015-07-03,223.7145538330078,225.18051767091646,222.79277185609908,224.2809465933532,13831096
2015-07-06,225.56919860839844,226.31327848226755,221.04914764178062,221.24906054109866,12237733
2015-07-07,222.8372039794922,225.80243311738084,222.11532011127815,224.55859312509392,11294999
2015-07-08,221.36012268066406,224.04771543614962,220.26065359101244,221.19352612096552,15190654
2015-07-09,219.31668090820312,222.3374522332169,218.37268801575684,221.2268627657863,16245867
2015-07-10,222.51513671875,223.00379133381168,219.94970369643505,220.13849634180875,16110573
2015-07-13,223.67013549804688,224.89177946207346,221.03806974966935,222.51513906012445,9860248
2015-07-14,221.6266632080078,224.66964528748386,221.04916501565228,224.09214709512833,9942927
2015-07-15,224.59188842773438,225.31375740126933,222.0153502619765,222.05977205560734,13532911
2015-07-16,227.3794403076172,228.29011677194654,224.5918984971356,224.780691128531,14854295
2015-07-17,226.93521118164062,229.03420036676692,226.11339312234634,227.72372772071597,10195142
2015-07-20,227.61265563964844,228.76765190925545,226.09116475153843,228.29010280848902,6348354
2015-07-21,223.84780883789062,228.4344927831357,222.72612881894182,228.33454374072076,7923338
2015-07-22,233.3099365234375,234.0984382517536,223.13704841127867,223.2258920057892,17309440
2015-07-23,232.17715454101562,237.18584570040346,231.26647802947772,233.9984927370561,18642915
2015-07-24,227.6793212890625,233.14335087776163,226.8019610981028,232.7768710332388,13099664
2015-07-27,223.30364990234375,228.75658909513038,222.504042653988,227.64601441144737,20118553
2015-07-28,224.39199829101562,225.82463084033645,222.13751804936166,223.9588709607655,13382878
2015-07-29,221.22683715820312,224.9361755994433,220.36059734210482,224.2253972363993,14790821
2015-07-30,222.1486358642578,223.89225073111865,220.40503582443228,222.13753041483923,11701228
2015-07-31,222.5262451171875,223.8700490331729,219.89417936162772,222.1153286447758,16634259
2015-08-03,222.6595001220703,225.19161671055716,221.9820528842809,222.33744209072813,9887787
2015-08-04,219.44993591308594,223.37027814541983,217.67301953801893,222.87051809820798,12006872
2015-08-05,219.3944091796875,222.2930204257047,218.5836817221005,219.50546367331992,14345010
2015-08-06,217.4397735595703,220.33838457597997,217.11771555354747,220.11626077927502,8708037
2015-08-07,218.6392059326172,220.78261679274186,217.0399620468316,217.45087846673388,8608888
2015-08-10,215.20753479003906,219.62762222488774,214.23022559819506,218.67253875866461,9288894
2015-08-11,214.5634002685547,216.26257846268118,212.78646910366032,215.67397483309625,8762464
2015-08-12,209.4325408935547,214.56340680662845,208.91056994269283,214.03033040632346,9650325
2015-08-13,207.31134033203125,211.88691893687025,206.43398017368838,210.34321698622196,9340350
2015-08-14,214.77438354492188,215.896063452776,207.5223183850373,208.84391118495623,12739366
2015-08-17,211.16502380371094,214.56339493451534,210.1321874085787,214.56339493451534,10857430
2015-08-18,209.69908142089844,212.3422526463148,209.27707432245734,212.3422526463148,6630334
2015-08-19,212.03128051757812,213.45280763546435,208.6662257007065,209.67685120795812,8877298
2015-08-20,203.5242462158203,213.21958445255618,202.9578535163034,213.21958445255618,19008087
2015-08-21,201.6696014404297,202.54696156619502,199.23743397232695,202.12493967682556,20050521
2015-08-24,184.2557373046875,195.46146057805998,181.6903046708433,195.46146057805998,35635706
2015-08-25,188.38711547851562,191.16356693692165,182.8453476657604,186.76567529963268,49504268
2015-08-26,189.55319213867188,194.30645717068793,186.5768432097059,188.30933752220722,18955515
2015-08-27,193.051513671875,195.73910636585686,190.36392097789314,192.5295427611048,26997546
2015-08-28,193.7733917236328,196.12780606288254,192.37406076177473,194.35088986018528,10770215
2015-08-31,190.10848999023438,193.87334073923836,189.64204633632676,193.87334073923836,20708942
2015-09-01,186.54354858398438,189.66426869554462,185.48850128155752,189.66426869554462,21645696
2015-09-02,188.69805908203125,190.3750262991212,187.15435724793366,188.79800811927555,19652369
2015-09-03,189.65316772460938,191.1857641942512,187.5541785191255,189.69758952137857,11659978
2015-09-04,185.66619873046875,188.73139176686212,183.26734749375882,188.73139176686212,16199949
2015-09-07,185.06646728515625,187.46531823225527,183.8448383287168,186.18814720776527,10234633
2015-09-08,188.487060546875,189.45326432921152,183.26735089393625,185.6884130746527,12900468
2015-09-09,194.13987731933594,195.1727136924541,188.9090627621935,191.2412811016704,17340694
2015-09-10,192.57398986816406,193.35140102572743,190.01966222151265,191.24130620810703,11074406
2015-09-11,191.23019409179688,194.59523430182026,190.1751467197655,193.6845577754045,10634833
2015-09-14,191.87429809570312,192.28521450264358,189.22002186329874,191.40785444823467,7964072
2015-09-15,192.57398986816406,193.2403465252287,190.04187312161238,191.4634152091045,11509788
2015-09-16,193.8067169189453,194.8728696546582,192.1741714690746,193.70676788004118,13424811
2015-09-18,198.88206481933594,199.79272648897327,194.8284572085451,195.1171988903458,34261453
2015-09-21,195.03945922851562,197.282819277816,194.58412098372034,195.4614811256699,12732187
2015-09-22,188.33157348632812,196.54984306431484,187.57638811944304,195.46147939693157,15745524
2015-09-23,188.87574768066406,190.3083950397155,186.57686049860945,187.2432022456198,15221260
2015-09-24,185.98826599121094,188.3537859809895,185.41076780527825,188.3537859809895,29076982
2015-09-28,185.29969787597656,186.77676709709064,184.06696336370348,186.5324472152846,11624639
2015-09-29,186.74343872070312,188.8535332357939,183.48945336040572,184.35570799417093,15853471
2015-09-30,191.530029296875,192.085316572443,186.243687316491,189.02013852136568,17292020
2015-10-01,192.06312561035156,194.11769319132446,190.708231041225,194.11769319132446,8663393
2015-10-05,197.2384033203125,197.68263612904587,191.43009011222222,191.64110848056418,16015412
2015-10-06,199.4706573486328,200.014839161058,196.73862801079116,198.93758098488908,12330294
2015-10-07,202.96896362304688,203.91295641958493,197.9047455566079,198.72656359002735,11515191
2015-10-08,197.48272705078125,203.21330179326694,196.84970163504317,203.21330179326694,10753149
2015-10-09,197.09402465820312,201.11431584938148,195.79465745920734,198.58219931896664,9327873
2015-10-12,198.0713348388672,200.25916763119508,197.23839649792367,197.23839649792367,6212395
2015-10-13,198.4822540283203,199.0819631181939,196.10561374041455,196.58316288785807,6162561
2015-10-14,200.55902099609375,201.0143592191187,198.5599809250708,198.97089735336493,8002587
2015-10-15,200.72561645507812,202.34705655475435,199.92600926819992,201.61408206452973,9048478
2015-10-16,203.1910858154297,203.1910858154297,200.7256020806302,200.9032892589818,15246935
2015-10-19,214.0081329345703,214.45235094016584,209.01053210125838,209.01053210125838,33505855
2015-10-20,212.4977264404297,214.71887555920125,211.67589355642613,214.34127546435894,18091895
2015-10-21,212.12013244628906,216.51800901410505,211.67589964435138,212.23118694001468,14404450
2015-10-23,212.2644805908203,216.1292951754911,209.04381165495042,214.1080442976752,12153422
2015-10-26,209.42141723632812,213.89703158906272,209.0771335064893,213.6527117225561,10938775
2015-10-27,208.6884307861328,210.6208381553256,208.210881668148,208.52184905673144,11601798
2015-10-28,208.11094665527344,209.87677241406527,206.54503381226974,208.09984120589826,11958727
2015-10-29,209.01051330566406,209.8989788910309,207.66670947847254,207.89993873747292,13280382
2015-10-30,210.49868774414062,212.3200258824354,208.81061499539632,209.25483296056464,13366359
2015-11-02,213.186279296875,213.5638793920505,209.94339920828148,210.78742816410136,7222044
2015-11-03,214.82992553710938,215.5518093644709,213.508347473474,213.95258025330392,11373522
2015-11-04,211.2982940673828,216.56244003105672,210.165508606643,215.007632678052,10033187
2015-11-05,208.033203125,211.23166142447076,207.23359596364972,210.78742863392736,10767454
2015-11-06,211.54261779785156,212.06458870479767,208.32194876810485,208.6662176718766,8367190
2015-11-09,213.5083465576172,214.34127004257024,205.11237522621246,207.34464456460643,17031699
2015-11-10,204.95692443847656,213.11966753401254,203.52427688754287,212.5643801992922,11486238
2015-11-13,207.2447052001953,208.4663342762392,203.124464897076,203.24662483927335,13682323
2015-11-16,207.5223388671875,209.2326225179144,205.40113877075024,205.67878982661992,15346549
2015-11-17,206.06748962402344,208.544079029495,205.72322068510368,208.35528638557128,8588142
2015-11-18,202.5691680908203,206.8559899319474,202.11382986425502,206.03415706896917,11249222
2015-11-19,207.62228393554688,208.49964405594133,203.7352730170156,204.10176765909748,12183206
2015-11-20,210.30987548828125,211.6314683856384,205.5788208237603,207.455700991956,11304265
2015-11-23,211.84246826171875,212.7642501566092,210.16550102924114,211.00954478333938,10499517
2015-11-24,214.9409942626953,215.80724898209482,211.24277577146725,211.67590313116702,14806176
2015-11-26,219.5942840576172,220.32727329218625,215.06314258006432,215.6739570575161,23805828
2015-11-27,217.4619903564453,220.44944504177525,216.3625212726768,219.67203397276722,10891864
2015-11-30,214.80772399902344,218.6503280744088,213.74157121179127,217.3398405754586,29919205
2015-12-01,214.54119873046875,217.40647885966843,213.50836226459907,214.1191768190424,12981379
2015-12-02,217.2176971435547,217.60640272576677,214.23024209155724,214.61894767376933,7573628
2015-12-03,217.05108642578125,219.66094117571083,216.3625337344281,216.5402209252198,11361395
2015-12-04,214.44122314453125,216.82896881097722,213.54166694990084,215.96271413626013,13443688
2015-12-07,211.46487426757812,216.11819051743453,210.9540088221639,214.44120852722452,14483909
2015-12-08,208.98829650878906,211.8091546462144,207.92214376725443,210.7652128023353,7532164
2015-12-09,203.43539428710938,209.5546740731378,202.7579471305673,207.9443396284514,9174419
2015-12-10,211.08729553222656,211.85358636426832,204.34609502658088,204.90138232101214,18592203
2015-12-11,211.66477966308594,213.00858342601234,209.43252518431618,211.3982488964432,18155513
2015-12-14,212.142333984375,214.00810870477991,210.12108297961453,210.47647217089036,10563900
2015-12-15,216.7623291015625,217.21766732214934,211.8202561938809,212.56435090570608,15718833
2015-12-16,217.37315368652344,219.34998294129852,216.22926277119825,216.76233915687644,12097338
2015-12-17,224.26983642578125,225.44705854743376,217.22878872992098,217.68412698396014,19369032
2015-12-18,220.31617736816406,224.11434460237453,219.89415549168862,222.9593482866775,16016139
2015-12-21,220.36061096191406,221.89320744147045,218.6392218448673,219.42772356965625,12331769
2015-12-22,219.29446411132812,222.69282064030497,218.56147478599436,220.51609321750377,11579277
2015-12-23,222.9593505859375,223.64790323758172,219.8941577593389,220.29396874259837,12919467
2015-12-24,222.23745727539062,223.71452638172568,221.2934793420045,222.98155196623006,11901877
2015-12-28,224.42532348632812,225.16940341232802,222.1153159095904,222.24858130044979,12885935
2015-12-29,225.53590393066406,226.26887842649117,223.70344545054323,224.42532932387857,14913870
2015-12-30,223.1148223876953,225.66914969189096,222.55953513261227,225.4470407206714,8151610
2015-12-31,225.3582000732422,226.49100039687863,221.9154217856925,222.87052009130844,18483713
2016-01-01,225.5247802734375,226.3132819532408,223.93665663816614,224.29203099434375,5416562
2016-01-04,221.0713653564453,225.1805000297247,219.16116885424088,223.22588173230943,30170947
2016-01-05,223.2592010498047,224.33645925207267,221.4489683897689,222.1819428475367,14946239
2016-01-06,229.26742553710938,230.64454568015083,222.20415246675108,223.80338158752446,26759864
2016-01-07,225.05833435058594,228.3345306260016,223.90333805050435,226.7908288007083,19739943
2016-01-08,227.83477783203125,229.42290150170416,225.82463227822146,226.55762155778405,21313199
2016-01-11,233.57644653320312,235.61990833334505,224.55857043281637,225.65803947117016,29016443
2016-01-12,232.21047973632812,236.64167286447437,231.24427594057278,234.33167997621376,23373377
2016-01-13,239.1848602294922,242.0501548501821,232.59913664284787,233.909624022017,71802356
2016-01-14,235.8087158203125,240.10665803676952,233.8985341066997,236.2973704045006,27823189
2016-01-15,238.39634704589844,241.99461613047055,236.6860635046685,237.6078453794548,28767318
2016-01-18,225.85794067382812,240.7618825181927,223.91444270869763,238.77394793210755,27254669
2016-01-19,231.79954528808594,233.17665062351767,225.24713760112027,228.55666520525023,21489315
2016-01-20,223.1259307861328,229.86713090321356,219.8941562499571,229.86713090321356,45114225
2016-01-21,218.6058807373047,227.83477554310466,216.94001894226994,226.01343746543628,31768619
2016-01-22,223.03709411621094,224.55858511748687,220.79373409949767,220.79373409949767,23682648
2016-01-25,222.99267578125,226.27997771397833,222.1153156384268,224.33646479151162,13099564
2016-01-27,221.97093200683594,224.33645186352274,221.43785564773412,223.91444481730252,17251028
2016-01-28,225.86904907226562,226.95742751863833,221.47117280041078,222.33742744724518,23074633
2016-01-29,229.9781951904297,230.9999261691553,226.11339508618303,226.3243986206228,19177163
2016-02-01,228.8454132080078,231.3997406937555,227.79036586565783,230.98882424075876,9918809
2016-02-02,222.37075805664062,229.40070023876143,220.0052232125685,228.84541294484922,14771279
2016-02-03,217.98394775390625,220.78260963628105,216.56242074356052,219.44991138366922,15691478
2016-02-04,216.1293182373047,222.33744235958844,214.49677269880084,219.44993656116264,18203784
2016-02-05,215.65176391601562,218.11723292518678,213.54166927816436,217.47310205013463,20998404
2016-02-08,213.46392822265625,218.7391647453269,212.77536073354673,215.69618277019939,12078110
2016-02-09,212.6754150390625,215.1853206769359,211.00955318890985,211.65368406530996,19603494
2016-02-10,213.81930541992188,216.11820751864883,210.70969070991205,211.38715275903834,16883350
2016-02-11,205.35671997070312,214.55229889052094,203.3465743364677,213.8637313788933,17114833
2016-02-12,201.35862731933594,207.4334856487783,197.26059815560936,207.4334856487783,29319458
2016-02-15,210.2876739501953,211.30940494633984,203.9018626378096,203.9018626378096,19283523
2016-02-16,206.6894073486328,212.7864617950913,205.90089083521124,211.25386539017563,13024856
2016-02-17,211.5870361328125,212.66429427461972,203.5464543113697,207.70001060201764,15442221
2016-02-18,208.8106231689453,215.163118243929,207.89994665063352,213.88594706297263,14433087
2016-02-19,209.7545928955078,211.620367656439,208.19978553707682,208.78840399470585,10235503
2016-02-22,213.74156188964844,215.07426022908177,209.69905990310525,209.69905990310525,12770834
2016-02-23,210.93182373046875,214.8299403237963,209.3992272067329,213.9192638038151,18989787
2016-02-24,211.59815979003906,212.90863245948935,209.23262495760966,209.87677067008704,15186204
2016-02-25,209.69908142089844,212.46442742289952,208.97721234652897,211.94245644779164,24826958
2016-02-26,211.08729553222656,212.9530703308181,209.74349168002252,211.67589917470158,8349402
2016-02-29,214.707763671875,220.91588743085188,207.67780705353823,211.29828712554806,31032353
2016-03-01,217.9617462158203,218.7946845128438,214.26352805186028,214.274633500433,16453192
2016-03-02,222.44850158691406,223.39249445752708,219.28335948688377,220.5383049464753,20105967
2016-03-03,224.96951293945312,226.11340390377774,221.560036118672,224.33647265737767,15880459
2016-03-04,223.53684997558594,225.44704648505189,222.8927191155455,225.22492268111878,8987660
2016-03-08,228.11244201660156,228.97868190546507,223.78118326414258,223.78118326414258,13222993
2016-03-09,231.37753295898438,231.8661875641153,226.24666701862736,226.55763443172356,11854901
2016-03-10,224.72515869140625,232.3104025241902,224.11434418867674,231.45525332414834,20706353
2016-03-11,225.3359832763672,228.67882725852658,224.4697434159523,225.42484169656927,15319044
2016-03-14,226.50210571289062,227.97916014115546,224.9917201093004,226.35772004326492,11880095
2016-03-15,226.66868591308594,228.30123144930587,225.46926772872746,227.4460821949375,10487788
2016-03-16,226.94630432128906,227.84587530241808,223.3258391538766,226.77972259405556,11064129
2016-03-17,228.21002197265625,232.90450087008375,227.31155295089692,230.6808042855065,16832997
2016-03-18,230.7257080078125,231.3883217368691,228.1426210198232,228.7153908525975,14030979
2016-03-21,232.99432373046875,233.93771461871566,229.72616207630404,230.8941627027171,12708074
2016-03-22,235.36402893066406,236.35232676204137,232.62370019038252,232.92693832765096,15333442
2016-03-23,231.17494201660156,235.15063937689135,229.6475508009614,235.15063937689135,16806372
2016-03-28,229.1983184814453,231.7364835400348,228.13139221726576,231.35463198404085,18070240
2016-03-29,232.75848388671875,234.0500198712391,229.1533926254241,229.9620026781215,15871250
2016-03-30,235.184326171875,236.2400219180655,234.2072438332131,234.2072438332131,14453294
2016-03-31,234.76876831054688,237.19462827350884,231.96107182089406,233.82539248592545,30833349
2016-04-01,232.3541717529297,235.0158721288943,230.23154974432535,233.3986370268136,12381116
2016-04-04,232.4889373779297,234.09494199155657,230.2989324497089,233.60078557244256,8632568
2016-04-05,230.66954040527344,234.13985063483955,229.60261421912614,231.65785318734285,10259495
2016-04-06,232.19696044921875,232.85957421725038,229.69248672316292,231.82633936127962,6990781
2016-04-07,232.98309326171875,235.39772291706575,229.5801657643891,232.45524538301262,8789163
2016-04-08,232.78094482421875,236.84648604887346,231.62417468299952,232.67985544791964,13411752
2016-04-11,233.6681671142578,234.83618273052312,232.02847104950828,232.92693998695097,10308361
2016-04-12,235.262939453125,237.52034226653623,233.16277844866104,233.66816534790541,11164859
2016-04-13,239.4520263671875,240.3168038208451,236.41972002405012,236.41972002405012,16038542
2016-04-18,239.1600341796875,239.6204991238274,237.05987321157156,239.3958743980651,19065716
2016-04-20,232.99432373046875,240.15958429361248,232.657394129245,240.15958429361248,21687934
2016-04-21,233.85910034179688,236.29617596774642,232.477705475282,233.91525277612988,11380697
2016-04-22,233.3649444580078,235.28540269850004,231.19740051191235,233.37617494490001,11705087
2016-04-25,228.4121551513672,234.60033350168422,227.3789203451218,234.60033350168422,61157544
2016-04-26,228.4233856201172,229.9844683165149,226.30076357202046,228.0752405183282,26429236
2016-04-27,228.9736785888672,230.4449172858928,228.2099905214042,228.63676399762196,14502641
2016-04-28,223.8749237060547,228.92877799178729,222.58337267058482,227.76077731193598,61949033
2016-04-29,220.7302703857422,224.29043942286103,219.86549297159195,223.14488486337268,23479680
2016-05-02,221.6848907470703,222.90904370976978,219.67457377594076,219.8991834960789,10620873
2016-05-03,219.18043518066406,223.48183162208565,218.49536048468653,221.92074895854867,17571826
2016-05-04,219.6970672607422,220.95491186760975,218.5515275305636,218.78736777161043,13546285
2016-05-05,219.05690002441406,220.8987448625834,218.07981767370046,220.12382627055428,21665684
2016-05-06,217.64181518554688,219.40504662733804,217.20381119835682,218.55151462094358,14748329
2016-05-09,220.82012939453125,221.47151262427346,218.50658913297562,219.00074554718765,15347096
2016-05-10,220.6965789794922,221.17950487392656,219.67457476033726,220.82011432612174,7248302
2016-05-11,219.090576171875,220.29226817716295,217.8776386864702,218.28195118160514,12339923
2016-05-12,222.99888610839844,223.31335470846477,219.01195864476233,219.22533787746838,12786216
2016-05-13,219.70828247070312,222.49351818879225,219.0007468027865,222.1341276144027,14648291
2016-05-16,219.21412658691406,220.68536535474058,218.12473936818193,219.44996681213516,9327335
2016-05-17,217.68673706054688,220.82013289788478,217.05781479447387,220.17998014481,12157600
2016-05-18,218.00120544433594,218.43919443690973,216.55242764082186,216.95674016640305,8228838
2016-05-19,213.65487670898438,218.30443336997308,212.397032150735,218.2595114210338,9134784
2016-05-20,209.83639526367188,214.39610779149888,209.19624253034453,213.83456846475875,18544619
2016-05-23,208.89300537109375,211.2964044964139,207.9159230395749,210.54393189904917,18365734
2016-05-24,211.24024963378906,212.0376291748412,208.45499899846075,208.45499899846075,12283217
2016-05-25,213.65487670898438,214.01426729447346,211.3974887988864,213.35165355364433,9240115
2016-05-26,212.67779541015625,213.92442448146778,212.0601036151339,213.3853460974878,14190024
2016-05-27,218.93333435058594,219.42749073481977,213.10454710903403,213.17193002588772,13401594
2016-05-30,217.58566284179688,220.4607424862903,216.7545768150902,219.315202823297,9633652
2016-05-31,215.14857482910156,218.5515173927561,214.84535167610676,217.65304843296994,23332727
2016-06-01,214.19395446777344,217.001666232168,213.78965692849494,215.17103684231296,9042808
2016-06-02,214.78916931152344,214.9913330601045,212.28471087577162,214.396102288676,10253825
2016-06-03,215.55288696289062,216.28288362013637,214.69933995327037,215.63150037278135,8643295
2016-06-06,214.4635009765625,216.3053458581158,213.95811405890902,215.8561113764266,8672842
2016-06-07,214.5196533203125,215.8448807964498,213.74471971638866,215.01380975056068,18954268
2016-06-08,214.3062744140625,215.1822674101357,213.19441119870535,215.1822674101357,12135516
2016-06-09,218.13597106933594,219.32643267693228,214.7779505051505,215.63149750341276,15643495
2016-06-10,219.38258361816406,221.1121385768686,217.49581683681524,218.77612233151714,16316760
2016-06-13,220.37091064453125,220.8987585568603,216.31658466026698,217.85520644675594,10214469
2016-06-14,219.28150939941406,221.3367484797886,217.72042673704115,220.3372051568756,10923848
2016-06-15,221.1570587158203,221.5838172145812,218.71996810828767,220.12382394139786,11129082
2016-06-16,219.29273986816406,220.9436664256779,217.21503981414213,220.34843562553817,9372207
2016-06-17,218.978271484375,219.8205879914195,217.90011475198378,219.44996692904297,10534878
2016-06-20,222.41490173339844,222.95398009060992,217.4284306776859,218.36057607059115,10758608
2016-06-21,221.71859741210938,223.3021410296137,220.05644038716483,223.29091054283654,13933068
2016-06-22,220.23614501953125,221.44906767218038,219.47244187232587,221.24691889473067,12788710
2016-06-23,220.2248992919922,220.57304438461892,217.87765256860422,220.11259442340292,9837526
2016-06-24,213.71102905273438,216.73212008144327,209.65671820489425,216.73212008144327,24985097
2016-06-27,214.6544189453125,215.27211073399235,211.25149136699773,211.25149136699773,9163399
2016-06-28,215.1373291015625,215.97964556593894,214.50840687185516,214.82287548369573,7604977
2016-06-29,217.1813507080078,217.64181567023437,215.63149851587008,216.08073299106613,7523987
2016-06-30,217.68673706054688,219.56228836573877,217.21504161249845,218.32688981362162,12758283
2016-07-01,218.652587890625,219.40504551013825,217.8776543032405,218.49536107334825,6610193
2016-07-04,221.6287384033203,223.1785905596498,219.1130493907052,219.1130493907052,7803505
2016-07-05,223.06629943847656,225.26753495715383,220.1912196780354,221.49398621171062,11359882
2016-07-07,221.89830017089844,224.728457999554,221.5052181132038,222.9315350120541,12029091
2016-07-08,219.76443481445312,222.1453580096183,219.30396985826187,221.69613853428484,7140617
2016-07-11,222.9315185546875,223.48182739724467,221.35920543395645,222.59458895954006,8266601
2016-07-12,225.3798370361328,225.7392126065873,222.5945864012663,223.54920774823412,9767494
2016-07-13,226.58152770996094,228.3672200467201,225.54829296323922,225.78413317991584,14915296
2016-07-14,225.71676635742188,227.7832359982316,224.22306656336107,226.43554753316658,10758372
2016-07-15,227.35646057128906,229.33308629697365,225.40231081400876,226.63769439557416,13992989
2016-07-18,226.02000427246094,233.320030931519,225.00923042773135,230.90540119267055,32106850
2016-07-19,228.6143035888672,229.7710736762772,223.56043476798266,225.9638338279969,16649300
2016-07-20,229.78231811523438,230.97277973413776,228.33354029941341,229.0972434091069,12265316
2016-07-21,226.04248046875,230.2315724646298,225.73924229732106,230.00694770957753,6711097
2016-07-22,227.9517059326172,228.61431967095348,225.76168596019232,225.96384972363342,6899519
2016-07-25,229.72616577148438,229.9507755132634,226.26707079026383,227.76077055501872,8241568
2016-07-26,230.01815795898438,232.4327876479775,228.03031676643624,229.78231773060529,10516399
2016-07-27,227.55862426757812,230.45616493798184,226.62646384108598,229.79355119853707,11030767
2016-07-28,230.53477478027344,231.46693519233773,227.54739025841724,227.97416375981805,15610838
2016-07-29,227.9629364013672,230.20909381559827,227.31153815630128,230.00693005217354,9629597
2016-08-01,226.74998474121094,229.17584479404763,225.75044145518868,228.65922742129368,7978251
2016-08-02,227.49122619628906,229.1084612289614,226.03121797410637,226.41306950784085,7710138
2016-08-03,223.25721740722656,227.85060641641692,222.70690856530018,227.85060641641692,11872282
2016-08-04,223.04383850097656,224.61615172800632,220.88752493179004,224.39154197870576,10187608
2016-08-05,228.26617431640625,228.88386614586545,223.95354700413398,224.16692627457368,12109001
2016-08-08,231.18617248535156,232.25309873941544,228.80523426899111,229.08601143825908,13556347
2016-08-09,231.5118408203125,232.3653877629442,229.33306651272343,230.68076984414608,13290768
2016-08-10,225.4359893798828,232.37662500320337,225.06536832902412,231.63539789546004,13471958
2016-08-11,227.7832489013672,229.74864426772615,224.52631743332864,225.0541653607411,14169454
2016-08-12,232.65737915039062,234.25216816459334,228.4345963929402,228.4345963929402,16365425
2016-08-16,230.20909118652344,234.67894498955485,228.09769964270515,232.7584867197891,13367575
2016-08-17,227.60353088378906,231.0850716486222,226.23336655438106,230.02937593392267,15486572
2016-08-18,228.6704559326172,229.92830039716463,228.20999099631663,228.20999099631663,7749690
2016-08-19,227.9629364013672,229.55771056450723,226.21092042356906,228.65924160122486,8177802
2016-08-22,227.27783203125,229.04107838247893,226.23336680186273,227.31152349065127,6684236
2016-08-23,226.96337890625,227.98538316493693,225.73921089673965,227.31152398749077,7320433
2016-08-24,229.2207794189453,229.546478539296,227.08692689092817,227.24415371055792,8719596
2016-08-25,227.46876525878906,231.13000880429263,226.6376792724094,229.37799293981095,14960746
2016-08-26,230.8829345703125,231.53431781161157,227.8955350583905,228.63677718984692,9639663
2016-08-29,237.5203399658203,238.0369573468443,230.47861490495927,230.73693109245838,16193208
2016-08-30,239.53065490722656,240.002335343344,236.5207945414901,238.5423421007467,18170724
2016-08-31,238.09312438964844,241.23775081544716,235.17310771113173,239.1937421392805,23295502
2016-09-01,231.17494201660156,240.95696609613668,230.38877793776894,236.52080377435485,42621045
2016-09-02,227.61477661132812,231.92740365053817,225.13276396875102,231.60170452756608,28124615
2016-09-06,229.0860137939453,230.23155346887086,227.98539606752863,229.0860137939453,11510431
2016-09-07,228.58062744140625,230.69201900241453,227.54739263521176,229.55770981182656,12927438
2016-09-08,232.1183319091797,232.69111676929376,229.15340818928192,229.79356098155725,12206479
2016-09-09,234.62278747558594,235.82447955330744,231.3546258470306,232.47770451700995,15269894
2016-09-12,235.06080627441406,237.1946588806935,231.16372214426463,231.44448433247229,33684893
2016-09-14,234.66770935058594,237.86848805723355,233.80294687171437,235.39772098162976,18604842
2016-09-15,239.2161865234375,240.38418711624877,235.1730914009649,235.1730914009649,31371009
2016-09-16,241.5858917236328,245.69636997923146,237.89095648725655,239.66543343583456,39324529
2016-09-19,243.12451171875,244.38237125464093,240.5639006865617,240.91204578632033,16678060
2016-09-20,241.28265380859375,243.652346432145,240.12588371302255,243.48388913491831,11531268
2016-09-21,240.8446502685547,243.68603832334898,240.11465365197168,241.23773229008737,10943394
2016-09-22,244.5957489013672,246.13437060436797,242.3608220094519,243.25929095861395,18761415
2016-09-23,247.70668029785156,249.20038003186383,244.60697596124896,244.60697596124896,31085948
2016-09-26,248.69500732421875,253.71518517594495,247.13392457995667,247.84146028635774,38213411
2016-09-27,249.43621826171875,252.9065436308595,248.5602252998383,250.8962265234853,19374535
2016-09-28,244.97760009765625,248.87468404407267,244.00051774080876,248.852223070075,24820234
2016-09-29,240.8895721435547,249.49236470488742,239.75526301927167,245.95467149405795,21260295
2016-09-30,243.41650390625,245.85359441954034,239.50817469588523,239.8900262266163,11199883
2016-10-03,244.98883056640625,248.8634535385364,241.74312986013837,244.15774454060548,18125170
2016-10-04,246.25790405273438,248.94206539842514,245.2808217020398,245.51667692150463,13113580
2016-10-05,244.69680786132812,248.537754130216,243.8881978532285,247.97621482087703,10789932
2016-10-06,249.5036163330078,252.97392671035385,245.28081835980836,245.28081835980836,21111045
2016-10-07,249.09930419921875,252.2551459577542,248.53776486562452,250.2223828664072,15280380
2016-10-10,246.25790405273438,252.01932377454884,245.7300561731387,250.22238589015322,11553662
2016-10-13,237.4529571533203,244.61820257687745,236.2961720433492,244.6069720901974,21938040
2016-10-14,242.05758666992188,243.034669039508,238.46372582561915,238.76696397251564,15265659
2016-10-17,238.23912048339844,242.76514183230964,237.812346970021,242.58543904069145,9826781
2016-10-18,242.83251953125,243.2031405998891,238.55358399014563,239.44080746589253,11073137
2016-10-19,244.23635864257812,245.88730021186598,242.8999006980756,243.58497540087166,17073242
2016-10-20,244.28128051757812,246.62851213794167,243.49511648602873,245.7188127566834,10125508
2016-10-21,239.0364990234375,246.4039081477756,237.73371759607423,246.4039081477756,43608816
2016-10-24,238.83433532714844,241.23773442969372,238.2391045433063,240.3392655136428,10513017
2016-10-25,238.28402709960938,239.27233991100022,236.79032739589312,239.21618747785007,7658966
2016-10-26,236.7566375732422,237.96957511959553,236.318633597668,237.20587203552407,10945927
2016-10-27,235.55494689941406,236.72294751186388,234.36448531341617,236.09402525854279,12842476
2016-10-28,236.95880126953125,237.64387595250574,234.45432776446245,235.8469530977955,8127969
2016-11-01,236.0715789794922,237.1834272272798,235.26295389347834,236.13896190433078,10223897
2016-11-02,229.95079040527344,234.2409716968655,229.33309858140353,233.82542865368822,7039997
2016-11-03,229.99569702148438,232.42155719792953,229.2432393939898,229.97323604734947,7311872
2016-11-04,225.86276245117188,230.6583151545374,224.61613346200502,229.16461546123193,11535892
2016-11-07,224.87445068359375,228.33353052132864,224.40275525227096,227.760760710574,9506040
2016-11-08,225.40231323242188,225.89646966914498,224.23429756763764,225.89646966914498,13432073
2016-11-09,225.64938354492188,226.63769641657728,208.89301666398939,213.38534653569803,21640144
2016-11-10,226.95216369628906,231.1187944169411,226.18846057550368,228.79400858681714,9764091
2016-11-11,225.00921630859375,228.54692454315907,223.51551660982287,224.13320836640352,14775330
2016-11-15,221.3367462158203,224.6161383237584,220.0227342789015,223.82998925414557,14487470
2016-11-16,221.5950469970703,223.89737175557127,220.28105005658688,223.49305923774008,16550762
2016-11-17,219.6184539794922,224.20061290296965,218.86598131727126,221.47152942790427,12628378
2016-11-18,221.80845642089844,222.97645711326348,220.57305780930338,221.2469170498008,18163751
2016-11-21,222.7069091796875,223.1673591353667,220.84258840762587,221.8196707405522,13232434
2016-11-22,224.94183349609375,226.36813528201228,223.11120420469211,224.09951701328117,17646355
2016-11-23,226.63768005371094,226.97460964280523,224.5150581285571,225.73921114544217,13107911
2016-11-24,221.77476501464844,225.86278243294063,220.61799480953178,225.86278243294063,18913793
2016-11-25,223.2010498046875,223.69520621276172,221.10090381283987,222.36997879609058,10454964
2016-11-28,221.6175079345703,224.75090370779722,221.04473811522527,223.04382473653408,8312777
2016-11-29,224.09951782226562,225.58198704050082,221.93197392509356,222.1453531712295,9885281
2016-11-30,222.38121032714844,224.60490667693847,221.61750724109524,224.60490667693847,27596098
2016-12-01,224.1107635498047,227.9854016554598,223.4930717486934,224.61615047689122,12627845
2016-12-02,223.43690490722656,225.73921465221005,222.77429119922255,223.69520610083143,12481430
2016-12-05,223.23477172851562,224.5487687495605,221.5838300956499,223.49307294014957,3987213
2016-12-06,225.7841339111328,226.0873720418159,223.40321078774315,223.71766441099703,6726369
2016-12-07,224.42523193359375,226.32322928436014,223.79630964580147,225.5146191983344,4930865
2016-12-08,229.1197052001953,229.51278724352807,225.59322728527474,225.75045410501792,8750556
2016-12-09,231.1187744140625,231.7701576120212,229.1758403124884,229.5576918398326,8239158
2016-12-12,230.7257080078125,233.9826392118937,229.22077776316007,229.22077776316007,9023848
2016-12-13,233.5558624267578,233.82540910578953,230.8043181719262,230.90539255382268,10365823
2016-12-14,237.98080444335938,239.09265260993598,233.19648218349445,233.5558577563844,24139260
2016-12-15,236.50955200195312,239.800174364349,235.5437002178433,236.38601665593225,19331986
2016-12-16,237.4529571533203,238.54234434923669,236.2961720433492,236.2961720433492,14942206
2016-12-19,238.66587829589844,239.65419110586848,236.824018515325,236.9700298352796,15009634
2016-12-20,237.62142944335938,238.3177346554236,236.5545031534984,236.90266325651808,11688169
2016-12-21,238.82310485839844,239.73280426111864,237.4641859915933,238.11556920849057,20367894
2016-12-22,236.5994110107422,238.68834151648934,236.06033265422596,237.64387626361577,28892834
2016-12-23,237.4866485595703,240.10342692530782,236.29617198982862,236.29617198982862,10265033
2016-12-26,235.274169921875,239.44080047013222,234.64524766805727,236.82402207984066,15321770
2016-12-27,239.1488037109375,239.68788206124347,235.17309150619724,235.3640247722055,17442849
2016-12-28,235.77955627441406,240.23819446266393,235.19555596908202,239.8675734057126,9637310
2016-12-29,239.3172607421875,240.06973333084082,235.73463056608605,235.846950425837,8772325
2016-12-30,243.12451171875,243.70852703532688,238.78942375060257,239.17127530560293,15711974
2017-01-02,243.7310028076172,244.83162059711148,240.86713846219737,243.48391708268292,7097888
2017-01-03,244.69680786132812,246.40390175593328,242.83250215239443,244.79789723206758,6434204
2017-01-04,239.69912719726562,245.50545405299746,239.05897442852392,245.48299307844425,10392483
2017-01-05,242.00143432617188,242.56297367762247,240.05851506738128,240.5639019830843,8734164
2017-01-06,241.4511260986328,243.70852899151276,241.03558307903003,241.28266879094582,7845839
2017-01-09,242.06881713867188,243.93313798054044,240.5639018733735,241.91159031865035,5228980
2017-01-10,244.79791259765625,245.81990190974338,242.58543168637468,242.58543168637468,11349916
2017-01-11,243.94436645507812,246.1119104319625,243.48390149198215,245.95468361323816,11475958
2017-01-12,243.32667541503906,244.91021907608575,242.54051133107131,244.15774645337595,4371992
2017-01-13,244.92144775390625,246.51622189025812,243.6074357926297,243.6074357926297,7234429
2017-01-16,241.74313354492188,245.71883096063377,241.22651614116498,244.8203769931249,12013154
2017-01-17,233.88157653808594,239.89005233650596,233.26388472624515,239.2162080866774,39234251
2017-01-18,231.92739868164062,235.3977241120163,231.0738516842608,234.18478653774372,15867619
2017-01-19,232.1857147216797,234.79126266597945,231.57923843795876,232.51139884348305,15284274
2017-01-20,230.41123962402344,233.02801807592576,229.98446612225004,232.2418689886377,8784907
2017-01-23,228.1875457763672,231.5792428666149,227.491240577635,229.51278824476537,13708502
2017-01-24,230.7481689453125,231.0850835563177,228.43461364653675,228.43461364653675,9419288
2017-01-25,228.5019989013672,231.96107867986697,228.2436827199352,231.80385187010984,23856654
2017-01-27,230.25401306152344,231.1075600660198,228.88384865830025,229.16462582877065,21861796
2017-01-30,234.67893981933594,235.0495608782377,230.18662514114806,230.22031660159598,15678126
2017-01-31,234.76876831054688,236.70047189205312,233.66815068684406,235.139389345132,15125194
2017-02-01,235.76832580566406,236.0491029685818,232.5226251688322,234.97094625189044,11312284
2017-02-02,234.38694763183594,236.02664369217845,233.20771652584585,235.84695590276266,9099129
2017-02-03,232.1744842529297,235.94803282918312,231.3770896908477,234.94848950182802,13219481
2017-02-06,233.97140502929688,234.70140166903494,231.81509157668194,232.9269397635631,9991907
2017-02-07,231.55677795410156,234.1286344429681,230.72570692342165,234.05002103409058,9905562
2017-02-08,230.26524353027344,233.20772110356273,229.5577078515858,231.5567795300004,16230826
2017-02-09,231.97232055664062,232.25309772468182,230.6358626201343,230.90539430723825,9861688
2017-02-10,231.38832092285156,232.60124350634484,230.3550861312907,232.47770814939128,12518554
2017-02-13,231.32093811035156,232.25309851939153,229.55770666925605,232.02847378539505,8565757
2017-02-14,235.80201721191406,236.49833737868286,231.33216353156433,232.47770316853968,18244623
2017-02-15,236.13894653320312,237.53157187114257,234.78001265548988,236.49833710292364,15236663
2017-02-16,239.77774047851562,240.2157444760415,236.41973482077574,236.41973482077574,19655195
2017-02-17,241.5746612548828,242.18113754999678,237.7449601721883,239.55312858241075,14847356
2017-02-20,241.5522003173828,242.3271339201606,239.55312861894532,240.46281307380528,11650581
2017-02-21,244.42727661132812,245.04496835326844,241.02433429653243,241.50726020255277,14186476
2017-02-22,271.2239685058594,272.1561138196713,245.28079665265543,245.50542136225226,127323130
2017-02-23,265.66473388671875,274.4809208119636,264.90103080592644,272.59413907727594,62249698
2017-02-27,278.2769470214844,282.29755123494715,267.37182953244303,267.40550599866106,83422197
2017-02-28,278.0860290527344,280.32097100499107,275.94093099926687,276.7270951016225,36111716
2017-03-01,277.28863525390625,279.5123316109385,276.2778614563508,278.5464797604767,24385665
2017-03-02,277.7940368652344,281.82588678824357,275.6152623399034,278.05232308072783,18063590
2017-03-03,282.69061279296875,289.2606419763571,278.87215761717994,278.87215761717994,84305639
2017-03-06,293.2026672363281,294.6963669458651,284.1955770203594,285.03787851486805,66724743
2017-03-07,293.1128234863281,298.0656030576613,291.1361978548769,296.234988747015,42071555
2017-03-08,290.02435302734375,293.73050344645145,288.87881344413245,293.73050344645145,43336972
2017-03-09,289.0248107910156,291.5517453022628,287.84559467773283,289.75483741822507,31094457
2017-03-10,287.8792724609375,291.10252715960974,283.2858683722822,289.8109761839656,24785585
2017-03-14,289.64251708984375,296.26871457967474,288.6879106656903,296.2125471486302,27765035
2017-03-15,293.1128234863281,295.66221893239714,289.8446768927848,289.99065822564125,24107889
2017-03-16,291.47314453125,294.336993624855,290.5634301217882,294.2471497307771,15924023
2017-03-17,292.1582336425781,296.48207621638306,291.5630028209487,293.7979147784062,22727289
2017-03-20,287.6883850097656,293.4048680911537,287.1380761273123,293.3487006595786,12869337
2017-03-21,283.8699035644531,288.3846795670843,282.8591296845259,288.00284298567107,22596181
2017-03-22,282.9489440917969,284.3415544079734,279.99525116770025,281.2193891921332,20291685
2017-03-23,286.00372314453125,286.9583294817052,282.5671043451677,283.7238594373723,11807911
2017-03-24,289.0248107910156,290.2040568922473,284.91433265191677,286.18342264795285,16282523
2017-03-27,281.0172424316406,287.2278964418723,280.14123448906616,285.50955702254254,32452615
2017-03-28,279.8155822753906,283.91481508903144,278.9957117223025,282.56712662793655,21707345
2017-03-29,282.263916015625,283.0163737305169,277.0303584945679,281.15205268488023,18924345
2017-03-30,285.40850830078125,286.3294382241553,281.4440414258254,281.89326090652037,27862325
2017-03-31,296.6954345703125,300.4577523231797,284.36400113594016,284.36400113594016,45390562
2017-04-03,308.76861572265625,310.0826278332453,300.3230486331174,301.43491195468187,44886623
2017-04-05,317.83184814453125,318.505707373012,309.99275806404125,313.3844552052289,40323877
2017-04-06,323.1103515625,325.4463530821765,314.95680722001475,316.48418360197167,50620850
2017-04-07,315.9450378417969,322.09952427875015,315.0353534550298,319.24692077483667,31875272
2017-04-10,310.27349853515625,320.05550675052297,309.363784186137,316.7087319546389,30768410
2017-04-11,308.2519836425781,314.5636973766956,307.7465967246017,311.7335246384378,32249647
2017-04-12,304.1302795410156,311.4190911143133,303.49012673528534,310.59922051382307,27448279
2017-04-13,306.5561218261719,308.4877955289275,302.6365470172193,304.13024673210344,12713918
2017-04-17,312.6319885253906,313.46307455264645,306.6010520631885,306.6010520631885,11837502
2017-04-18,307.7690734863281,316.70878165972437,307.0502922807056,314.4514086347987,16016414
2017-04-19,307.4545593261719,310.5430481159039,304.92762485746323,307.4994812728179,11572557
2017-04-20,307.6230163574219,311.49763902122044,306.39884839013257,309.7456532010023,8393496
2017-04-21,315.024169921875,319.17957023761954,309.64460148996216,310.0826054952719,30230907
2017-04-24,318.37091064453125,322.32416175733243,314.5075034217531,316.4953444704329,25512511
2017-04-25,321.83001708984375,329.68035254187606,320.32510181908594,327.9395820462555,36764315
2017-04-26,318.1575012207031,323.45844041869293,315.0465817073254,322.32414636733796,16763153
2017-04-27,316.5964660644531,319.8871038292882,314.95678491669634,318.281099149744,12571594
2017-04-28,313.3844299316406,319.02228406248645,312.4410390830295,316.65260644247,11848658
2017-05-02,307.8476257324219,314.9117964057185,306.89301942065896,314.9117964057185,18591411
2017-05-03,307.7466125488281,310.1387514273629,306.60107280757165,309.2739888745196,9500038
2017-05-04,305.01751708984375,309.880453052616,304.14150908959397,308.8472182296458,14365934
2017-05-05,298.34637451171875,307.12888481846073,297.6163778975546,305.83733389312556,15598448
2017-05-08,296.8077392578125,300.8732951230917,296.12266462095783,298.73944281691223,16066733
2017-05-09,298.8180847167969,299.5592968229198,296.54943648875906,297.39176795491136,21106150
2017-05-10,305.2757873535156,306.28656114899707,298.88547545884063,299.8176208530952,22906024
2017-05-11,305.37689208984375,307.6679714780653,303.60241511812603,306.39888142951116,13783848
2017-05-12,303.3328552246094,306.3763919740026,301.89532299393437,305.4891685645955,7523427
2017-05-15,301.90655517578125,304.66934491509386,299.52563197875025,304.66934491509386,6738085
2017-05-16,304.6468811035156,309.2739616117706,301.2102321947383,302.3445563422013,12655992
2017-05-17,303.9281005859375,306.8144106661364,302.726393515279,303.9056396123163,9844573
2017-05-18,298.1441955566406,303.2317403554963,297.4141990164171,301.0417507348257,9790379
2017-05-19,296.2349853515625,300.0197642769202,294.2471442501909,299.4133180031899,12813204
2017-05-22,297.42547607421875,299.5481132102539,295.4151738026509,297.9533239878208,8801430
2017-05-23,293.2475891113281,298.7057855611472,292.4502095637096,297.77361018552773,9223001
2017-05-24,291.484375,295.0782508995581,290.9003896584894,293.6856104939018,14326531
2017-05-25,292.55133056640625,294.78624263749083,291.20361204427763,292.00102166605507,25922008
2017-05-26,300.3791809082031,301.9739400451231,292.00099772903076,292.8882211932074,21430443
2017-05-29,304.7816162109375,306.7020742398692,299.9972793821587,300.3117629684457,24022633
2017-05-30,305.3319396972656,306.533646702111,302.8948492229618,304.5570211557986,9658309
2017-05-31,301.142822265625,307.2636319375396,300.0422046712092,307.05023771374084,16423338
2017-06-01,298.34637451171875,300.98561380073755,297.16715843897606,299.3459327889779,9534069
2017-06-02,297.5602111816406,300.6936218705243,295.819440793571,299.86253588222195,11495005
2017-06-05,298.59344482421875,301.21022313689326,295.56115350687526,297.8971546643307,10835031
2017-06-06,294.8760681152344,299.6266991396179,294.4717705766293,299.6266991396179,9591064
2017-06-07,300.76104736328125,301.43490663609293,294.0225745869731,294.5167160625368,11199223
2017-06-08,299.1213073730469,302.0637849312631,298.3014668279696,300.9856281911789,7903123
2017-06-09,300.019775390625,303.8943983519158,298.9640796278177,302.13116691623964,13836547
2017-06-12,296.3697814941406,298.6833519239645,295.81947260291963,297.9645707232847,8432435
2017-06-13,295.2242126464844,298.0656007239683,294.4717550508893,296.6280684523264,6025338
2017-06-14,304.91644287109375,305.47796726587296,295.5724070504027,295.5724070504027,52939271
2017-06-15,310.8575134277344,313.33952604309724,305.27579641343254,305.47794518093843,28290813
2017-06-16,311.9468994140625,313.5191975118568,307.5668597397507,312.0142823330559,32710880
2017-06-19,316.5403137207031,318.0115526216195,312.26139286108037,312.26139286108037,15236956
2017-06-20,317.2366027832031,319.42662268443934,316.1359850861584,316.4841451717856,10142474
2017-06-21,319.4041748046875,320.75186326718557,315.41721687170786,316.2146264510738,19992472
2017-06-22,321.79632568359375,324.66017475272974,320.68446252195656,321.0775445491632,22118609
2017-06-23,322.51507568359375,323.8964705202512,321.3358595941141,322.54878213743945,31143289
2017-06-27,322.8070983886719,324.12111042791867,320.0780149151291,321.6503431647477,32591540
2017-06-28,314.1257019042969,323.4360309432913,313.463088147543,323.4360309432913,15567803
2017-06-29,312.8228759765625,316.7087442397775,312.238890681204,314.4625869740415,12898245
2017-06-30,309.97027587890625,312.7554965250809,308.85841272618745,312.6656526324913,7814271
2017-07-03,310.2060852050781,313.2721128403852,307.9487125375308,311.812089684733,9195278
2017-07-04,319.3929138183594,320.54969893478153,311.9918281332469,312.21643786810114,18816782
2017-07-05,324.04248046875,325.1206371680255,319.8533740300136,321.0775420487554,27209010
2017-07-06,324.02001953125,325.693407013229,322.99800027076964,325.40138437426424,13590313
2017-07-07,334.9363708496094,336.4188251476139,323.4472675732121,324.1210968050552,35845310
2017-07-10,335.3182373046875,337.1264208745229,334.47593569582574,335.82362426759505,3504540
2017-07-11,335.6551513671875,337.9125242714083,334.00422477044924,337.1488511434673,20995547
2017-07-12,339.4174499511719,342.5396151697516,336.36266765175907,336.7894261398165,17104482
2017-07-13,341.88824462890625,342.53964288817957,338.3056141788039,338.88962951345763,23010262
2017-07-14,344.5050048828125,345.01039178460536,340.416987721108,341.41654603182775,20530867
2017-07-17,348.548095703125,350.3113270967641,345.23499716915035,345.23499716915035,18749450
2017-07-18,341.3940734863281,348.5593037753315,339.3949869205981,347.4362251414093,19640167
2017-07-19,344.3253173828125,345.45964153657064,339.75437428915353,339.75437428915353,11790198
2017-07-20,343.4156188964844,348.1550041049127,342.2475883360148,345.8526794250655,13626050
2017-07-21,356.0166015625,357.5215167989286,347.0207266348427,348.1550208086413,97142371
2017-07-24,362.8112487792969,364.9787777845285,356.0166091213502,359.3858452354176,43429394
2017-07-25,359.8687744140625,364.9900265482007,358.84675509071354,364.93385911788374,20063064
2017-07-26,364.495849609375,366.1018542463982,359.632913749911,360.32923393797336,21954323
2017-07-27,358.2178649902344,366.46125295638717,356.7690870811771,365.6751188098824,18409364
2017-07-28,358.1391906738281,360.7222925022281,354.44425570105795,357.4204095583516,14331863
2017-07-31,362.79998779296875,363.6086128224122,358.4873609532017,359.82383385092857,16567422
2017-08-01,360.1944580078125,364.49583940396417,357.476590242201,364.49583940396417,12311920
2017-08-02,365.9446105957031,367.40460383931867,361.2051953183343,361.6319837964006,20786240
2017-08-03,370.63909912109375,373.96344332704086,363.21555206431367,365.4167875598515,19707381
2017-08-04,364.3611145019531,373.53667813313234,362.77757070553827,373.53667813313234,18579866
2017-08-07,363.0583190917969,366.48369264390357,362.20477208007776,366.48369264390357,9537088
2017-08-08,359.9585876464844,364.11398753358225,356.42087950050063,363.42891287459827,10961296
2017-08-09,359.11627197265625,363.8781483177923,356.01659763853166,359.7227482480842,10436651
2017-08-10,355.8706359863281,360.8795837402961,354.4331034866756,357.82480093907566,10188164
2017-08-11,347.312744140625,354.8935182816403,344.33655993372446,348.36843997541655,16996281
2017-08-14,353.3323974609375,355.90425384460565,350.6257752389917,350.6257752389917,13440617
2017-08-16,351.7713317871094,353.9950280120719,348.1999172534842,353.0965591356124,13576650
2017-08-17,351.9959716796875,358.8579942005184,350.6594987365522,352.4227301883095,15828719
2017-08-18,353.8602600097656,354.39935337320117,348.8625583537561,351.29964900030706,7935890
2017-08-21,351.38946533203125,355.8256422905869,350.4573199910655,354.2196377951738,7573558
2017-08-22,350.41241455078125,354.87102270360367,349.51394563184994,353.09657582696383,9533641
2017-08-23,355.35394287109375,356.3647166400372,348.8625417721237,351.4905655665558,8320052
2017-08-24,352.2093200683594,357.8359587700966,351.41194052841803,357.1396686031956,12654347
2017-08-28,351.8724060058594,355.3314858363362,350.6706989598798,354.6801176146976,12316426
2017-08-29,344.1456604003906,352.08584022363897,343.6627344286421,350.8167501140764,15164812
2017-08-30,351.3221130371094,352.3778088112562,346.1896454924835,347.60471685342094,10334911
2017-08-31,358.1504821777344,358.8130959525471,353.5458322355507,353.77044199176663,25104625
2017-09-01,361.65447998046875,363.1144733662302,359.1612517406136,359.3521550371209,15431918
2017-09-04,362.38446044921875,367.50571253970486,358.4536699869854,362.8673863916184,21560532
2017-09-05,366.7083435058594,367.2137304371432,364.1140259244655,366.12432816813,25216776
2017-09-06,369.5833740234375,371.1781630759113,364.5070741940877,365.31566921883154,48745984
2017-09-07,367.51690673828125,373.98587689056285,366.1242964216109,369.71817206042823,16205339
2017-09-08,366.97784423828125,369.8304777853327,364.8215308451576,368.3704545581888,13248413
2017-09-11,367.4270935058594,371.44772796801067,366.8206471830693,368.9544997761947,12690592
2017-09-12,370.0551452636719,370.61666967870116,367.02282345865547,369.6058957436957,6500191
2017-09-13,381.39825439453125,386.29486706668195,369.2689676171583,370.1674366363658,29377106
2017-09-14,379.0846252441406,387.0135883712088,378.2535692688738,384.4529775526006,11867640
2017-09-15,378.16375732421875,383.12775257462624,374.99666999790895,378.25360122102614,28595395
2017-09-18,379.8483581542969,382.3191552658892,378.74774043689774,381.8474448224614,5061995
2017-09-19,376.7261657714844,381.28589312044625,376.00741465278867,381.26343214798703,7718697
2017-09-20,380.567138671875,391.9551823738421,379.64620874858934,384.5877729755064,24942703
2017-09-21,377.9615783691406,382.61114996621984,375.6704990258608,380.4997584164601,12950541
2017-09-22,367.20245361328125,377.3101913762175,365.31567189914006,377.3101913762175,12294087
2017-09-25,369.0668029785156,371.94189771886334,361.7218542979068,366.12432531371877,14229631
2017-09-26,368.4153747558594,371.53753996524625,364.86645105967165,369.1341558794719,10564143
2017-09-27,359.00396728515625,370.93110413363075,357.36428622282796,370.8861821863875,18448855
2017-09-28,353.2987365722656,360.6886069459442,350.4910248538457,359.22861364561743,29547622
2017-09-29,350.8055114746094,356.42090497146205,349.99688641443674,355.67966283397465,16666208
2017-10-03,358.64459228515625,361.11535936341545,352.8045592064269,357.13967706213265,18345748
2017-10-04,367.8538513183594,370.59415000558596,357.4091989735622,359.0264190206561,18907611
2017-10-05,370.23480224609375,372.16650604884217,367.7640350498064,370.6166388165172,10631751
2017-10-06,376.0299072265625,377.0631420344672,369.5384757246757,370.16741299433716,12997688
2017-10-09,373.1548156738281,377.265293965551,371.96435403551794,376.9058883850395,8850408
2017-10-10,378.7926330566406,380.63449276370454,373.31200586805863,373.31200586805863,14732024
2017-10-11,377.4225158691406,385.6210113712175,375.55819503112133,379.73605619200816,15420644
2017-10-12,392.0674743652344,393.8868731780088,378.2985078922016,378.2985078922016,18642942
2017-10-13,393.7296142578125,400.1311715400615,392.3370039330829,395.0099497046208,21509701
2017-10-16,393.88690185546875,400.71521816191864,386.92378971148787,394.87521474034315,32009221
2017-10-17,392.7862854003906,397.12137352809657,389.57424602291877,394.425966563683,13898844
2017-10-18,410.82293701171875,412.35031322149433,393.07825787477645,394.15641460754426,36671941
2017-10-19,408.7564697265625,414.1472534205363,405.6567653540339,411.40692463162287,8014767
2017-10-23,422.1660461425781,424.3897726095669,408.3970787595928,410.1041728187103,27455320
2017-10-24,419.6952819824219,425.73746416950706,416.97744403854597,425.73746416950706,13857773
2017-10-25,422.2334289550781,424.92880571233366,417.5613965943147,422.3232728477901,10011782
2017-10-26,425.6026916503906,430.27469431690315,418.23528206923237,422.2783774472259,16840049
2017-10-27,417.7186279296875,429.7805305122561,415.85430715983057,426.7706701099693,11498547
2017-10-30,423.4014587402344,424.7716081865068,418.05559681555394,419.5829730849125,7823263
2017-10-31,422.6601867675781,424.86142211138736,418.774318462225,424.5020465411158,9504986
2017-11-01,427.91619873046875,430.2746608548999,424.86141645995076,425.75988536162635,17571371
2017-11-02,425.2432861328125,429.69070904204284,424.1875903389758,428.02853694623604,10277678
2017-11-03,424.6593017578125,429.44360930885824,422.3457613935449,429.44360930885824,4798537
2017-11-06,418.90911865234375,423.4014635888582,417.33682041552663,423.4014635888582,9757496
2017-11-07,407.3188781738281,420.03214838689036,405.6791972033512,419.2909362988974,20447574
2017-11-08,398.8283996582031,407.004433685364,397.1662576780992,405.43213559672796,17752793
2017-11-09,404.53369140625,408.75647451499356,400.73766680804874,401.9505894049081,15007224
2017-11-10,397.0539855957031,404.7358488660799,394.96505497071075,404.7358488660799,13923102
2017-11-13,393.1905822753906,400.6702968547616,392.40441816362596,397.57059234558574,9088619
2017-11-14,398.3342590332031,402.06287050024736,392.17977252794384,393.07824143232557,12481463
2017-11-15,396.986572265625,400.08624651567163,394.4034704066556,397.34594783364247,15272059
2017-11-16,406.0386047363281,407.0044566119623,397.79518732621386,397.79518732621386,15160866
2017-11-17,409.65496826171875,415.49497185701773,408.12756194513577,412.8220557849246,12219276
2017-11-20,413.6755676269531,415.2478958748514,406.55525852463563,407.0943219321772,9231195
2017-11-21,418.9315490722656,422.12109725118614,415.7644618666907,416.3484771616247,13082246
2017-11-22,418.1229553222656,421.6718790856687,414.8435332518931,421.1327857357621,11058315
2017-11-23,425.4230041503906,426.72577066546717,416.281117594349,418.23528236093887,16031638
2017-11-24,427.26483154296875,431.0383952063198,425.6026894439783,426.7706901045513,13987125
2017-11-27,427.37713623046875,430.13992605336637,424.07528302043977,425.5353063364868,10237135
2017-11-28,423.7832946777344,427.3771405924732,421.42483235906354,426.70331135168163,10153618
2017-11-29,424.9737548828125,426.77069282806144,422.7275974452264,423.10943401371304,8038351
2017-11-30,413.9900207519531,422.92972817163326,413.06909084400513,422.92972817163326,20637767
2017-12-01,408.8463439941406,418.3476065833234,407.7681871752536,415.2928239318183,11114967
2017-12-04,405.0278625488281,410.50849060492044,403.1186196225625,410.37372474960074,10103208
2017-12-05,410.4635009765625,413.6305880182458,402.2650362140367,404.78072507445796,18306627
2017-12-06,416.2811279296875,417.92080910455815,408.2623198927882,408.8014132846578,24078081
2017-12-07,418.4823303222656,420.4814169293456,414.6413839217942,417.80847113279475,12095301
2017-12-08,413.7429504394531,420.9082114783855,412.86697240243825,419.51560102133396,12224184
2017-12-11,411.56414794921875,415.98910972459373,410.3961473244537,414.39432060996614,10792248
2017-12-12,411.31707763671875,417.33679854461377,407.9029196542503,411.4743044533658,15782031
2017-12-13,410.8902893066406,415.5173695267274,409.11581252882627,411.90106304251697,9147866
2017-12-14,413.9675598144531,415.49493601131445,408.2398316033382,412.8444811434804,10983157
2017-12-15,413.1814270019531,419.1113044245558,412.2604970242644,418.23529639758596,24408414
2017-12-18,413.7429504394531,418.9765076259892,387.53027254410756,409.67742394483884,18581421
2017-12-19,415.9666442871094,416.4383247315312,413.2936984715396,414.91094854259757,8891691
2017-12-20,412.4626159667969,416.61801605951734,411.9460135708981,415.94418684747546,10443493
2017-12-21,410.1266174316406,415.06818162566776,408.80138998458875,412.59738453467963,9071450
2017-12-22,413.473388671875,414.37185760682075,408.4869025762979,410.8903167233612,10658428
2017-12-26,417.6961669921875,421.7841841069922,412.4626102448543,415.47247064740003,11596338
2017-12-27,414.97833251953125,421.15525019956937,412.84448005153206,419.13373258752426,9520350
2017-12-28,415.1804504394531,419.76260866547193,412.8893713264437,415.6521308500359,15511891
2017-12-29,413.7654113769531,418.81928076056283,412.6198716483951,416.2137476491624,11089700
2018-01-01,408.6891174316406,414.50666006712186,407.6783435390267,414.50666006712186,9453202
2018-01-02,409.3180236816406,413.09158753433604,407.184171023687,410.1491097668118,9499419
2018-01-03,410.9576721191406,415.9890798250724,410.1715081052254,415.5398303937151,13507800
2018-01-04,413.428466796875,414.10232599518946,411.36199724252276,412.4626149407354,9008932
2018-01-05,414.7536926269531,416.39340367506213,413.4060042234881,414.1023243927869,7441284
2018-01-08,417.1346740722656,418.23529184083856,414.86605560977546,416.03405630369264,8827020
2018-01-09,422.7051086425781,424.03033604567895,415.0906288330978,416.954919591515,14294571
2018-01-10,423.3340759277344,425.6026943516193,420.2568324255285,423.6260685992571,11727682
2018-01-11,421.26763916015625,423.4688748316698,420.0322254775321,423.08700824345857,7849171
2018-01-12,426.3214111328125,428.0285050505975,421.49218200330796,423.6260344065653,15071161
2018-01-15,426.3888244628906,430.589146650226,424.61437748773585,426.77069101770746,11120925
2018-01-16,414.6189270019531,425.7374388032061,413.29369957138783,425.7374388032061,10825151
2018-01-17,415.3152770996094,417.3368248455117,407.4536958682222,415.9891363442271,13204016
2018-01-18,413.158935546875,417.60632829175665,411.09246599035134,417.3367966073272,9381821
2018-01-19,418.3700256347656,419.7626359731242,414.23708657852876,414.6413840996156,9973533
2018-01-22,436.4291687011719,437.6870132298996,422.2783652740742,425.8722110687175,45700733
2018-01-23,441.7076416015625,445.16672150622315,438.0014909868437,438.0014909868437,22526810
2018-01-24,434.1156311035156,441.03379104842975,432.453459045558,441.03379104842975,14289485
2018-01-25,433.9134521484375,436.6537507716764,429.53341256745404,434.8118910492061,13669901
2018-01-29,433.2845764160156,439.0347361366585,430.948574966628,434.048279577991,9897064
2018-01-30,426.9503479003906,433.86853746777314,426.32141067137485,433.86853746777314,9182956
2018-01-31,431.8470153808594,433.2845477188219,422.9746606728269,426.77068526762815,12551686
2018-02-01,424.0079040527344,436.92332434531227,420.7509727612482,432.7230321175454,16524809
2018-02-02,406.2632141113281,424.0528154031332,404.758298857878,420.0321810852963,28965593
2018-02-05,405.27490234375,409.92447393707624,396.1330459521997,401.6136735898854,19191099
2018-02-06,400.7601623535156,403.4106475062165,391.281360515401,393.9767676204552,24062503
2018-02-07,401.7933654785156,406.7349297864428,399.8167397553447,405.45462425764686,15532284
2018-02-08,406.35302734375,409.0933559424668,400.8724001342635,403.3656580363932,13825894
2018-02-09,403.3432312011719,405.2075220575163,398.01980036010553,399.36751879508546,11580639
2018-02-12,411.27215576171875,412.48507833544477,405.2299738789502,405.65676236930227,11877059
2018-02-14,419.42572021484375,423.4014324463539,413.7429140342252,414.64138295544285,22247829
2018-02-15,420.3241882324219,424.86142478747087,416.95492228811196,421.22265715170795,13363743
2018-02-16,413.8777160644531,423.4463607387004,412.44015377378247,422.09864234270304,9628162
2018-02-19,416.4383544921875,418.6845119829956,410.39617224938416,413.74294751044727,8941900
2018-02-20,413.7878723144531,417.58389709262786,412.7546674504706,417.3368263642842,8458450
2018-02-21,417.4940490722656,418.9091204904051,414.2595786965536,417.78604174833634,11917390
2018-02-22,415.2478942871094,418.2352939563326,413.2937294663411,414.192198463426,11196908
2018-02-23,419.6952819824219,421.37991507896845,414.52910780602286,415.71956946589626,10610664
2018-02-26,421.6943359375,424.47958657757306,420.7509450753454,421.82910177667236,8435611
2018-02-27,426.9952697753906,429.3761928777917,421.5371034230022,421.82909607059247,14021366
2018-02-28,428.8146667480469,429.96020634863584,423.71587598341483,424.95125947519136,56650480
2018-03-01,426.0518798828125,431.2180535992127,424.95126222070644,426.6583561401944,8956590
2018-03-05,415.13555908203125,426.83805618850147,414.0124804147126,423.6260470016574,12325694
2018-03-06,409.1832275390625,420.5712711930218,406.600155560305,417.3368009821158,16019726
2018-03-07,399.70440673828125,408.46442604136166,398.94070367447983,408.46442604136166,15853546
2018-03-08,409.4527587890625,410.82293817370993,401.2992153426656,403.2533500611258,13283967
2018-03-09,410.1940002441406,413.0017119426281,409.2730703272295,411.00262529166605,10638527
2018-03-12,417.9207763671875,419.17865085369885,412.1930782094687,413.2936958942048,8315150
2018-03-13,418.6170959472656,420.48141671308224,413.9001715872412,418.63955692063814,11148731
2018-03-14,417.3592834472656,418.7069719408861,412.93435140184704,417.24697857179314,14724464
2018-03-15,409.6099853515625,417.5389490418353,408.8013902911646,415.5398623888421,12711836
2018-03-16,404.33154296875,408.6666309522341,398.04229024896955,408.3521473246803,30814962
2018-03-19,402.2875061035156,407.4087278266107,400.71517803993925,404.75827307433855,12630833
2018-03-20,399.72686767578125,406.10596388356447,398.4914841828852,401.2991957488837,15192983
2018-03-21,402.9164123535156,405.3647183456716,401.29919233647826,401.995482487892,14715126
2018-03-22,407.9703063964844,409.6774003976808,402.399834900503,402.51213977058836,22129723
2018-03-23,401.56878662109375,404.30908568466174,399.41247293686394,400.08630222071565,23469999
2018-03-26,404.80322265625,406.2407549939345,400.9398151395392,401.59121337971237,13227705
2018-03-27,404.2192077636719,409.1383110615903,402.9613632183819,407.54355190272696,15179544
2018-03-28,396.537353515625,402.44476979992294,395.32443089171954,402.42230882518305,19160609
2018-04-02,401.1419677734375,404.73584363420866,398.2444420959293,401.16442874786856,12494499
2018-04-03,404.10687255859375,405.07272436628614,397.68285448097754,400.26595628832376,13922126
2018-04-04,402.0179748535156,409.6099941096694,400.7376693258948,406.42044578383263,14214534
2018-04-05,407.9927673339844,408.80139238647604,405.8813758006696,406.600156957101,8527915
2018-04-06,409.2506103515625,412.619846405196,406.5552335038354,407.9029219276989,9664888
2018-04-09,411.49676513671875,412.8444835400687,409.94692795720005,409.94692795720005,7813897
2018-04-10,411.9684753417969,415.04571871325595,410.66570887471283,412.574921633808,8455132
2018-04-11,418.1678771972656,419.021394186886,411.51921915195146,414.1023210580692,13140816
2018-04-12,417.2020263671875,420.7734111120769,415.1804787793788,417.7186287568982,10822592
2018-04-13,421.76171875,423.0420242097604,417.2020212407005,418.9989290838238,12616816
2018-04-16,420.9530944824219,422.2783518788874,417.1121780962499,419.78509388651446,8934275
2018-04-17,424.1875915527344,425.5128490334332,420.4814407703795,422.278378718888,9599816
2018-04-18,421.3799133300781,425.9620721510184,420.0546558381029,424.63684464699355,7360987
2018-04-19,423.31158447265625,424.5245070088266,420.03216244604073,421.8740222173855,9802587
2018-04-20,416.8426208496094,423.10941237491534,413.83279042897976,421.379887429919,7326696
2018-04-23,420.4814453125,424.23251808468984,417.112209113614,417.7860383606209,7674482
2018-04-24,435.77777099609375,438.3159510185115,420.03217842413306,420.39158399559665,19921115
2018-04-25,435.97998046875,441.0562808953612,432.8578149031349,437.3950519164924,14079382
2018-04-26,438.1587219238281,443.84149824836425,432.2737668466666,437.10302616479146,34096999
2018-04-27,447.57012939453125,454.1738354805767,442.71840921599784,444.6501128980801,25518647
2018-04-30,432.7454833984375,445.9079741175739,431.26299912730474,441.1461276416916,19406069
2018-05-02,436.96826171875,439.8882483048646,433.53161275646806,434.4076207274821,13381914
2018-05-03,431.9817810058594,439.3042685131505,430.92608523015747,439.3042685131505,8634812
2018-05-04,428.545166015625,433.3743954674191,426.7706890606575,432.5433094259818,8302649
2018-05-07,436.2045593261719,437.21533314237683,429.62331402783377,430.7463927138449,7683268
2018-05-08,434.4525451660156,441.14612534960617,433.598998164033,439.1245777088918,10792648
2018-05-09,438.7651672363281,442.17932521818284,432.2737658796589,433.9134769431528,9831044
2018-05-10,440.7642517089844,442.3141188696311,437.6645473756397,440.24764931406804,8781584
2018-05-11,444.403076171875,445.3239761487271,439.2369019717319,440.8092002128447,8774740
2018-05-14,443.2125549316406,445.61596906488467,438.7651622177823,445.61596906488467,5642499
2018-05-15,439.77593994140625,449.2322797801378,438.7427051611277,441.6177997645005,10501479
2018-05-16,429.5334167480469,437.5522239190311,427.8712747775002,437.5522239190311,18840763
2018-05-17,424.6817932128906,431.26303918373594,422.95223806524154,430.9710464924024,10353948
2018-05-18,419.51556396484375,428.3429663847858,418.68447796390524,424.7940426357394,11440117
2018-05-21,418.3924865722656,420.3466512332478,414.23708654299156,418.1229548915642,14491208
2018-05-22,416.3260498046875,419.582981166627,415.5398856861639,419.2011445889203,11310073
2018-05-23,409.81219482421875,415.989143037423,408.4195543621314,415.989143037423,9991028
2018-05-24,411.42938232421875,413.7429226011881,408.86877133548444,410.5982963057878,11632489
2018-05-25,413.6531066894531,414.821107393851,410.8005028483829,411.49679308318775,17782410
2018-05-28,413.473388671875,416.43832716081135,412.4401538948797,415.49493627851575,11369679
2018-05-29,412.1481628417969,416.88754825745366,410.77801345434307,413.9675616924471,17878384
2018-05-30,411.54168701171875,414.7312352533061,407.27398204041094,410.9801626670461,13105124
2018-05-31,413.9001770019531,414.32693550161406,410.84539461948094,413.7429201983398,37080158
2018-06-01,418.0331115722656,420.36911278411725,412.59737607629563,413.293696240346,19174278
2018-06-04,422.6601867675781,424.0752580634703,418.03310634854,419.31341180558036,12250151
2018-06-05,425.7149658203125,429.016818810754,422.72756645145176,423.53619146632155,17436812
2018-06-06,428.747314453125,429.46606563396256,423.46883552910015,425.42300027790185,9164022
2018-06-07,436.3617858886719,438.4507164417437,428.7697667785694,428.97191554410233,14999572
2018-06-08,442.2018127441406,443.1900955837799,431.5325204033252,434.1156223344106,14289325
2018-06-11,441.4381103515625,449.20981715485084,439.82086027187717,443.43719698353107,15018718
2018-06-12,447.9519958496094,449.2323014027213,440.3824374171245,441.7750478443734,16285583
2018-06-13,450.3553771972656,451.88278345147586,444.51537384044775,449.23229847526414,12962502
2018-06-14,452.8036804199219,454.53320533233557,443.5719506068912,448.08672614073004,11997529
2018-06-15,455.61138916015625,459.78925034713035,448.89537789204184,451.92769939755044,24705890
2018-06-18,456.21783447265625,458.41906978856093,452.3768881622778,453.18551317308606,12363932
2018-06-19,447.45782470703125,455.8809296118925,446.3796380109714,455.47660210388295,13881382
2018-06-20,457.8799743652344,459.5196853522351,446.91871978138175,447.43532215474374,15735681
2018-06-21,463.58526611328125,465.4046649794186,458.8009287214253,459.7667805893779,22988909
2018-06-22,454.84771728515625,462.349892665297,453.02831837924504,461.99048708623377,35370008
2018-06-25,451.23138427734375,456.64462910418007,450.2655323800796,454.3535497154884,11369371
2018-06-26,439.77593994140625,451.9276865935402,438.11379789623135,451.9276865935402,17649122
2018-06-27,436.79144287109375,445.6326316914965,435.3668820320577,442.5122067804586,19595831
2018-06-28,427.3397216796875,437.989860303283,425.23682729697987,435.0503243534791,18770484
2018-06-29,439.77618408203125,441.1555227255696,429.17126732758874,429.21648956584175,17425606
2018-07-02,434.4172058105469,439.7309698440072,432.78917501540724,439.7309698440072,14570004
2018-07-03,439.2561340332031,442.48961467542046,434.3041479382842,436.407042421117,11084063
2018-07-04,447.7581481933594,448.61740090388054,439.1204592269618,439.4822371310087,10938521
2018-07-05,436.1809387207031,456.03407549189296,433.51276620654295,450.8785892336252,40946479
2018-07-06,442.08258056640625,444.547252770622,436.18089772080833,436.29395330922114,20039239
2018-07-09,450.9237976074219,452.2352727043664,444.77339207831704,446.40145303124893,11309207
2018-07-10,463.8576965332031,465.1239493278598,452.2352498247886,453.4788915014766,22846197
2018-07-11,469.7820129394531,470.73171012776623,460.3076823637772,463.5411629524869,18953870
2018-07-12,489.476806640625,497.00652007273044,471.50045505921054,472.2918743586207,52736376
2018-07-13,497.36834716796875,501.5289136928948,488.41407261668525,488.64021398831653,39301408
2018-07-16,486.6955871582031,501.48368086638544,485.27102635716733,497.3683366650078,14427529
2018-07-17,493.99920654296875,495.6272372722312,483.7108456854285,487.645301079461,14150770
2018-07-18,494.0896911621094,499.53912213505413,487.1930881028941,496.7352526327655,10241565
2018-07-19,499.6521301269531,504.2423078966173,491.2857748466248,494.42881085632433,11885426
2018-07-20,510.4153747558594,514.869855803945,502.84040831580415,503.5187720802836,17538801
2018-07-23,506.63916015625,510.935393501084,503.38309865768275,510.935393501084,12779803
2018-07-24,502.4107666015625,509.55606096690167,500.80531685867896,507.4079745844602,9775749
2018-07-25,504.31011962890625,507.8601858043033,499.3581641786714,501.98111416647345,13014255
2018-07-26,502.27508544921875,507.18187930299314,500.986221503993,502.0263631452717,14053674
2018-07-27,510.95806884765625,514.3724385944006,502.95349071616204,506.27741598127704,14610585
2018-07-30,520.7037353515625,523.3719079462534,510.12142907793674,511.02587389755274,30344461
2018-07-31,536.3510131835938,538.3408520144877,518.7817210527214,520.5228073884464,30350826
2018-08-01,539.2227172851562,543.9938143060472,536.079681198794,538.3408534613208,21227054
2018-08-02,528.3690795898438,538.8383597177485,527.2837458821567,538.8383597177485,13668930
2018-08-03,532.25830078125,535.2204478568432,528.9117345044522,531.3764369752511,14536058
2018-08-06,539.3358154296875,540.87337154721,531.5347679263257,532.1452379610492,8785462
2018-08-07,535.5369873046875,543.3154533060305,532.2808656000457,540.3758872494034,8879612
2018-08-08,550.6869506835938,552.8576787232287,535.8988545929261,535.8988545929261,17307566
2018-08-09,550.7999877929688,557.0181965944798,548.1091740085534,552.405407465094,14976885
2018-08-10,544.5817260742188,549.4659090811956,543.7225035218695,547.6569591204807,7833494
2018-08-13,537.1198120117188,542.6596866505515,534.858639921926,541.5742926515073,10211072
2018-08-14,547.4760131835938,550.460741063204,535.5822031464126,538.1599309120053,11592139
2018-08-16,543.0440673828125,549.9180887751144,540.6472284934509,544.152102732139,13086024
2018-08-17,544.3782958984375,549.6468381379362,542.7050125344437,546.7524938389128,8379864
2018-08-20,558.46533203125,559.3245545155386,546.1418802678006,546.2549660462471,16639535
2018-08-21,564.02783203125,565.9724487091668,554.8926981327727,559.5281286297627,15923396
2018-08-23,574.090087890625,576.1477298911643,560.0481906574255,563.6208078069535,17429373
2018-08-24,577.7305297851562,578.8385047210713,569.8390385299743,572.190655105581,14550512
2018-08-27,584.0618896484375,586.0290872635293,578.2959031454217,578.5898175150204,12188510
2018-08-28,596.498291015625,598.3072407472657,585.6446530025953,586.0968753413019,19018790
2018-08-29,585.2828369140625,601.0206579114118,583.4739474907502,595.2772528619457,24230135
2018-08-30,576.3511962890625,586.6169449775456,574.5422466075063,585.0114651543668,21545859
2018-08-31,561.5179443359375,574.3387807938446,559.2341307673126,574.3387807938446,33479841
2018-09-03,555.864990234375,568.8667761775218,554.4630404721347,563.032926314184,26686176
2018-09-04,561.6536254882812,567.4648341230215,555.7971946146873,558.5783924925944,19333815
2018-09-05,554.8926391601562,566.4924744471034,546.5262842233603,561.9022666775096,22584608
2018-09-06,570.4495239257812,572.3941404426146,554.1464550885863,556.3171827844914,24487897
2018-09-07,578.22802734375,579.4716690973858,567.3291659243986,572.0323995065287,23389269
2018-09-10,567.9396362304688,577.5044104064698,565.3392672131463,576.5999053506638,15440786
2018-09-11,559.7315673828125,573.6152167932768,558.1713700163598,569.3642057574343,23787332
2018-09-12,566.4247436523438,569.228582942153,555.7293516939901,566.1081275917963,17642490
2018-09-14,566.7186279296875,576.8712920856385,564.2313444556988,569.5451083780637,17233514
2018-09-17,554.3952026367188,565.6332602089919,552.4505861372035,565.6332602089919,14773803
2018-09-18,550.4381103515625,560.5003898809248,549.1718877502485,554.4404291584718,16660044
2018-09-19,547.5438842773438,553.5359820858137,543.1346252632397,553.5359820858137,24642640
2018-09-21,550.5964965820312,559.5959642842305,535.2205116012124,551.2748302148125,41713856
2018-09-24,557.1764526367188,560.726488630508,544.7173345113678,549.2170978119074,22098277
2018-09-25,556.5206909179688,563.0328737468901,540.4210925933269,558.7366407616264,21250513
2018-09-26,565.92724609375,567.0804434309381,554.9605809243866,560.319567440171,13992341
2018-09-27,566.989990234375,571.1731984165255,559.6411648450609,567.5552984282044,23642923
2018-09-28,568.8893432617188,575.1076121871513,564.0730240644036,569.7712070743321,24220992
2018-10-01,557.0181884765625,568.7763327003757,544.4912662013294,568.7763327003757,16039441
2018-10-03,544.9887084960938,560.5908636640357,542.7049552823336,556.0232968596955,16135428
2018-10-04,507.5210266113281,538.3408572969906,500.17220161155126,537.9338571546635,50774608
2018-10-05,474.32696533203125,504.37798761034605,469.4880349478395,497.2326929111155,47998260
2018-10-08,501.7098083496094,505.1467889389326,463.789875708928,474.84704476684226,53983473
2018-10-09,492.95904541015625,507.99586133771726,488.95675681847416,507.249664264249,24042005
2018-10-10,498.40850830078125,504.6267472131535,490.35870835582574,494.70016399720083,20784941
2018-10-11,491.9415283203125,504.12925318067505,471.6813927035736,481.1783341040833,28926389
2018-10-12,509.46563720703125,510.5736122142469,498.3180537786215,499.6973622108509,19814528
2018-10-15,515.4351806640625,518.6686613799352,505.666905156641,510.9806390949025,19406012
2018-10-16,526.3114624023438,527.9394630406535,515.5482070325841,518.2616621834118,16358598
2018-10-17,520.6585083007812,533.3436788512414,515.5482139866882,533.1854311976824,27967162
2018-10-19,498.04669189453125,502.4333998895327,484.00479465198964,497.4588028049602,55606079
2018-10-22,480.56781005859375,504.15187094830094,478.1709711056117,501.9811431817494,28798142
2018-10-23,476.9725646972656,481.49490930341676,471.9753563981907,476.0907008576159,23128845
2018-10-24,472.925048828125,486.58255717435907,466.4354765347321,486.10769348622233,29869514
2018-10-25,466.16412353515625,470.6186650284799,459.6519399744087,468.5157705335461,30833933
2018-10-26,472.5406188964844,478.01269070918516,462.18445491787406,467.1137995092362,20085933
2018-10-29,491.9415283203125,494.67753401685496,473.0380899926724,473.0380899926724,16781215
2018-10-30,478.0126647949219,490.90136391445884,475.79668473470383,490.90136391445884,19263668
2018-10-31,479.9346618652344,482.0149451282464,473.49031201124455,478.9171313520566,35999348
2018-11-01,477.67352294921875,482.9420648289483,474.84707258437396,482.9420648289483,20552752
2018-11-02,486.107666015625,488.8663129471825,480.79390240072973,482.5350188448218,36739798
2018-11-05,493.0721130371094,494.15747690301305,481.6305551143541,485.4519548575025,16585905
2018-11-06,499.31298828125,502.88563571712444,493.6600272921749,494.74539121343895,18886485
2018-11-07,502.29766845703125,504.2422849195157,500.4887488866057,504.2422849195157,2808599
2018-11-09,494.49664306640625,503.69963989114285,490.67527351638705,500.2852704696814,23712291
2018-11-12,488.4140625,496.91608432032467,485.9493902771107,496.4186397275394,12690610
2018-11-13,497.2100524902344,498.81547202511706,483.91432291801334,485.70066158175183,14899604
2018-11-14,496.5317077636719,503.1795577098076,490.901388334876,499.74257714463636,17034346
2018-11-15,496.0342712402344,498.8154992281109,491.35361870884606,496.07949347781255,14943663
2018-11-16,509.85003662109375,511.0032338210429,496.14730674053584,496.5316957443827,24131016
2018-11-19,520.0706176757812,520.839395763139,511.47815048625523,512.3373730544787,15987574
2018-11-20,514.3723754882812,522.7387305198612,511.0258093249229,517.8093861221728,12511640
2018-11-21,503.2926025390625,518.03550426021,500.6470413635992,514.4176046366324,16422494
2018-11-22,498.7476806640625,508.92298630503484,497.5040389053682,504.01622244022633,12670591
2018-11-26,501.86810302734375,505.37291709006206,496.28300560865097,501.5289362372643,13969873
2018-11-27,510.21185302734375,511.02585333224016,499.9234917341297,501.0314667819827,14896607
2018-11-28,521.2689819335938,523.5753763278019,509.35259077124624,512.133788451215,17507771
2018-11-29,528.4368896484375,533.5923449917725,524.5928790691511,525.0451014015816,27640198
2018-11-30,528.0072631835938,536.3509767718601,525.6330053059364,530.1553495118233,23443212
2018-12-03,522.987548828125,531.3312636038462,519.3922297298672,531.3312636038462,12182825
2018-12-04,521.1106567382812,523.6883844613067,516.543090336103,523.6883844613067,11358720
2018-12-05,522.3995361328125,524.0502382933743,515.2316004889982,517.2440805334694,12729759
2018-12-06,508.15423583984375,519.6183457241926,505.71214424034093,519.6183457241926,12831451
2018-12-07,512.7443237304688,514.1688543550241,501.23493257862947,510.7771262730955,15779984
2018-12-10,493.0495300292969,503.9257804267076,489.816049365515,501.98116376684226,20521072
2018-12-11,496.350830078125,498.4085022779125,477.10822447415904,482.0827913932151,29518062
2018-12-12,502.207275390625,503.5640029428195,491.91894428168246,497.00656694297453,27572962
2018-12-13,500.6470642089844,510.12139475265553,495.2202447143914,510.12139475265553,20337275
2018-12-14,502.97607421875,504.19710484211305,493.7504659034146,498.8607297769348,15795834
2018-12-17,510.9805603027344,512.3825098993203,502.6594581310428,504.6719078717235,11077711
2018-12-18,513.9202270507812,515.0960053368198,506.72964910193906,507.99593224834376,12841994
2018-12-19,514.1010131835938,518.849468373347,512.4729524286801,516.2265184984827,16118419
2018-12-20,510.3249206542969,512.1564514635514,504.7624043049769,506.95571301464526,12609700
2018-12-21,497.54925537109375,511.5911528419753,495.64986098169663,508.7646723770771,18115814
2018-12-24,492.55206298828125,498.90596881832874,491.37625456364873,497.86582711326025,9065704
2018-12-26,496.7126159667969,497.45881309201593,481.92452130866087,491.03707408113934,15771193
2018-12-27,506.59393310546875,509.6691660004305,499.26774952068143,500.714891305008,27294221
2018-12-28,509.0133972167969,513.4000748563492,507.0461393882987,508.9907559104197,16768547
2018-12-31,507.06878662109375,512.766969546243,504.785003302751,511.4554643119158,15799099
2019-01-01,506.9556884765625,509.80481005805416,502.02634406838007,508.87772404470775,9746670
2019-01-02,500.3531494140625,509.6692026788963,497.91105785497825,504.01624147007146,15628818
2019-01-03,494.18011474609375,504.06144566500564,492.98169522397495,500.8505761302161,16288287
2019-01-04,496.8482666015625,499.47124692037715,488.91155266624094,496.2829886374274,18516544
2019-01-07,499.60693359375,505.80256145867486,497.91103925676606,500.62446415825826,12060290
2019-01-08,499.56170654296875,501.9585455604,495.64986215889707,499.76520661622817,12304389
2019-01-09,502.3203125,505.1467929098937,496.870881937438,502.88562065734254,12614237
2019-01-10,500.8505554199219,502.4333940965672,498.81549437189744,500.96361101276665,8925160
2019-01-11,496.57696533203125,503.69967946019256,492.3033428928167,500.8958100113047,14139060
2019-01-14,496.01165771484375,497.6849106855271,491.3083940874861,495.19762725397675,8994060
2019-01-15,510.86761474609375,511.9303675736385,499.7200005226593,499.7200005226593,22011407
2019-01-16,513.694091796875,517.8094363590277,511.1841669308482,513.2870312631676,13961606
2019-01-17,513.0383911132812,519.1209339050599,511.02591067954825,517.5607362905124,16379077
2019-01-18,535.6048583984375,538.1147833483906,513.400134217656,519.5278988377188,56181172
2019-01-21,559.7315673828125,560.7490979047284,537.5494261557741,539.9689064028953,48206814
2019-01-22,558.5784301757812,563.9148358509773,551.5461602407571,557.5383186119797,36207430
2019-01-23,554.5761108398438,562.6711327669415,552.6314942727882,557.7417278054202,19313542
2019-01-24,564.140869140625,566.7412382562001,551.7722556155989,553.9882055396703,28775487
2019-01-25,563.485107421875,571.941906860464,558.6914297659946,565.4975874413446,18703992
2019-01-28,556.0458984375,567.984932006938,552.8124177262133,565.5202293723354,18744303
2019-01-29,547.4985961914062,556.9955674386166,543.2928075769594,556.7015927223023,20405845
2019-01-30,540.7376708984375,553.9882086586254,538.6573876696287,549.465864313705,17164298
2019-01-31,554.9605102539062,556.1137074442424,543.1345636322325,543.5867859859297,22279301
2019-02-01,565.271484375,567.5552980807249,554.9153498147913,558.0583860882253,20187323
2019-02-04,583.7905883789062,586.5266245963787,561.6988891145292,563.9374202911335,25528059
2019-02-05,584.08447265625,589.8957417964403,578.2280416530274,584.2880029240067,20479210
2019-02-06,592.5411987304688,595.8877648137983,585.3054601304027,586.2099048141055,20586783
2019-02-07,583.564453125,597.4932654052756,581.6198364143085,592.5412791479017,20150710
2019-02-08,577.8209838867188,588.1319554296888,575.3562814951373,581.0318229731013,14230054
2019-02-11,566.7638549804688,577.0522463149941,565.7463244254858,577.0070240764799,16457901
2019-02-12,568.1884155273438,575.4015742681389,565.9724653469232,565.9724653469232,13998153
2019-02-14,553.6264038085938,561.2239814077741,550.8225646359537,561.2239814077741,14496604
2019-02-15,562.7841796875,565.2488822624917,549.0136155506032,556.1363294664906,20994460
2019-02-18,551.7722778320312,566.4247054129867,549.4658833437791,565.2940890991906,21106139
2019-02-19,549.96337890625,560.6361298241627,547.747428687664,550.8226014979533,13658461
2019-02-20,558.2166137695312,560.7717608262734,551.2747887967306,553.4681579431704,13776558
2019-02-21,563.89208984375,568.8214944265636,555.9553765442473,558.9627456377501,23142949
2019-02-22,557.3121337890625,563.1685642841916,554.4404312422076,562.8520086326735,19152470
2019-02-25,557.28955078125,562.1285116625443,552.0210088020792,558.962834062564,17176522
2019-02-26,551.840087890625,558.4201348448624,545.3957680273387,546.9785463588705,22160532
2019-02-27,553.309814453125,562.9876748174904,546.7524091187456,555.3675167513072,24308835
2019-02-28,556.7242431640625,560.7039211000997,554.6891819553349,557.9453040400284,24688859
2019-03-01,554.4630126953125,561.8344786663217,552.7445677283054,559.414998476494,17329606
2019-03-05,559.7090454101562,560.6813537974464,551.09393664997,553.2646646335917,15577500
2019-03-06,571.9871215820312,575.7406877852884,558.5557557242826,560.6812611147418,26332276
2019-03-07,574.451904296875,578.7707188451828,568.9798320464909,571.625423690362,17738092
2019-03-08,573.02734375,576.3512688310484,570.7209492193468,572.5524800593302,13211934
2019-03-11,589.760009765625,593.3326266953194,573.4342999714897,574.3613859742521,21258869
2019-03-12,602.0834350585938,603.2818545385585,594.3501909529805,595.5486104329452,24561597
2019-03-13,609.296630859375,615.03997611955,600.6137192319765,604.6386193642135,24577591
2019-03-14,606.6962280273438,615.9444473357943,604.231525506635,610.404572273631,22753310
2019-03-15,597.69677734375,614.4972919344677,592.9709024329316,608.2564418308975,34764353
2019-03-18,610.540283203125,614.1129609950058,601.020729778961,601.925174598767,22104063
2019-03-19,622.5244750976562,624.0846724392602,607.3971842209799,615.0399232902728,21448030
2019-03-20,622.0269775390625,627.7025192075129,616.8488804761137,623.0897302937706,21639437
2019-03-22,606.7866821289062,624.4917016782557,604.502928899648,620.6929128962737,25078643
2019-03-25,598.9630126953125,604.5707515723258,595.4581985384875,601.7442710138733,17394088
2019-03-26,618.3186645507812,620.2858619499005,601.4728689112972,601.6085356154842,20734876
2019-03-27,610.178466796875,623.1576114035571,607.9172945131278,623.1576114035571,22079870
2019-03-28,615.0399169921875,619.4718772370571,607.2615112935729,610.6306584304739,22930248
2019-04-01,629.4437255859375,636.2046015802933,616.1932466673168,619.5623941984126,22088854
2019-04-02,628.4713745117188,634.5313355448835,624.1299189024097,632.2249410259893,17526740
2019-04-03,621.9139404296875,634.4860843020966,620.4667685004667,629.850654168761,17169813
2019-04-04,611.89697265625,625.7579811048589,609.2739620887171,623.6324755340222,18320845
2019-04-05,612.2813110351562,616.8036554547555,607.3519664856204,615.4695692848873,14717266
2019-04-08,601.1336669921875,613.9093406468,598.623802797072,613.2310071314735,19081843
2019-04-09,603.4854125976562,606.3118327548513,597.4028100659566,600.9754877401433,20774977
2019-04-10,602.1060180664062,609.6131510108363,599.8900680484996,605.0681651926805,16651949
2019-04-11,609.0704956054688,611.8743347645162,601.0206956588902,602.8070042650096,12558520
2019-04-12,607.397216796875,613.6380668748174,604.4802918322781,610.5176116474358,12948769
2019-04-15,606.0631103515625,610.0427879824588,603.7340745683931,608.2564190461883,9285737
2019-04-16,607.6912231445312,615.0399882656603,605.9952985379717,608.2564709698938,17360317
2019-04-18,626.7755126953125,628.4939577486542,617.3011820871195,621.8235266653433,39286534
2019-04-22,608.4147338867188,618.2056200549836,606.5831426926703,615.039942658941,23607922
2019-04-23,616.7810668945312,620.9189920629236,608.7086864317888,609.6131311537924,19807450
2019-04-24,628.3809204101562,630.7777593684959,617.8664181451317,619.698009324541,16101112
2019-04-25,620.647705078125,638.7371442628565,616.2158048551142,628.2000605791297,30469914
2019-04-26,629.8732299804688,631.2978209685166,619.8788743956196,621.8234909051786,15069884
2019-04-30,629.8732299804688,631.5012908405115,618.1151468286414,631.5012908405115,22348580
2019-05-02,635.4132080078125,639.4154666974823,625.0343721549743,629.5114945393439,18992003
2019-05-03,637.1316528320312,641.0435274196219,634.3278136572519,636.7246526839405,14240262
2019-05-06,626.3005981445312,634.3956196404334,623.2253654399086,632.2248920040943,15832114
2019-05-07,607.5780639648438,630.8681794642378,606.0856698119193,630.7777349929585,19417647
2019-05-08,587.6571044921875,605.9952345249275,584.3784017933981,605.9952345249275,31958919
2019-05-09,568.2109985351562,582.8407844112558,566.0854930546017,582.8407844112558,42670173
2019-05-10,565.8141479492188,577.8209834979945,563.0328899120863,572.0775784824672,24557430
2019-05-13,557.1764526367188,570.17817720236,555.1187503899699,564.3443881648433,17603659
2019-05-14,570.0199584960938,574.0448583475111,556.927728419724,559.1889006492281,28438234
2019-05-15,568.4144897460938,577.9566838370524,565.5654283786001,575.6955115628725,24419559
2019-05-16,572.2359619140625,575.1981092828626,568.957258856332,569.793900508346,14451308
2019-05-17,573.1630249023438,577.4818393350089,566.1985585198255,572.9821359445456,17276949
2019-05-20,599.6187744140625,604.9551799322857,589.4886906413294,594.0563180697915,26979100
2019-05-21,605.90478515625,618.2055955981606,601.4955265849645,602.4678348465042,30343560
2019-05-22,606.1761474609375,614.9042809243687,603.7793084640346,608.550405527193,24689918
2019-05-23,603.2366333007812,629.5114778055299,599.2117334103447,620.4667887998303,38766006
2019-05-24,604.5706787109375,612.2360587676123,595.3676823064391,609.6131087931944,22269265
2019-05-27,592.72216796875,604.8647319418201,591.0715260089574,604.6838429805728,16076686
2019-05-28,598.6464233398438,603.6436315087979,593.9431899020583,596.8601147762051,42594251
2019-05-29,593.8074951171875,602.9652694428135,589.7825954298967,597.4027533815786,15558515
2019-05-30,601.35986328125,606.8997381597023,595.2546802616943,595.2546802616943,23494381
2019-05-31,601.5407104492188,606.8544737775533,597.0409473162326,605.0455240777438,25724066
2019-06-03,615.1304321289062,618.3186903756858,597.4932164566152,603.734066240321,18556942
2019-06-04,611.2638549804688,621.4843835946067,609.6584351950853,613.8868054030492,15442761
2019-06-06,600.2745361328125,615.8992733127243,597.4480554891156,615.8992733127243,16764835
2019-06-07,594.6442260742188,600.2293239044872,590.4384368136607,599.6414347583602,14722419
2019-06-10,596.5661010742188,600.1161370393247,592.4733982963918,597.3575203645111,11768468
2019-06-11,601.0885009765625,603.5079813060723,596.0461308091427,597.7872171830621,11492074
2019-06-12,602.4452514648438,605.271732049308,599.2117707176104,603.598448781101,10297599
2019-06-13,600.229248046875,603.5983952160435,591.8176705888229,601.4728897333832,15686169
2019-06-14,595.842529296875,599.2116762337836,592.1568267277273,597.8097266284824,14942768
2019-06-17,579.9013061523438,596.9505730407774,578.1828007166187,596.9505730407774,14908257
2019-06-18,579.3134155273438,582.4564516525556,573.9317880423824,578.3636881467881,16797371
2019-06-19,577.6627197265625,588.8103336580876,570.9922885646156,581.9815944720041,14492763
2019-06-20,586.4360961914062,587.9059095686704,577.9567148031236,578.8611596105266,10748848
2019-06-21,578.635009765625,586.0969204356611,576.848701201888,586.0742791285767,23236832
2019-06-24,570.90185546875,577.2557310859172,568.5050163888608,575.3111144028331,11267228
2019-06-25,586.029052734375,587.001361018914,567.2160587388237,569.3189833259135,14966899
2019-06-26,585.26025390625,589.9861284499118,581.7327987896849,583.8357233020422,11593027
2019-06-27,576.2156372070312,586.5039687448982,574.7910460482657,584.8081045165699,24905533
2019-06-28,566.6959838867188,580.1499906814664,564.6835039488165,577.5496217133422,18942165
2019-07-01,573.8187866210938,575.5372317473043,563.6887029403711,568.9346035529749,13478857
2019-07-02,578.1828002929688,579.3134166287664,571.3088389319255,576.1251582592198,10146746
2019-07-03,580.0142822265625,581.8006510563457,576.6225542588097,580.1725902358805,8806492
2019-07-04,580.6700439453125,583.8357211669228,578.8610941582232,579.4942658286349,9351405
2019-07-05,571.3314208984375,583.6096510845224,569.8164457222513,581.1675294550635,10926753
2019-07-08,566.22119140625,573.4795720488219,564.4801050249274,568.9120051787093,14009219
2019-07-09,578.9063110351562,580.4439273964724,563.2589951434109,564.8191924337385,17535754
2019-07-10,578.341064453125,583.0895198743384,573.7508566657564,578.8837312722773,12018196
2019-07-11,579.5620727539062,583.2930581288455,578.5445422656168,582.0267751566212,8608376
2019-07-12,579.0872802734375,587.9058578775416,577.9792449165576,580.217836183288,15692436
2019-07-15,577.0974731445312,583.1573739073028,574.497103844039,581.1223127811472,10659498
2019-07-16,584.7401733398438,585.5994561975136,577.527015405403,578.8385206214165,10070773
2019-07-17,579.6978149414062,586.5491958382305,578.861173286381,585.3281349425656,9482233
2019-07-18,570.653076171875,581.7554675647427,568.9119898375023,579.7656287353942,11942908
2019-07-19,564.8418579101562,575.6728553130662,561.992736239796,573.5247688779208,16336536
2019-07-22,579.0872802734375,580.8961697291983,555.0283259900082,565.7462978994787,29092589
2019-07-23,575.9442749023438,585.1472118167173,569.9973391814642,581.1223118100065,20316348
2019-07-24,569.409423828125,578.3184459680255,566.8994991252794,575.9216070453734,15189179
2019-07-25,556.927734375,573.9091977732102,554.8926733090034,571.625384212349,21805071
2019-07-26,548.9232177734375,561.9023636486932,547.2047121793871,556.9277962136023,20387504
2019-07-29,547.63427734375,552.6314853920306,544.9886859575748,550.3250909661807,17626045
2019-07-30,534.0446166992188,551.7270549234007,531.8060857583179,548.991018994016,20853117
2019-07-31,527.4193725585938,535.898752825087,525.6782259694558,531.7156055790284,21229950
2019-08-01,533.750732421875,537.3459910649142,520.2288600323714,526.1305132908252,22628222
2019-08-02,535.6048583984375,541.8909310509936,525.5426380432784,531.6930439723362,23766807
2019-08-05,517.063232421875,527.7585636551897,510.12140740733673,527.7585636551897,30399133
2019-08-06,510.2570495605469,519.8896879006503,507.4079882601194,513.1739744047075,29067994
2019-08-07,501.7098083496094,514.8924829308223,498.8607168433551,509.44305241109834,25349369
2019-08-08,521.1333618164062,523.688448546626,495.3333193698149,501.2349725898529,31198568
2019-08-09,525.5426025390625,531.6025635763939,521.1107024505465,525.429577132195,21970009
2019-08-13,576.4868774414062,589.1720460814506,554.4404045305308,557.6738848090533,104827144
2019-08-14,582.5921020507812,589.918285576303,579.0194245736243,589.7148156981825,31688983
2019-08-16,577.9566650390625,584.1975148032527,575.695492838427,583.9261813843946,21977767
2019-08-19,584.5592651367188,586.4586593559987,578.8610824788788,579.3359461279025,16317602
2019-08-20,577.0296020507812,584.5593160437106,575.514626879903,583.2930933717969,14969299
2019-08-21,574.7684326171875,578.2506657359021,572.7560128151957,576.8939382038582,10677848
2019-08-22,563.8243408203125,574.7910051946844,560.2743045838391,574.7684242641691,14031953
2019-08-23,576.984375,580.6700779545234,554.6665666370556,560.3195275056954,21307915
2019-08-26,572.8917236328125,585.1924753378721,569.3642680040415,585.1924753378721,19202504
2019-08-27,576.5321655273438,581.1223133427324,570.35911859619,581.1223133427324,28401906
2019-08-28,571.308837890625,579.3134155728764,568.0301350503361,576.0347127325874,11605488
2019-08-29,561.5631713867188,569.9295269385397,558.646246465419,568.2110215147329,18890222
2019-08-30,564.6383056640625,567.2838969774898,552.1792478457625,563.2589973077878,24735240
2019-09-03,545.57666015625,562.1284823912036,542.6823161509564,561.7892854154904,18730619
2019-09-04,543.202392578125,545.0565646931021,536.3736535827443,542.9310591530287,32949395
2019-09-05,542.0492553710938,548.6518839102094,539.6524161404471,545.7576000117888,22995486
2019-09-06,552.8576049804688,555.7971711354148,540.53421334094,544.0390272692672,23186819
2019-09-09,552.721923828125,557.6060460440173,548.62922092647,552.0209489854109,11747929
2019-09-11,558.2392578125,560.7717635738461,552.857630239921,552.857630239921,12127900
2019-09-12,547.3629760742188,560.9752322475224,545.260111776421,558.5105900384323,11880005
2019-09-13,554.2595825195312,555.5710274567031,545.8027822794483,548.1091768561234,12947715
2019-09-16,547.5438842773438,551.3200319244306,536.3962699212649,537.7077752726235,20547730
2019-09-17,541.5291137695312,547.656938321118,539.7428051848678,547.656938321118,15640772
2019-09-18,545.2601318359375,550.0538100905583,541.4161206333965,544.9209348432117,14933909
2019-09-19,533.2079467773438,547.0689542604028,530.3136633592216,546.2323127241173,13766222
2019-09-20,567.2612915039062,574.2935608113406,531.0598938725763,537.2328802836878,48165560
2019-09-23,560.4099731445312,579.3134120196155,558.5105787717409,576.2155981514339,21610844
2019-09-24,578.2732543945312,587.363165963284,562.0154066076869,562.3998258285477,34958974
2019-09-25,578.6576538085938,585.6447008310794,573.8187536356209,580.6700735685957,18192270
2019-09-26,586.4586791992188,587.3631239167094,580.4439406974552,584.2879515004242,18350457
2019-09-27,591.9985961914062,594.6894099827759,580.6700932256537,584.5141043023502,19058663
2019-09-30,602.490478515625,604.0733173158545,590.4157779961295,592.4282582711237,25263770
2019-10-01,590.121826171875,606.8997594098624,584.8758654567317,604.6385871430925,17920384
2019-10-03,592.903076171875,594.553718017148,579.4490681631863,581.5745736871992,13524851
2019-10-04,591.5689697265625,600.8398308600889,589.646994327907,596.9053752054732,14992253
2019-10-07,592.4734497070312,597.3123499606426,588.674660934722,591.5689445638614,10061584
2019-10-09,599.0986328125,601.4503098575713,584.5140691326445,591.8403129324657,17588647
2019-10-10,616.2836303710938,619.1100503527914,597.4027729721549,599.2117228166776,35006390
2019-10-11,611.6934814453125,617.572553913254,604.4351004367065,616.7132709563384,16597126
2019-10-14,614.135498046875,617.278534136365,610.9020174818667,617.278534136365,13394275
2019-10-15,616.916748046875,619.5623394859034,612.4622067446688,616.1705509453425,9672791
2019-10-16,620.6251220703125,623.9264059183727,616.7132474260376,619.5171470182669,19403660
2019-10-17,631.5465087890625,632.6771250493334,620.4667592471247,621.8234866840867,16038940
2019-10-18,640.5234375,645.7467569767082,632.5415011043582,634.9383401161294,28121951
2019-10-22,639.5285034179688,649.7941923212562,634.6443208832452,644.4352065050806,27786502
2019-10-23,629.6923217773438,644.8648341983379,625.5091745428915,640.5007980268379,18446160
2019-10-24,649.6133422851562,651.8519336280739,627.0468417883457,633.581606111727,22642488
2019-10-25,647.2391357421875,651.8745056320839,638.2170277023924,651.716257989895,13539957
2019-10-27,648.6184692382812,653.4800108794682,646.6964335129268,651.6710609401786,3014841
2019-10-29,663.4517822265625,669.3082130912535,652.1685015772264,653.7061180727322,25768505
2019-10-30,668.9011840820312,671.3658865546961,660.3991620500201,669.3081842135347,16341366
2019-10-31,662.2306518554688,673.6722393273734,661.032232465117,671.1170925391378,19463741
2019-11-01,658.861572265625,661.0775223369096,651.6710551878208,658.0023497310369,13904301
2019-11-04,659.2007446289062,665.2380642069672,653.5252029466365,662.9316697444801,14063434
2019-11-05,654.5200805664062,664.3109663935091,651.6710193106985,661.6654353889879,12685356
2019-11-06,648.9124145507812,654.135734353565,646.0181307359805,652.4398701194634,14625505
2019-11-07,659.63037109375,661.6201494754298,647.6913385427694,648.9576215261098,14084039
2019-11-08,653.7061157226562,660.1052134297607,651.8067213236998,655.2889544512567,12019353
2019-11-11,645.7015380859375,653.1408076594045,643.3272799926444,650.811771804741,11357841
2019-11-13,665.8259887695312,667.4540497641693,646.6964381187934,646.6964381187934,25225749
2019-11-14,661.5071411132812,670.0317441277801,658.3641050687613,667.499238472683,14258133
2019-11-15,665.1702880859375,672.3834464954273,661.6880549437222,662.8186712908591,15691605
2019-11-18,659.9017333984375,672.0215950469703,658.1832279803921,665.9842753416674,14076051
2019-11-19,682.7622680664062,685.091304087635,662.5247412524701,663.4291860897483,30176255
2019-11-20,699.9019165039062,711.0947524103781,697.8894967372685,703.2484828483064,43538120
2019-11-21,695.35693359375,703.6780668751851,691.2642304982968,698.7034999522131,14897371
2019-11-22,699.3818359375,709.7832525752365,695.3569359965834,697.3919970860713,22352865
2019-11-25,706.18798828125,707.6577411945093,701.4168912631511,701.4847548080924,15146156
2019-11-26,705.60009765625,712.8810590385848,703.6780619934759,709.1501338722388,35330983
2019-11-27,709.9415893554688,712.4967364745535,703.7233200515543,705.464466852598,9642739
2019-11-28,714.6674194335938,716.4085057483495,707.2733723573873,711.2077673573784,13747479
2019-11-29,701.4847412109375,715.413552409672,699.9923470193523,715.413552409672,18559594
2019-12-02,717.4712524414062,730.1111996619468,713.1750192045362,723.5764355217193,31225364
2019-12-03,714.0342407226562,720.862979580261,711.1851794398084,720.2977318111243,12990426
2019-12-04,702.1857299804688,713.4011468158992,693.615844239307,711.3660857422652,20987607
2019-12-05,701.3490600585938,714.418648488793,698.2512463355937,711.818279360472,19942460
2019-12-06,703.1806640625,709.1049587104558,696.9398137304038,702.3214414912616,13085234
2019-12-09,711.1852416992188,713.3559696230442,699.3818746514546,703.7459718077985,12642677
2019-12-10,706.3688354492188,711.6373767702399,702.8413803645951,710.936401939135,10173333
2019-12-11,706.5724487304688,712.0444605637015,701.2360432413947,703.4972156345758,12364641
2019-12-12,709.1953735351562,711.7505205869619,703.9720540232042,710.1224596169255,10326606
2019-12-13,715.8432006835938,719.0541002814816,711.0947450194452,714.5316954267291,12668303
2019-12-16,708.4718627929688,720.8178366278123,707.4543321690576,719.9586140378354,11892718
2019-12-17,706.7081298828125,714.0795363371371,703.4746490681565,708.5396608418749,20324601
2019-12-18,712.6549682617188,714.5317213638361,706.3915372341625,706.8437596230075,14742077
2019-12-19,728.076171875,730.3147632573766,710.8234349732679,711.6826575091419,20507816
2019-12-20,723.16943359375,731.5131475566759,721.8127061203365,730.3599503361606,21271510
2019-12-23,710.6425170898438,713.4237148469465,704.4921117424402,705.5322231908948,25107772
2019-12-24,699.3592529296875,710.9364477225796,697.5728839664215,709.511917039533,18048449
2019-12-26,685.3173828125,702.2987866536562,682.9431246619487,697.1885528116127,29761019
2019-12-27,697.5050048828125,699.2460910418374,687.9854531400067,690.563180797995,17677571
2019-12-30,698.3416748046875,699.901872095201,691.0380725585845,699.1330941028591,17123749
2019-12-31,684.7068481445312,698.1156345878595,681.993453401304,697.3467961405563,22203005
2020-01-01,682.6943359375,690.608468975997,680.8402242073281,686.4931246261241,14004468
2020-01-02,694.3168334960938,696.8719805447018,683.779750007975,683.779750007975,17710316
2020-01-03,695.1535034179688,697.1885646166648,688.7543450703095,693.2766898725623,20984698
2020-01-06,679.0313110351562,690.9702842172933,677.4484722665503,687.3976668990163,24519177
2020-01-07,689.4779052734375,693.9550274714292,684.4580558568877,686.9453392583476,16683622
2020-01-08,684.2998657226562,693.9324444803033,682.875334954967,685.1365073623897,16047902
2020-01-09,700.0602416992188,700.9646864756678,692.4853053775855,695.8092304962669,14982742
2020-01-10,699.9019165039062,704.5599277419831,696.2840167332282,701.8238917951181,12478359
2020-01-13,698.1156005859375,704.8991173020232,695.7187616355296,698.7261309770536,18282382
2020-01-14,691.6486206054688,700.9646427287678,688.2342512222318,696.4422983751188,15816535
2020-01-15,689.1387329101562,696.3971134964061,686.606227181478,694.5655826517415,15817859
2020-01-16,695.4926147460938,697.957317328206,691.0154923471086,691.467775112348,12847975
2020-01-17,714.9840087890625,716.7703174250523,702.4118640363116,702.5475307538493,29463471
2020-01-20,692.9827270507812,727.6465681775531,690.2919133647428,727.6465681775531,32545850
2020-01-21,693.6837158203125,699.0879242309518,688.3020883403786,691.2868768172563,18922720
2020-01-22,693.4349975585938,699.4949589111891,692.4174669597505,698.2513171100278,10322817
2020-01-23,690.4954223632812,697.3241611195116,687.7141642882185,694.859458695975,11247739
2020-01-24,688.0986328125,694.7917053407662,686.7419052604484,690.5632750359122,14628445
2020-01-27,681.3150634765625,689.4100858916706,680.6140885726699,685.0912714342766,13387750
2020-01-28,665.5772705078125,682.875289595899,661.8915675775182,682.2421178925655,24532236
2020-01-29,669.2403564453125,675.8203426047822,662.0950017809771,666.617346051743,24746565
2020-01-30,652.9146728515625,669.1725198770986,651.2188087758726,668.8559642181395,22402689
2020-01-31,638.3978881835938,657.210881458592,636.3854685244584,657.0977956819407,34750310
2020-02-03,626.5719604492188,633.106784965314,616.4192966235818,619.5171103999535,30712290
2020-02-04,645.0684204101562,647.8270373163007,632.1344980281415,633.1293872682256,25383901
2020-02-05,655.0628051757812,657.0074218795432,646.8321763359422,648.9123993833657,18472100
2020-02-06,659.2685546875,663.4291212862267,651.2640375289917,657.5953319019751,15538577
2020-02-07,648.3471069335938,656.8039067688446,645.9276266862977,656.1933763802873,12209212
2020-02-10,649.2289428710938,653.7060649002669,637.8552186693267,645.7919322493696,15142476
2020-02-11,656.9848022460938,663.0673441315444,653.5025692051543,654.5653219747531,13999816
2020-02-12,664.9215087890625,666.9792111373479,658.0023253990945,658.5224113128919,13533565
2020-02-13,666.6626586914062,668.2907197551677,661.439338878755,668.2907197551677,13565659
2020-02-14,672.7451782226562,679.0086088102815,657.1430238887992,668.0645258848175,21227841
2020-02-17,668.5167846679688,681.134151378946,666.7304760717549,673.3783262135354,13149130
2020-02-18,663.6099853515625,667.4539961440179,659.0876410228443,667.4539961440179,11127161
2020-02-19,680.0714111328125,681.2698306548838,667.0922662771445,669.014241623313,14084409
2020-02-20,671.9990234375,681.9707987344061,671.0267151201732,676.9962317397967,16892268
2020-02-24,653.4573364257812,667.9514557592025,651.015275263498,664.6727530283046,21370214
2020-02-25,640.5460815429688,656.3742876866586,637.6517375196689,656.3742876866586,27745062
2020-02-26,629.5115356445312,638.7145335154266,627.4086712195289,637.6517806483075,29362748
2020-02-27,626.9111938476562,630.325563479079,619.1100858749018,627.7025528467732,25054993
2020-02-28,600.8623657226562,613.6832622973384,599.2117238920046,612.733534948271,39315769
2020-03-02,595.2095336914062,619.110122526283,588.4033749568683,612.8240497627488,29500495
2020-03-03,607.2841186523438,612.2813268745532,597.8550103692035,601.3372434357146,27398798
2020-03-04,605.859619140625,612.2361361330828,591.4785241332723,611.4221358102756,22105261
2020-03-05,592.9483032226562,614.1129141602522,590.6192674240423,611.5125449363894,30510390
2020-03-06,574.791015625,582.5469012527451,561.2692040014896,574.3387932382915,33734039
2020-03-09,503.8579406738281,561.223980469802,495.1976404810289,560.7943390150084,88187018
2020-03-11,521.676025390625,532.9366648832911,501.07669157944446,501.07669157944446,59578576
2020-03-12,480.72607421875,497.91100691333213,474.25911334028166,490.67526802286176,55970485
2020-03-13,499.8556213378906,515.5481598017158,426.1865162030448,451.3307736468581,73297403
2020-03-16,459.33538818359375,488.2784365388271,454.4964576170223,479.61813617083897,38482258
2020-03-17,455.8531494140625,479.3693762444859,453.682421712436,473.60336003250967,45445979
2020-03-18,437.9898681640625,468.47053170120023,434.59810978652735,463.676823584426,44730415
2020-03-19,415.01629638671875,437.31149283949196,403.48429405757275,416.10166024634157,61404010
2020-03-20,460.3529052734375,468.01828595985086,420.5787996551297,424.8750330336465,63360475
2020-03-23,399.798583984375,429.6234935592477,395.9997954503734,414.33792514068836,40670949
2020-03-24,426.6387634277344,438.66821092685046,405.1123741592919,420.5788023455254,45734887
2020-03-25,489.4316101074219,520.7714960127045,435.6156383128136,435.86436061790414,73130298
2020-03-26,482.1732177734375,505.10155565675865,471.38741256273977,495.5593921291522,45744488
2020-03-27,481.9018859863281,500.76010192447285,473.1285306323514,495.19761591467176,41657940
2020-03-30,466.0058288574219,486.0624647528933,461.2799842887,470.5960369021585,30229866
2020-03-31,503.67706298828125,510.9354135710836,473.9425951899625,485.67809843308333,44292810
2020-04-01,488.61761474609375,508.58377610127127,472.67632311532645,507.5210233258868,41597459
2020-04-03,487.2608947753906,513.038325398293,477.6961196489534,513.038325398293,41367807
2020-04-07,545.4409790039062,549.0135961124214,497.45879676328076,498.4084939310018,54373624
2020-04-08,539.1322631835938,555.7971706866717,524.5929215687677,533.6376104573828,49880330
2020-04-09,551.7044677734375,557.5156767949256,539.5167415187584,549.0136538173376,33032857
2020-04-13,537.7755737304688,549.4658535575933,533.6375882834028,544.4686456450028,23673784
2020-04-15,520.0027465820312,558.9628231208537,516.9049325920952,541.3482475248474,35321842
2020-04-16,528.2333984375,537.0067538421011,517.8094012091675,520.0027098719089,37455706
2020-04-17,553.5359497070312,556.2494047320289,539.3583856898562,549.9181103017338,33269335
2020-04-20,562.4902954101562,568.4597519929647,543.5868552263992,554.4404949817198,36030932
2020-04-21,559.5733032226562,566.1985116961769,526.4018574888929,547.20462930673,61371628
2020-04-22,616.6680297851562,626.3006687188174,587.9059004568244,596.9505898979633,142683366
2020-04-23,619.9693603515625,626.7302963517751,612.0100048381533,618.3639406903255,65464502
2020-04-24,640.8173828125,676.0691122404604,609.2513562097446,610.5854423695566,134986308
2020-04-27,646.5833740234375,667.0470097000615,643.5307824824368,648.5053492706669,58482901
2020-04-28,645.8598022460938,658.2057744376455,629.5793144305034,655.7411324112992,78453401
2020-04-29,645.317138671875,657.391839017477,642.1741024254264,653.4348024507138,37494672
2020-04-30,662.9768676757812,676.0690972490636,650.3369208324749,657.5274373781648,71345899
2020-05-04,649.048095703125,662.5246848930987,641.020876759425,651.218823504759,53456868
2020-05-05,660.5574340820312,668.8559865431291,654.4748920612493,657.4144583176226,44903763
2020-05-06,660.6026611328125,671.5467438142522,653.7060590222321,662.0724139489652,40489094
2020-05-07,681.4959106445312,684.5259212728372,653.4799801528453,658.0023246000183,50026966
2020-05-08,706.3010864257812,714.4864927209733,695.1308312605024,698.7035088539981,84262770
2020-05-11,713.0845947265625,730.3599726317872,711.049533642727,714.5317063404403,67085063
2020-05-12,668.9690551757812,709.2632798224483,662.524734830577,707.6577996866042,100683202
2020-05-13,683.1624145507812,697.1091585876816,663.7830244319474,697.1091585876816,66430125
2020-05-14,655.5427856445312,683.2765162196699,652.8493152722449,670.6308325184776,49266771
2020-05-15,666.2482299804688,669.5808492312534,646.0242901018283,659.2177721037887,62152260
2020-05-18,657.7340698242188,676.5655994475495,651.9134426573794,671.0873692172088,62796089
2020-05-19,643.19384765625,667.2982668914216,640.6145498784447,665.1525954394635,42315854
2020-05-20,654.5156860351562,660.5189536541096,635.9352014370274,643.6960987819724,55320985
2020-05-21,657.9623413085938,667.1840548403643,650.5438417953903,655.1090536875718,39167981
2020-05-22,653.5340576171875,665.6090586513549,651.2286292568934,662.7786538718078,37828973
2020-05-26,650.110107421875,661.8198883491109,646.5720262012402,661.112272104984,33216635
2020-05-27,659.9254150390625,663.7830108823325,644.6090834807313,653.2829987069208,35667956
2020-05-28,672.114501953125,675.5384109530258,661.5003780157507,664.2394931403077,40126278
2020-05-29,668.5308227539062,672.0003765604058,663.1667047971561,670.1742797209804,40022527
2020-06-01,694.0732421875,702.2906478578684,673.8036576344093,675.6525769290831,39943702
2020-06-02,701.0808715820312,703.0439635916903,694.2786979955084,696.6526542828856,22153960
2020-06-03,703.7971801757812,712.1743430248467,700.0079914073342,705.326524994927,25381289
2020-06-04,721.2134399414062,725.6417171069352,703.500391656106,704.8699189650296,34202350
2020-06-05,722.0808715820312,738.652618259639,718.4286777096928,728.1526061592812,33076685
2020-06-08,716.5112915039062,738.8352586397003,714.456970184844,738.8352586397003,31414953
2020-06-09,701.7427978515625,722.6743541117436,699.848233657609,712.3112769502599,25857161
2020-06-10,717.7211303710938,721.0993946493797,703.066770206238,704.4591200806245,22132647
2020-06-11,701.9939575195312,715.803706785638,698.935267655585,714.9135109041925,20385805
2020-06-12,725.3222045898438,727.2395912876017,683.4134457446229,684.7830335473732,38548899
2020-06-15,737.07763671875,742.7385070954324,712.6765255707526,714.4569776504248,53107403
2020-06-16,738.515625,752.5993021633205,723.7242711797245,750.0656494688016,51187003
2020-06-17,737.4428100585938,746.6188787679677,731.3938982299496,734.2014806161491,41782053
2020-06-18,755.954833984375,760.1091820392156,732.9917772990159,733.6309263464753,40471557
2020-06-19,803.204833984375,816.6265404017482,758.7396013402719,762.3917347258493,105804173
2020-06-22,797.1559448242188,823.6570218548786,792.0656958487583,809.5961660327729,60198705
2020-06-23,785.6287231445312,805.190691738158,783.4374068767237,798.913494999988,37962078
2020-06-24,788.8015747070312,809.2766232247192,781.4287797470009,792.4765911559525,51586221
2020-06-25,784.2592163085938,798.4570682624188,782.0450773747433,788.4135645203479,39679374
2020-06-26,795.1015014648438,799.8265306871474,783.84822904161,789.2352296715899,30921913
2020-06-29,786.6558837890625,794.2341403085753,783.1863300198712,788.8928448462023,25621946
2020-06-30,777.9591674804688,794.8047827913738,774.0558665563566,792.9787462997211,30276420
2020-07-01,793.2526245117188,798.4569855514693,779.7623903467077,785.2178585764664,28464103
2020-07-02,806.9088745117188,810.2321403347325,795.3118474102263,798.955988221861,28789533
2020-07-03,819.5371704101562,821.8749564596307,810.4154218093651,815.8242838508609,29434266
2020-07-06,848.8276977539062,851.6696207450389,821.4623903068143,827.37551064972,47016185
2020-07-07,835.8325805664062,854.5803362405326,827.9714163800523,852.5864010549644,35189589
2020-07-08,824.1668701171875,841.1039525059666,820.499814095421,836.1076265653826,26204095
2020-07-09,836.19921875,841.1267983499372,818.7807950189424,829.2089581972454,36418942
2020-07-10,860.860107421875,863.8624979764214,836.199233068078,838.147398130084,43759967
2020-07-13,886.96484375,892.7862418610986,870.921519889883,872.4570881587463,69608392
2020-07-14,878.7140502929688,890.0360328418565,865.100172860522,886.5065292705797,67331128
2020-07-15,845.2523193359375,907.0419425957421,824.1668980523797,888.3171015613409,139669773
2020-07-16,844.9772338867188,856.7117515191795,830.7903538072194,846.6273786425686,60961724
2020-07-17,876.28466796875,880.0892159195847,842.502042643245,845.7107318699527,49726765
2020-07-20,880.0432739257812,885.5896883509943,870.7611183224751,879.0807096490378,36592938
2020-07-21,903.7186279296875,906.2168211609516,887.652448936031,888.7983963419516,42173371
2020-07-22,918.5930786132812,921.343340230338,898.7452067309448,908.9670720198112,59771457
2020-07-23,943.25390625,953.2923885715925,912.7945477554779,918.5701154181413,58333751
2020-07-24,983.7517700195312,991.4754423941085,943.2539282584995,943.3455895038911,120597372
2020-07-27,988.3584594726562,1007.8854568037684,975.386332288898,998.7178774688866,80304827
2020-07-28,998.213623046875,1005.685226906141,985.8144392147681,988.3584631011929,55114422
2020-07-29,961.0619506835938,1000.5513359018751,949.0523879135477,998.3053323327022,72663399
2020-07-30,966.6541748046875,980.795164282101,949.762863113244,962.1391312088373,72857444
2020-07-31,947.516845703125,975.8905479210216,940.9620360562577,969.2440770285029,74958061
2020-08-03,920.8849487304688,942.8871623225848,918.1804571843328,940.2743926384883,46715383
2020-08-04,985.79150390625,993.3089382351606,916.8741316177221,926.2021785970436,92041055
2020-08-05,974.7216186523438,1006.6019069434171,970.9858169218242,994.2256997045323,74549993
2020-08-06,978.2282104492188,993.62978425042,966.1728175015461,988.7251198310724,49322975
2020-08-07,983.8892211914062,989.09184536742,971.8568039334315,976.2572103779003,32984416
2020-08-10,971.6962890625,992.3921475893915,966.3103426642178,989.6877167356055,26958997
2020-08-11,978.0906982421875,990.1002603201475,962.7578706897712,978.54906505392,46828306
2020-08-12,975.248779296875,983.2246412113215,965.7144943686205,972.223473268125,30264617
2020-08-13,972.7047729492188,980.4284448557278,967.1812739113575,975.432119191954,24830322
2020-08-14,968.9231567382812,988.7251372439143,957.6699206852704,972.9339422731531,33224635
2020-08-17,958.632568359375,964.8894181914117,948.8919850475611,964.8894181914117,30979066
2020-08-18,971.1004638671875,978.3199383700347,954.5071119789246,955.7218052806868,30547672
2020-08-19,977.0593872070312,987.3500592147562,972.3839363208823,981.3911084302417,34087543
2020-08-20,961.2452392578125,973.5527612563341,957.0969013050257,971.7650639658618,22537845
2020-08-21,954.2779541015625,972.6819196757164,952.0548051586528,970.8483916494755,25280895
2020-08-24,960.6494140625,964.6601996727435,949.0753028246934,958.6554789127642,32717218
2020-08-25,954.3925170898438,967.7772411798499,952.5131584674807,965.3477938461768,19388008
2020-08-26,979.695068359375,984.5768176460978,938.3034092544697,955.721834075423,59870421
2020-08-27,967.4563598632812,985.5165347685125,964.087263551759,984.5997404631746,28085062
2020-08-28,970.0003662109375,977.6782076890348,965.4624072556715,971.7650876118646,27166900
2020-08-31,953.7507934570312,996.5176127664311,944.4227466139646,996.5176127664311,62076132
2020-09-01,956.753173828125,972.8651829213985,945.3623854476888,962.5974872222503,38616258
2020-09-02,975.5238037109375,980.0159320402927,955.7218230629769,958.9304515139365,26949439
2020-09-03,968.1439208984375,980.3597213059733,963.9726675429974,975.4321414595879,18586429
2020-09-04,952.1693725585938,961.1994601119133,949.8545623922631,955.0571867499652,28475945
2020-09-07,954.6445922851562,965.2331628441784,937.0427850988863,955.263426894844,21926473
2020-09-08,965.85205078125,972.2234772182792,953.6591047502961,958.930475011052,27397082
2020-09-09,990.7191162109375,993.6756763559544,954.0945682804347,955.7218584992718,55310877
2020-09-10,1060.6907958984375,1074.8776767259053,997.1363948005545,1000.6888741462925,140304404
2020-09-11,1063.326416015625,1071.6230920621038,1048.3604146934788,1059.774057929349,59470807
2020-09-14,1055.4423828125,1081.776319142843,1046.022613657557,1065.733055044207,44063445
2020-09-15,1062.9140625,1066.0768606733493,1048.841756665844,1059.7512643266507,27178393
2020-09-16,1065.526611328125,1086.0620022920011,1059.1093546966117,1063.4409544248736,33952295
2020-09-17,1053.7005615234375,1069.720910080593,1050.5376423758387,1063.4410236524918,25828669
2020-09-18,1056.88623046875,1063.1889106988601,1043.5244222860888,1060.8053547162556,33074915
2020-09-21,1034.0360107421875,1070.7750719016112,1030.1396806284333,1054.2733815499128,33627381
2020-09-22,1013.54638671875,1043.7306386427283,1009.1459198050662,1043.7306386427283,34792254
2020-09-23,1022.5535278320312,1043.6160928371828,1010.8649009154497,1035.938251444179,42988708
2020-09-24,999.8179931640625,1020.3533247784986,997.4572917774641,1012.0567091377676,29826318
2020-09-25,1009.2147216796875,1014.3027694085043,993.446502276567,1003.3933233804489,28374935
2020-09-28,1015.8841552734375,1025.8539521823873,1011.6670712795834,1020.8117351402121,19666849
2020-09-29,1029.0855712890625,1037.7718083290033,1015.8842296422029,1019.8950761344806,25842539
2020-09-30,1024.1807861328125,1039.146786047943,1019.8948960278193,1035.9381579187586,24465159
2020-10-01,1020.0095825195312,1037.6800756880398,1014.8527889017478,1037.6800756880398,20783227
2020-10-05,1014.0277709960938,1030.9648538885717,1011.1858479615951,1028.6042130267065,18922799
2020-10-06,1013.1797485351562,1023.9745575059519,1009.1918175515556,1020.0096024559933,18412175
2020-10-07,1034.7923583984375,1058.3988864359753,1017.6030871596363,1024.4787714061513,53170865
2020-10-08,1026.4267578125,1039.6052428145385,1018.5655944250032,1035.4797597505017,21077808
2020-10-09,1023.7683715820312,1032.7297136267703,1016.273852013747,1024.4788675079715,18545499
2020-10-12,1025.41845703125,1033.990117024484,1020.4680223943666,1024.478808036985,14226473
2020-10-13,1045.4268798828125,1047.7416902078278,1020.2846594413987,1022.4619778897869,23112012
2020-10-14,1048.543701171875,1056.106965782026,1039.8344285929015,1044.601661699771,26742011
2020-10-15,1011.4149780273438,1049.6896709194032,1006.1436076928819,1049.6896709194032,20036197
2020-10-16,997.3427124023438,1023.3327972897506,995.8988053258178,1015.3112260257516,21583600
2020-10-19,997.5260620117188,1021.5910189480918,987.8772002991607,1003.8746338853592,31200385
2020-10-20,988.220947265625,1005.2268356805964,986.547826485488,998.8095181537673,18482288
2020-10-21,973.8736572265625,1004.7684667829153,961.566134962547,993.7673597056041,34082321
2020-10-22,965.7832641601562,977.4948676553979,958.472127950902,975.1571421431612,30802210
2020-10-23,968.5794067382812,978.6408045818825,960.9473956269686,965.3478022431445,23422125
2020-10-26,930.098388671875,963.491331043018,925.2395547253416,963.491331043018,37324416
2020-10-27,932.5736694335938,944.1935506347045,919.0514537091684,932.7569919192058,36478896
2020-10-28,922.0079956054688,943.2080524475383,920.1515523626456,935.9197713377462,29924017
2020-10-29,929.0899047851562,936.0114802123842,912.634105485881,915.3843670353187,30655304
2020-10-30,941.7412109375,946.6000447043152,926.7521734384346,932.1152046430045,34021563
2020-11-02,860.5850830078125,929.1357486679719,852.1967457576546,929.1357486679719,99366895
2020-11-03,848.1859130859375,875.0469613347782,841.1727368299981,866.3377489801544,88691623
2020-11-04,876.97216796875,884.2146187198875,842.0436566135886,842.0436566135886,80180117
2020-11-05,896.1324462890625,898.8597926239651,885.5897059211898,896.109530978329,37205373
2020-11-06,930.121337890625,935.0947485716235,906.7439615985198,912.1757997538867,66674086
2020-11-09,939.9993896484375,948.3877271294061,933.2611970415887,945.2249292465045,35838510
2020-11-10,955.5155639648438,958.0137572704014,935.6448365676956,952.054806333395,36934242
2020-11-11,915.4760131835938,960.3055727507355,906.7209706160746,957.5553112466354,56724780
2020-11-12,907.5919189453125,920.632852520837,900.7162345304647,908.0503464043145,40046527
2020-11-13,915.1093139648438,933.5591087873024,908.3940976360835,908.5086741846509,45388670
2020-11-14,917.8137817382812,923.7727324633623,914.6280685800346,923.5894099782903,5226220
2020-11-17,913.6654663085938,955.721852085926,909.8838337351154,955.721852085926,46542562
2020-11-18,910.8922729492188,919.7390378547889,898.4701739576647,913.6654499124983,30402290
2020-11-19,904.4520263671875,921.5495759718646,902.1830468981045,910.8922591848112,27796343
2020-11-20,870.6923828125,909.3337799016967,868.6296411276237,905.3000183966716,57471248
2020-11-23,894.1614379882812,903.0081423634175,882.9540322195262,894.2989298544564,45327567
2020-11-24,900.2808227539062,904.8416972544782,885.5897436693822,900.2579074421959,30936268
2020-11-25,892.8320922851562,913.527952031178,890.2652137584138,907.591916615242,32637879
2020-11-26,895.0322875976562,900.7161937311712,884.6958461328904,895.238586007114,25838637
2020-11-27,884.5812377929688,896.6366309877594,880.7308594193696,889.4859023128548,47336811
2020-12-01,896.0866088867188,901.289233099085,884.6958808628691,889.4171623084422,19750687
2020-12-02,897.5763549804688,899.3411370227258,886.9648686611823,897.7367621558942,22188887
2020-12-03,900.2808227539062,908.096217120007,897.8055447315646,903.9249635410288,27785372
2020-12-04,892.350830078125,902.549780348608,889.2567780925041,902.549780348608,18464552
2020-12-07,897.5992431640625,900.7162103153938,889.5317809422304,889.5317809422304,18242188
2020-12-08,913.8946533203125,923.2914462012358,893.8405436116705,898.9515065754773,43403061
2020-12-09,929.1128540039062,932.25279718181,916.4157712952266,921.3204358923558,29175254
2020-12-10,919.9681396484375,929.8232989241242,917.2178781493535,926.6605012313032,16065507
2020-12-11,919.4181518554688,934.1779761057632,904.9562266418808,922.7184415498718,26944202
2020-12-14,912.7716674804688,923.6352832758723,910.5026878877748,920.4036787245273,17312747
2020-12-15,905.0020751953125,912.0381663970481,898.9284876123558,912.0381663970481,18551265
2020-12-16,906.010498046875,914.4447264972777,901.0370876531873,911.2589527847912,18561011
2020-12-17,910.1588745117188,919.0514701634703,906.2855807086694,909.6546770447438,20252358
2020-12-18,912.8861694335938,919.0055877382664,900.7161999987342,907.6377753921344,18466344
2020-12-21,889.1192016601562,926.8438650517388,850.4090586705522,921.3433418082055,44135540
2020-12-22,887.7440795898438,897.920114027886,865.6272287328953,893.3821551821042,28140001
2020-12-23,891.0215454101562,894.5052182501908,880.3870831588432,884.6729737434558,19501410
2020-12-24,914.0780029296875,916.209429843614,891.9611523485877,892.4653497843261,20776988
2020-12-28,918.2721557617188,925.0103479012905,914.605100048514,919.8306392842029,17221499
2020-12-29,912.1986694335938,922.3976193340502,908.7607666603935,920.8849663628478,18611939
2020-12-30,914.69677734375,920.0598085293933,905.5521138320104,914.5822007952356,22043630
2020-12-31,910.0213623046875,922.2142474641324,906.9502257042267,913.780079468165,18781189
2021-01-01,911.0298461914062,915.3844221885091,908.5087375893887,911.2589993045335,10015175
2021-01-04,912.5654296875,916.2553404727507,902.0914348132511,914.5135342940032,24513534
2021-01-05,901.220458984375,909.2420905023931,896.5907783033076,902.5497288228405,24123091
2021-01-06,877.4534912109375,901.1745962450914,873.2822378398361,901.1287656239547,46401468
2021-01-07,876.032470703125,891.5486209715637,873.2822091676186,880.3183004863528,32325918
2021-01-08,886.3689575195312,888.5233604873706,876.4679669878903,879.1723980419249,27540187
2021-01-11,869.6610107421875,888.7066649107422,867.4836925076194,888.7066649107422,33307825
2021-01-12,897.0721435546875,898.4243287369109,870.8757001705536,872.2966919065464,41161546
2021-01-13,888.7067260742188,905.2771641118618,879.378739109903,900.0516242382666,26619458
2021-01-14,898.6993408203125,901.5871548094593,888.8212661992793,891.5486123987446,21553242
2021-01-15,888.087890625,904.7499887590614,880.1120894934455,898.6993768232259,20593268
2021-01-18,909.4025268554688,915.3843928768127,881.6247449901952,893.4280092363157,35100458
2021-01-19,924.2769775390625,930.9692787327956,914.3071807456265,914.3071807456265,32006615
2021-01-20,941.8329467773438,943.3455998329347,917.401284149382,926.5689243518408,30924537
2021-01-21,962.3224487304688,971.7650720810956,951.1380193172832,954.3466477204263,39087742
2021-01-22,939.4951782226562,969.6336613958953,932.8715622687025,967.6396656430356,30532660
2021-01-25,889.715087890625,932.779865750421,885.589665300142,932.779865750421,54207104
2021-01-27,868.6296997070312,882.3811299993769,865.4210710330792,882.3811299993769,42370131
2021-01-28,860.1725463867188,881.6018169520127,857.1701557641024,861.8226912146397,34067814
2021-01-29,844.3126220703125,876.9263227277577,838.834953476118,868.3087715880192,43712383
2021-02-01,868.7672119140625,873.2134491027053,847.0858115681622,852.311351199574,34180952
2021-02-02,882.7477416992188,889.2567202255404,850.2715343740796,877.4534564524461,41470034
2021-02-03,884.970947265625,894.757300681565,870.9215578865657,883.8937457749086,30301696
2021-02-04,882.0601806640625,889.2567398843213,873.2134159991973,881.9226281805456,25626981
2021-02-05,881.80810546875,891.3882818889131,880.0892146112084,884.6959197062422,20248046
2021-02-08,894.5051879882812,902.5497348700424,884.2374923017217,886.0709595915429,21183400
2021-02-09,896.6595458984375,911.9923740772907,894.8948245077912,899.318206884634,19604141
2021-02-10,904.9791870117188,909.7692752407276,883.435338570784,895.5595389803343,21234156
2021-02-11,942.291259765625,946.1875293623832,904.0394840196232,907.5919027170206,42539278
2021-02-12,935.828125,952.5131385183562,923.8185623172772,942.1996119337159,30497029
2021-02-15,931.7026977539062,944.8582077715563,928.219024954576,938.7846805276043,15791099
2021-02-16,944.033203125,953.1549523010741,932.802881496031,934.9801998853753,21421660
2021-02-17,954.9196166992188,960.741014605222,939.9534948100977,944.2622398106619,23742994
2021-02-18,947.7918701171875,966.4479037179901,943.8497697894464,955.7218407720154,18646877
2021-02-19,953.5674438476562,964.8665108834765,941.1911753237282,942.8872114559131,23403483
2021-02-22,920.4723510742188,957.9678602579138,914.4447152431129,953.4299014353041,23804335
2021-02-23,927.508544921875,941.0078454501203,922.993501205196,938.7617812472287,25644108
2021-02-24,944.7207641601562,946.6688687651196,928.746185154422,930.5109672659854,10807663
2021-02-25,982.9266967773438,986.4332850134098,950.2212733511736,951.5964345210112,34855693
2021-02-26,956.0885620117188,978.1366075936179,949.1669861696281,970.390019922011,37481215
2021-03-01,963.3767700195312,968.0981121783849,945.4082563142088,967.2729791148116,17680764
2021-03-02,965.3477783203125,976.3488855219025,957.6011908445012,972.6818902030493,17150760
2021-03-03,1009.3980712890625,1017.5572553840722,965.8978411082835,972.2464125919131,31924461
2021-03-04,997.3656005859375,1003.828748665654,989.0460092615402,999.2678744511643,21435754
2021-03-05,998.6719360351562,1013.9131025982049,986.9145027920983,988.2667485623922,25511666
2021-03-08,1004.3558959960938,1023.0577591969392,993.7673254942332,993.9964785910192,19506841
2021-03-09,1004.3330078125,1014.7611720577193,983.9580827349095,1008.435515451042,15154484
2021-03-10,1000.1616821289062,1015.3570182008848,994.7986508670376,1011.6441317511255,11519358
2021-03-12,979.8326416015625,1011.3691415579558,973.5528157347838,1006.1436018764781,16864952
2021-03-15,966.6771240234375,985.0122827733788,953.6591055382644,980.9556664859143,16698099
2021-03-16,962.87255859375,974.5154157112887,960.5348331704779,969.0148318131353,13873801
2021-03-17,942.1309204101562,963.9727287934596,932.8487035121693,961.7037491764538,19210236
2021-03-18,920.9308471679688,955.6302061552235,917.2179604685966,950.175452664011,20647480
2021-03-19,954.3466796875,960.69525139846,908.8754280963202,912.6341453143424,41787429
2021-03-22,945.3624267578125,950.6796276311941,931.9777633302523,949.3045271020536,18572478
2021-03-23,956.8677978515625,967.0438328154761,942.4288481638185,945.1561945497228,17421165
2021-03-24,938.44091796875,953.3153192036881,935.2781200455706,953.3153192036881,16822814
2021-03-25,912.8403930664062,941.5120546663003,909.8838329438006,941.5120546663003,22001648
2021-03-26,914.3071899414062,923.0393175757829,904.7041592614006,922.2600757723222,20180202
2021-03-30,930.1900634765625,939.1743203153876,912.8862150619412,920.4265648198815,20441701
2021-03-31,918.1804809570312,939.6326670448957,916.3011223855142,925.0103953063369,16250796
2021-04-01,926.7750854492188,930.5108871557951,918.2033653028252,925.0103641121028,11723312
2021-04-05,913.3675537109375,928.2190394275535,899.3869710521047,928.1961241166916,14875099
2021-04-06,909.56298828125,919.0285270469295,902.549751465431,918.5930755264645,14009194
2021-04-07,918.06591796875,938.2575804112741,913.6884267557023,916.7595633848343,24266353
2021-04-08,919.2118530273438,926.8438638760107,913.550861994734,921.8017074720822,15369188
2021-04-09,908.5316162109375,919.6702151120933,907.5919066175142,916.0490504682668,14037885
2021-04-12,876.032470703125,899.0660550414589,871.0361450705765,897.9659383027537,20901482
2021-04-13,885.498046875,889.5318084217844,879.1036445817093,881.9226521665396,19411189
2021-04-15,891.227783203125,898.8827094513609,876.880495004118,882.9769376297801,19723716
2021-04-16,885.635498046875,893.7946820087101,883.0456436889467,887.6982396583276,15656948
2021-04-19,871.7008056640625,878.4389983879597,866.3377741074967,872.7550918508488,18478808
2021-04-20,871.4486694335938,879.630707999535,866.5440051069252,875.7344991586106,17203668
2021-04-22,873.8551635742188,877.5451347263307,860.241286961097,867.3691002316476,14490954
2021-04-23,872.91552734375,879.5849132644179,868.790104616964,873.6718538332856,11828857
2021-04-26,888.271240234375,899.3411542259464,876.1929313043806,880.0892010583416,20846778
2021-04-27,911.5569458007812,915.4760702037885,888.4546143578905,889.2567714872772,19992524
2021-04-28,915.5219116210938,920.4265763216893,907.6607474114031,915.7740406673798,17122437
2021-04-29,927.7835693359375,937.1574468537935,920.105727900506,927.2563959516302,17412606
2021-04-30,914.2384643554688,933.26120365448,911.0527511391041,920.655782032818,19828769
2021-05-03,897.9888916015625,907.1335555453037,890.6777556332297,901.1746047808554,23640186
2021-05-04,878.5306396484375,901.9997370917675,875.9637611075009,893.8405527635673,21849830
2021-05-05,880.135009765625,888.5691777775138,874.6115105629798,881.6247474474685,12393609
2021-05-06,885.1312866210938,886.9648144836806,873.94679697057,880.9371181577752,14624666
2021-05-07,885.4751586914062,896.4304356377996,882.8394735121533,888.2254204281215,12288548
2021-05-10,882.9310913085938,892.3737147417395,880.5246199852063,888.7983807222055,13941237
2021-05-11,886.1168212890625,888.5920384213001,875.5052750613311,877.7972303422154,13478264
2021-05-12,876.94921875,886.002221216367,874.1302112387264,884.7187819780459,13177961
2021-05-14,888.0191040039062,890.1734462060485,873.6718166242116,883.7790442829889,13291616
2021-05-17,898.5848388671875,900.0057700476099,884.8563242467998,888.0191828361669,11873078
2021-05-18,911.236083984375,917.9513614042411,904.1541009609921,908.0503707318024,12064918
2021-05-19,915.4072875976562,924.2998828426298,903.9248985804228,907.5918937932091,16317002
2021-05-20,910.0671997070312,921.7558874978663,908.050349246667,915.7969367373396,11422532
2021-05-21,917.9284057617188,921.1599494949313,910.3422256002594,913.0924871945388,10785605
2021-05-24,910.1817626953125,921.251676307845,908.508702543954,920.4265432648657,8551760
2021-05-25,899.8682861328125,915.3844376772581,898.424379005612,915.1093933143347,14780102
2021-05-26,903.0310668945312,907.3627881934681,900.8538092119478,905.3000464446839,7480204
2021-05-27,905.8042602539062,913.5508475324665,899.4556887616017,903.1456599197388,26819294
2021-05-28,960.2139282226562,964.8893789232424,912.1757395018311,912.1757395018311,56469931
2021-05-31,990.23779296875,1004.6309115586384,955.7447341604119,963.5142368379956,59124142
2021-06-01,994.1798706054688,1009.3522306492441,983.9121143470408,992.8505401421406,28013832
2021-06-02,1009.0084838867188,1012.7901164057838,988.7251601490005,988.7251601490005,24630162
2021-06-03,1012.8588256835938,1031.3544513913578,1006.6478067017579,1018.0613891560027,23974257
2021-06-04,1004.0808715820312,1015.9757968391475,1001.215972835257,1015.2194703597206,14468646
2021-06-07,1020.9950561523438,1027.6874180364794,1001.5597810627152,1009.3522597205107,16336573
2021-06-08,1015.1278686523438,1020.8805211708817,1007.5875187259974,1020.6284527446323,9674735
2021-06-09,996.9759521484375,1018.0613712553818,989.1605584884511,1017.1446376247586,11409161
2021-06-10,1000.64306640625,1022.1869142103144,998.1448731518816,1005.410178560161,14155653
2021-06-11,1014.463134765625,1021.2701336418213,999.313690003068,1000.5971898490566,13762778
2021-06-14,1029.016845703125,1035.1362041564505,1006.1665809596429,1015.3113062930896,20332436
2021-06-15,1031.3544921875,1042.768135715735,1026.9081943931424,1036.3967093115714,15174215
2021-06-16,1013.7526245117188,1030.0021857874945,1011.1169395499142,1029.016706229588,10797349
2021-06-17,1015.609130859375,1024.478811167181,999.2220767069317,1008.4354866801418,15745975
2021-06-18,1020.1929321289062,1024.478822809841,1001.26185387972,1020.1241861950441,29369026
2021-06-21,1025.5101318359375,1030.2084981144237,1008.5043034903338,1010.0398718348159,12186448
2021-06-22,1020.2387084960938,1036.3966694851442,1017.305063827188,1033.1879198503868,12871913
2021-06-23,1010.8878173828125,1031.6294468228025,1009.2146966181219,1031.3544630991662,16653951
2021-06-24,987.120849609375,1015.1278456666324,980.9327456903711,1011.575426865448,91461975
2021-06-25,964.6372680664062,987.1208249047892,953.934120686287,987.1208249047892,55355022
2021-06-28,956.18017578125,974.7445475203094,953.8882810293916,972.6818664926423,20277042
2021-06-29,957.0053100585938,966.722978383287,955.309334506487,957.7845518996997,27144063
2021-06-30,967.4793090820312,972.9798326167755,958.4950519364287,960.8786080933168,19762858
2021-07-01,961.6578369140625,973.2089718259205,960.3055911344238,970.8483311615644,12534407
2021-07-02,975.9133911132812,977.6781730742407,959.3658701052952,961.2223133051325,14086620
2021-07-05,985.608154296875,987.1437225552451,977.0364340484646,979.3054134710574,11702287
2021-07-06,973.96533203125,985.0122698833286,971.8568203263075,983.2017178411271,10070124
2021-07-07,967.2041625976562,975.3175157951662,961.6807243343485,975.3175157951662,10454892
2021-07-08,959.2055053710938,970.3670803736079,953.8883045657835,970.3670803736079,11185460
2021-07-09,949.3961791992188,958.7929721924675,947.0584537619383,957.0969360802638,9037675
2021-07-12,955.309326171875,963.2851276290605,950.9088589034208,953.3153303406908,8585292
2021-07-13,962.4600219726562,963.9955902768539,957.1198452514376,962.5975138366089,6717133
2021-07-14,956.18017578125,965.7373756840498,954.0028575802304,962.757900382131,8532544
2021-07-15,954.5071411132812,960.3056240781227,952.7423590707142,960.3056240781227,9448356
2021-07-16,968.2814331054688,969.3586345883135,956.9136201919634,956.9823661248548,8828185
2021-07-19,962.1162109375,973.5986000053203,959.0450743953488,962.5974930734681,8354449
2021-07-20,959.7555541992188,966.2645937934277,955.2634863507388,962.3683240368905,6741464
2021-07-22,972.0859985351562,973.5528209534349,961.749556295587,971.3067567032602,7972397
2021-07-23,965.2102661132812,978.388691291219,963.537145352944,978.388691291219,9937030
2021-07-26,951.9860229492188,972.2234551559545,949.3503378786515,966.2645650758799,12389668
2021-07-27,941.9703979492188,955.125908026662,936.0115078532206,951.9631101825355,10824523
2021-07-28,933.8800048828125,943.3455435715282,924.2081677794938,943.3455435715282,12897848
2021-07-29,941.168212890625,950.8629651756864,936.6531693645694,941.5120031620643,13765738
2021-07-30,932.9404296875,947.9064927305135,931.0151797406852,943.3456181635172,11350608
2021-08-02,949.9921264648438,953.1549244291817,935.6219225114104,941.64961939085,10925104
2021-08-03,956.9823608398438,958.472098534325,946.1875520050795,958.0137316950651,11817299
2021-08-04,964.3164672851562,969.0148334503069,956.6385651254377,960.0305767127345,13169800
2021-08-05,978.2969970703125,987.7166442031296,964.5455683548445,969.1522730286341,21252078
2021-08-06,957.5783081054688,984.118482405404,952.8569658425478,976.3260034205665,16620987
2021-08-09,952.1234741210938,957.9220174020351,947.2417250904157,953.8882560704036,7494143
2021-08-10,957.1198120117188,968.5564309312293,950.5650028081965,954.3466351607118,11919198
2021-08-11,970.5274658203125,971.7650744397419,954.9883999679868,961.1994189978675,9184963
2021-08-12,967.4105224609375,974.6070818749535,964.8894139170732,974.0111625495348,8137612
2021-08-13,983.5225219726562,985.4706871043652,966.7000166394256,970.5274797261686,12780901
2021-08-16,996.2883911132812,1009.8106064759563,975.5008706248092,985.2185382876655,21935444
2021-08-17,992.0484619140625,1001.6514930817065,984.5310272242286,994.157034326096,12658169
2021-08-18,995.8988037109375,1002.3848672668237,986.70830911607,996.5176383491639,10075860
2021-08-20,984.71435546875,995.6008253528368,979.5575619070668,982.3078235161245,9426282
2021-08-23,991.177490234375,996.5176062075203,977.4031458192651,996.5176062075203,9854395
2021-08-24,1000.9639282226562,1004.7684760203806,988.083401833506,992.415123021858,11864472
2021-08-25,1009.6272583007812,1017.6031201827858,999.3137315963152,1001.7431789073327,13380559
2021-08-26,1022.39306640625,1029.0166819300077,1010.7272947964817,1012.1024558301713,18589616
2021-08-27,1020.9950561523438,1028.0312689396699,1015.7924925661467,1025.3955232469832,10480636
2021-08-30,1040.6365966796875,1043.203596359389,1025.3038295110346,1031.3544412631513,14027062
2021-08-31,1035.09033203125,1046.8247903428185,1027.8020504319504,1043.6849076475653,26485463
2021-09-01,1039.1927490234375,1051.0189894852997,1037.3134510209886,1041.89724071651,11145486
2021-09-02,1051.70654296875,1057.8488161527025,1033.646368385473,1033.646368385473,9956770
2021-09-03,1094.840087890625,1097.8195632935938,1055.4194483236831,1058.8572299455507,30664428
2021-09-06,1111.8460693359375,1136.7819294497378,1105.6120133737113,1106.070440850872,33641710
2021-09-07,1118.8592529296875,1126.697501998687,1105.6120203273044,1113.862866252847,17349882
2021-09-08,1114.4815673828125,1124.8638997922849,1103.159586059122,1123.9471661870716,14301651
2021-09-09,1111.8460693359375,1117.461169394724,1107.4914326605322,1112.900294914862,8963249
2021-09-13,1087.0706787109375,1115.2380843558342,1085.4663643164727,1115.2380843558342,16311160
2021-09-14,1085.649658203125,1097.3612014720295,1084.5265654095783,1088.6520490966368,8908356
2021-09-15,1090.1646728515625,1098.1633290848004,1085.6725442883837,1085.6725442883837,9071075
2021-09-16,1113.0377197265625,1116.9568440002952,1084.9848939442843,1091.6543404252113,13448882
2021-09-17,1095.77978515625,1125.7120323701977,1088.9270156765465,1121.1969884449557,34882133
2021-09-20,1097.5216064453125,1108.5226525499063,1086.3600319275276,1087.3225961815488,11779819
2021-09-21,1102.265869140625,1107.720561900596,1092.7773541546824,1102.4033610072993,9915736
2021-09-22,1114.0921630859375,1119.3634123650652,1099.3093618080452,1103.7785751597316,10995912
2021-09-23,1141.31982421875,1144.5742832633498,1120.9677550447884,1121.8386580817216,15748397
2021-09-24,1138.0194091796875,1148.4475727647946,1133.1148053202687,1147.576669731021,15192163
2021-09-27,1157.15673828125,1159.6549921065296,1134.627471947925,1139.9905033215525,15373834
2021-09-28,1167.9744873046875,1175.6981587592984,1151.8165273382556,1161.5341943777294,18035258
2021-09-29,1158.71533203125,1178.0359697285317,1155.1399374014045,1178.0359697285317,9719875
2021-09-30,1154.773193359375,1161.8094062027037,1146.1098722094368,1157.40893907304,13590654
2021-10-01,1156.81298828125,1164.192930584725,1143.6575391165998,1146.8432522010417,8958928
2021-10-04,1171.6875,1180.259160043753,1162.932396222479,1170.2435929111411,10918552
2021-10-05,1196.0045166015625,1197.2880165038616,1167.6536696665046,1171.2061490862445,13533634
2021-10-06,1173.3834228515625,1200.9319903689466,1169.3726373653026,1200.9319903689466,10258881
2021-10-07,1179.1361083984375,1191.2144164433496,1176.98170556715,1189.495404493212,6336665
2021-10-08,1224.447021484375,1230.4747182037254,1183.307369994025,1185.0262607994205,15772493
2021-10-11,1215.9210205078125,1246.7929140180283,1212.5749002791815,1238.2670850319748,14768666
2021-10-12,1222.865478515625,1229.8329453409401,1210.6955087493109,1212.41452076771,6682011
2021-10-13,1235.310546875,1246.5637829204236,1223.5530527573792,1227.9993504307665,9959762
2021-10-14,1237.8087158203125,1245.6241705664743,1231.7581037562036,1237.785800509313,8623469
2021-10-18,1241.109130859375,1258.252450933328,1220.3444641655594,1223.2322783409943,13594479
2021-10-19,1252.2247314453125,1261.16315754236,1241.2924308309439,1248.5347602041966,8833409
2021-10-20,1237.8087158203125,1257.2211366076724,1233.7291842372517,1257.2211366076724,12710570
2021-10-21,1202.1009521484375,1250.4600176121505,1193.2541872404129,1250.185033882586,20831669
2021-10-22,1204.3470458984375,1221.5363180537763,1197.0587644358054,1200.954973592075,11027475
2021-10-25,1192.6124267578125,1228.4577922892026,1178.0359855640784,1228.4577922892026,17198417
2021-10-26,1219.7713623046875,1223.3696720798202,1193.2311906338466,1199.6256531158365,9750178
2021-10-27,1204.3470458984375,1226.991010872554,1200.9320582807156,1215.623197762777,9896298
2021-10-28,1191.1456298828125,1209.1828895875174,1187.432864506906,1200.9549592126311,9886181
2021-10-29,1162.5657958984375,1190.022704462386,1146.7287691799158,1190.022704462386,14233025
2021-11-01,1163.2762451171875,1171.6187520355577,1143.2449896416585,1162.5657492295359,15481114
2021-11-02,1146.3160400390625,1167.9516081501713,1143.7720769686077,1166.5764471004575,10569130
2021-11-03,1138.4320068359375,1155.1170200862193,1128.0725891739946,1148.722557322112,11989430
2021-11-04,1145.4222412109375,1148.1954786668587,1141.3656251658094,1142.717749684169,1705656
2021-11-08,1146.84326171875,1155.1170224299378,1125.9640191807732,1154.8419174613903,20337183
2021-11-09,1155.896240234375,1159.1965298282244,1140.0133843851806,1148.2413143050117,15682497
2021-11-10,1168.8226318359375,1172.5355185555284,1147.6225736580768,1153.6044399704713,10253470
2021-11-11,1170.9541015625,1178.265177085815,1162.2448283122387,1164.3075700680954,10722478
2021-11-12,1188.6246337890625,1191.2145490348018,1172.0771110729677,1174.7816028791312,8712341
2021-11-15,1181.6114501953125,1192.795941103066,1178.0360553057362,1191.7874248871383,4803269
2021-11-16,1154.1544189453125,1180.3278247420833,1143.6575097571767,1178.9755789906594,11337581
2021-11-17,1129.44775390625,1145.4681019657987,1128.07259279697,1145.4681019657987,10202029
2021-11-18,1133.710693359375,1140.9073137930552,1123.0533758261845,1127.6142503941094,8505625
2021-11-22,1083.4951171875,1122.5720244535148,1077.6507433306422,1116.6589046684608,24124307
2021-11-23,1093.6253662109375,1100.6844946407236,1058.398954977012,1069.4229172974653,25326999
2021-11-24,1077.834228515625,1104.6493851195241,1074.2359185764822,1090.9438471614171,16820296
2021-11-25,1142.7177734375,1146.8661720527546,1080.4698488587073,1087.7352146404376,42401936
2021-11-26,1105.8870849609375,1135.6817177057028,1100.7990372227516,1131.189589296319,15763138
2021-11-29,1119.13427734375,1145.9495578875785,1099.6989399021243,1118.0342210947147,24325354
2021-11-30,1102.586669921875,1134.9024717288598,1095.0004895867523,1131.2812463925254,32172299
2021-12-01,1130.8228759765625,1134.0315042907605,1111.6166942203856,1115.237919351135,10104610
2021-12-02,1138.088134765625,1144.2074924479061,1128.3475519065755,1132.0604383226262,12720411
2021-12-03,1103.89306640625,1145.2618702299037,1100.1114339582437,1145.2160396090205,19222481
2021-12-06,1082.968017578125,1111.5709329665058,1080.4698849484687,1107.4455707686775,10332254
2021-12-07,1091.7918701171875,1101.9449290843352,1081.776303016158,1089.1791609258444,11235122
2021-12-08,1108.4080810546875,1114.6878459117324,1102.9992192166824,1111.1584032158878,8744178
2021-12-09,1125.9869384765625,1134.444021700031,1111.570904595521,1116.1546941405727,13213547
2021-12-10,1127.1329345703125,1130.3644782790566,1114.0231947642246,1118.5611536405565,8364414
2021-12-13,1104.5347900390625,1134.0773530508366,1101.9448750407266,1133.8023693320863,12901733
2021-12-14,1091.0125732421875,1102.861728361951,1087.9185214305323,1090.9438273125975,12991523
2021-12-15,1087.826904296875,1102.403345616454,1082.2804291248574,1092.7773388982275,9366969
2021-12-16,1101.8990478515625,1107.216248479138,1085.7412081791317,1102.7241202554083,9761279
2021-12-17,1072.81494140625,1103.778497061196,1063.441003189058,1099.2176227833666,21049821
2021-12-20,1043.8912353515625,1062.455547224142,1030.0251684798482,1062.455547224142,14325846
2021-12-21,1059.43017578125,1075.3588621588585,1050.698109095437,1059.476006400623,12836561
2021-12-22,1084.5723876953125,1087.2310488836472,1064.3579300172785,1065.6871393664082,17658543
2021-12-23,1084.1827392578125,1090.9438469947117,1080.8824495978456,1088.1935247813874,9072401
2021-12-24,1087.6435546875,1096.4443675076675,1071.4855935910882,1086.3600548250688,7886494
2021-12-27,1086.4747314453125,1090.0272110819046,1076.321671896909,1082.48686087442,4017223
2021-12-28,1099.3779296875,1102.334489464229,1087.758049602114,1088.9268515806937,6374613
2021-12-29,1101.2574462890625,1108.8207112147352,1091.9064234068485,1095.9860761516231,15425312
2021-12-30,1081.36376953125,1102.3805058286177,1075.1756652331032,1100.111526169628,29333171
2021-12-31,1085.5120849609375,1092.731499004576,1081.7762831083144,1087.735233824033,9477290
2022-01-03,1101.8760986328125,1103.7555177273655,1083.4034494870864,1084.0681147007076,5421611
2022-01-04,1126.7432861328125,1128.07261664956,1101.9449187558637,1107.399732687683,10847728
2022-01-05,1132.0146484375,1135.406720638124,1115.215058343985,1128.5310362393254,11643813
2022-01-06,1107.6746826171875,1124.86395383207,1104.2367798762002,1123.5804539760977,14447422
2022-01-07,1116.6131591796875,1126.7203875803923,1105.4057533539212,1114.2983490188678,13112115
2022-01-10,1117.5299072265625,1126.2391805142242,1107.4685093188987,1123.947285635108,9246731
2022-01-11,1125.574462890625,1134.4669370112138,1116.1546941413678,1116.6131215938847,16205164
2022-01-12,1155.6212158203125,1157.3860585343637,1129.9061140816111,1132.7939283000276,14800442
2022-01-13,1162.1302490234375,1164.7430794903867,1149.799871630036,1155.6900765912824,11856712
2022-01-14,1163.826171875,1176.7982986423872,1157.798475318835,1161.9927045648858,19930176
2022-01-17,1169.8997802734375,1175.7441547533497,1162.9095189564061,1163.3679464382756,8036453
2022-01-18,1155.942138671875,1174.5293659051256,1153.1689010411296,1171.045753628355,6215029
2022-01-19,1155.8504638671875,1165.2013656520166,1150.0748355618337,1159.700842322413,9755485
2022-01-20,1135.613037109375,1150.5104149613796,1125.3223644863679,1145.9724556690803,16494486
2022-01-21,1135.79638671875,1146.9808780308442,1123.9473513360456,1123.9473513360456,13338594
2022-01-24,1089.981201171875,1148.126674861085,1079.5301230371658,1134.4897626111106,21868937
2022-01-25,1087.849853515625,1094.9088606650018,1056.5653610175182,1076.9861771859275,24510205
2022-01-27,1071.7376708984375,1079.9885163417791,1059.3385480455281,1070.775106616139,20020431
2022-01-28,1070.7064208984375,1089.0644954508907,1067.291554475014,1084.0682300301046,14667727
2022-01-31,1093.96923828125,1103.045156799277,1080.0344248902675,1081.8680135905472,12143683
2022-02-01,1090.3480224609375,1109.5540852680574,1075.8632414513975,1103.7785778610794,13200509
2022-02-02,1092.571044921875,1103.3200225612575,1088.69775137196,1103.3200225612575,10017691
2022-02-03,1078.4530029296875,1100.776153756922,1075.9090396095141,1096.4444323986227,9572839
2022-02-04,1068.62060546875,1076.4818899124477,1063.9451551044901,1073.0669027499628,11061241
2022-02-07,1062.11181640625,1080.3094832814866,1056.565341165564,1073.525459997656,10714467
2022-02-08,1079.965576171875,1081.776249387765,1058.8571809082614,1068.3227800755665,12060849
2022-02-09,1092.5482177734375,1094.2441933117877,1080.859590251658,1086.8871658817368,11486225
2022-02-10,1091.42529296875,1098.1404494751025,1084.1140958487797,1098.1404494751025,12464491
2022-02-11,1089.293701171875,1093.0065876584677,1074.487985846016,1087.8497941356986,15943370
2022-02-14,1071.9439697265625,1079.4614035694667,1060.2323068438277,1072.7232114818019,10719633
2022-02-15,1108.33935546875,1111.0667623701695,1070.6376078345702,1077.7424452213795,11212671
2022-02-16,1106.0474853515625,1115.2379799121732,1098.2550672382072,1113.8628187756915,10392840
2022-02-17,1120.0509033203125,1125.276442801767,1104.695220466274,1109.324840632864,12853252
2022-02-18,1111.2960205078125,1125.9641241180882,1109.3478552162337,1120.4636004198646,6775458
2022-02-21,1100.065673828125,1117.3007770202657,1093.052497178344,1105.6120280255943,11107193
2022-02-22,1095.0692138671875,1098.2321329243787,1075.8860679557888,1078.5216923842481,13494914
2022-02-23,1088.2164306640625,1103.1138071154621,1085.4433144095137,1100.6156745818523,7310110
2022-02-24,1033.9901123046875,1072.5628852107488,1028.329181808948,1056.5653308451497,24846650
2022-02-25,1046.9166259765625,1057.9176736242568,1043.3870615566975,1045.151783144109,14570089
2022-02-28,1081.5699462890625,1085.145341040957,1028.1458690354236,1028.1458690354236,21297446
2022-03-02,1099.44677734375,1100.5698700542646,1067.658149220437,1070.064620570787,21471786
2022-03-03,1090.1646728515625,1106.9184330941696,1086.3830401960822,1100.1114943143052,10186748
2022-03-04,1065.985107421875,1083.7472620952867,1063.601551341078,1078.5675530903663,10805667
2022-03-07,1026.564453125,1059.8199037179454,1018.5198453773746,1044.5099300311947,17983310
2022-03-08,1024.7078857421875,1029.5209494041858,999.2678307434895,1013.7067792394394,21289374
2022-03-09,1079.07177734375,1084.9848973608214,1024.0890970521439,1024.9372060232206,20414228
2022-03-10,1096.5589599609375,1102.4033341122677,1081.7762809984918,1100.1114393218481,17980493
2022-03-11,1099.7216796875,1105.1535778630591,1089.1331095335318,1089.1331095335318,12257423
2022-03-14,1108.7518310546875,1111.295915474005,1088.1935241329193,1094.1066441410262,8340678
2022-03-15,1083.357666015625,1112.9231448061764,1072.9982483480426,1112.9231448061764,15925769
2022-03-16,1101.6470947265625,1103.7327518869158,1089.6146158141908,1091.8606801611006,11149828
2022-03-17,1137.56103515625,1144.757533344728,1107.0328727035721,1115.123310427787,21422098
2022-03-21,1131.0062255859375,1138.6153209824492,1117.988268295583,1120.2801630385682,11999466
2022-03-22,1160.22802734375,1161.9698334791544,1124.6806812756272,1127.6600354567,22557065
2022-03-23,1163.9178466796875,1175.6753408957736,1156.4921948666654,1156.4921948666654,15462187
2022-03-24,1182.0008544921875,1184.522023454214,1150.5331642898968,1150.5331642898968,13168266
2022-03-25,1189.8851318359375,1199.1214568743046,1181.2446048684105,1183.7657739943877,14222488
2022-03-28,1201.848876953125,1205.4241503974265,1185.5992542989727,1196.3711477432732,9891424
2022-03-29,1202.123779296875,1209.2057010190558,1195.179349429393,1209.2057010190558,8684065
2022-03-30,1225.226318359375,1232.124918446874,1199.6257926348296,1210.0768722921507,15811550
2022-03-31,1207.716064453125,1223.7365342560029,1204.8971174609512,1221.5592159727573,13223718
2022-04-01,1217.3878173828125,1221.650792409233,1201.8717279898633,1208.2889845939128,7922880
2022-04-04,1220.9862060546875,1226.1659150383866,1210.8789777524678,1217.204573527322,7929162
2022-04-05,1203.7281494140625,1223.8281500596934,1201.2758474894724,1215.2105384908136,13149870
2022-04-06,1200.5196533203125,1207.6015761524088,1185.874464844214,1185.874464844214,12257215
2022-04-07,1179.3424072265625,1194.5376831347246,1176.6608308921666,1189.541296682488,15496499
2022-04-08,1198.9610595703125,1203.2469501237288,1173.4521965353247,1173.4521965353247,15152495
2022-04-11,1196.462890625,1209.4579325090012,1183.994900868912,1191.7873186883257,9254209
2022-04-12,1173.93359375,1192.979248872291,1171.343678551334,1185.8284591814092,13217742
2022-04-13,1169.624755859375,1188.3954267308752,1166.8056876207352,1180.0987504373015,10354235
2022-04-18,1166.04931640625,1173.360512799562,1155.9420884375718,1161.0759666300064,9974224
2022-04-19,1210.4892578125,1222.9572477242466,1169.3497287803332,1172.535441877599,26141820
2022-04-20,1246.0823974609375,1253.210271178324,1214.2937708370284,1217.9608265886548,25072240
2022-04-21,1275.2584228515625,1278.4212208156011,1252.2935221549972,1260.9569648339216,21708633
2022-04-22,1264.578125,1284.380105465392,1257.8857631886808,1264.6239556205894,15054154
2022-04-25,1235.33349609375,1264.3947176957165,1220.9632924694508,1257.060726984876,17063215
2022-04-26,1272.3017578125,1281.1714375635772,1241.1548810356055,1242.209106521705,12227666
2022-04-27,1273.53955078125,1296.2980927650976,1262.859196799698,1263.225963033782,19338945
2022-04-28,1292.562255859375,1306.8407983910722,1277.0918746553396,1288.0242967720633,25614076
2022-04-29,1278.9942626953125,1309.2014939179776,1273.0582268866956,1309.2014939179776,18214862
2022-05-02,1274.5020751953125,1285.984464730689,1264.2343183931405,1266.0449917049468,9467006
2022-05-04,1234.714599609375,1278.8795550641544,1226.7617746560575,1276.5876603483682,19247660
2022-05-05,1210.53515625,1251.3767885376742,1206.4556245815422,1248.3973130652491,17210669
2022-05-06,1201.2529296875,1218.8317611965022,1188.8307704289866,1197.379636049586,19649948
2022-05-09,1154.3377685546875,1190.4581169602636,1149.1580597674129,1180.3049371761954,18083752
2022-05-10,1134.3294677734375,1158.142355568326,1126.6974568162482,1143.6575754672483,19511677
2022-05-11,1122.7095947265625,1139.050878859728,1110.1728584444318,1133.412742393658,16643899
2022-05-12,1099.83642578125,1116.0859266686812,1086.3600411306854,1112.716891128553,20490321
2022-05-13,1112.3043212890625,1135.865019066684,1107.1475277140466,1112.029337563206,19308778
2022-05-16,1112.579345703125,1137.240097843629,1107.7433668250933,1115.902550463391,13437911
2022-05-17,1159.3111572265625,1164.2387977686785,1114.7795548410595,1116.2005466021342,16551828
2022-05-18,1163.5283203125,1178.0360159486409,1149.7311205681472,1164.1242396483597,17276788
2022-05-19,1136.7130126953125,1151.6791354222153,1130.3874170075692,1138.6153472107746,14699118
2022-05-20,1202.9947509765625,1212.139414776429,1146.8661836139381,1151.6791262733325,21793091
2022-05-23,1194.9503173828125,1216.3336978151426,1188.5787695978247,1206.2263480406389,15252755
2022-05-24,1199.052734375,1209.2057932734845,1190.733142835757,1194.9961181267854,13527818
2022-05-25,1197.2879638671875,1217.7775245561643,1192.474900067679,1207.8307038632186,12714544
2022-05-26,1185.874267578125,1207.784818988279,1167.9515861409743,1202.971755404979,17882023
2022-05-27,1180.373779296875,1194.148064171989,1164.330514806483,1188.6017099718772,16521973
2022-05-30,1221.490478515625,1225.7075020001473,1189.1288455758786,1198.6630699722127,13853398
2022-05-31,1206.75341796875,1227.9076434727126,1198.9839156072687,1210.7642033515904,70620653
2022-06-01,1207.1431884765625,1217.0900097063925,1199.2131571190735,1207.509833455158,9776989
2022-06-02,1248.7640380859375,1252.4998399589306,1207.372318443617,1207.372318443617,22126569
2022-06-03,1274.0665283203125,1291.4162069841407,1256.8772568297964,1257.7941117387797,23939791
2022-06-06,1268.5889892578125,1289.8807087038247,1261.3694536166279,1274.2958718356094,11093152
2022-06-07,1270.9725341796875,1279.3837872008557,1261.4841402723073,1269.666118933297,12358255
2022-06-08,1248.6495361328125,1274.7541989369083,1245.0970565333605,1270.972566216536,12479250
2022-06-09,1282.890380859375,1284.8384247443057,1242.209157440757,1242.209157440757,17278305
2022-06-10,1244.1573486328125,1278.833791459272,1238.312974365536,1270.5829458010678,18093057
2022-06-13,1220.619384765625,1225.1573435937296,1199.2589210886943,1214.7063860991764,17620803
2022-06-14,1204.6678466796875,1224.7220175090583,1197.9525693217622,1214.7293656835407,14714312
2022-06-15,1190.09130859375,1208.8848932974875,1184.6366162790735,1199.831891206755,11195535
2022-06-16,1173.4522705078125,1218.8547783812896,1170.7019480816518,1202.3301710023502,17111475
2022-06-17,1187.20361328125,1203.1781315644348,1171.6646071621985,1173.452243951725,24457187
2022-06-20,1165.6827392578125,1199.6257716149355,1155.6212200791051,1194.0792962718115,12066797
2022-06-21,1184.4991455078125,1188.7619993277563,1158.9215376080524,1173.4521475813492,11720049
2022-06-22,1148.5162353515625,1172.6728504220657,1146.4076632283175,1172.5811891877966,10617206
2022-06-23,1129.8831787109375,1157.408953297844,1120.7385146783233,1152.848078937041,19446323
2022-06-24,1145.972412109375,1150.991592767776,1131.2812726258912,1136.781917312954,14240234
2022-06-27,1142.580322265625,1166.553617423019,1137.4922745062001,1166.553617423019,15474529
2022-06-28,1158.646484375,1161.5113831891986,1137.7444474257538,1137.7444474257538,13572847
2022-06-29,1182.6885986328125,1190.412392504964,1146.4078398212273,1149.2498235014236,19205146
2022-06-30,1189.79345703125,1199.0756125846392,1176.202495698424,1182.6197525022405,23112959
2022-07-01,1104.099365234375,1188.120356156085,1084.0682304303639,1180.2821071014785,81997149
2022-07-04,1106.39111328125,1119.3632391518918,1084.5722233250567,1090.4624276125355,41857728
2022-07-05,1115.3525390625,1129.8602342114448,1107.9496813478086,1110.6541729570247,17647327
2022-07-06,1105.543212890625,1119.3404122074792,1094.6109123633412,1109.3248453442498,23943726
2022-07-07,1094.65673828125,1115.3525371676146,1088.6519570022003,1111.983501562055,23301033
2022-07-08,1096.16943359375,1108.3623191057948,1092.1126960301337,1108.3623191057948,19010108
2022-07-11,1111.0667724609375,1113.312715377174,1086.360066687017,1089.3395420283903,13847467
2022-07-12,1109.4852294921875,1118.3090787825315,1101.9448800519,1101.9448800519,10778989
2022-07-13,1089.82080078125,1115.696430763283,1087.735264967061,1112.6252940751017,14224132
2022-07-14,1098.8050537109375,1115.6735113679642,1089.5458130577802,1094.6109455416256,16970315
2022-07-15,1100.9365234375,1106.9871354480606,1092.364863504216,1106.9871354480606,9603210
2022-07-18,1110.3104248046875,1111.570888101605,1096.581850438588,1109.7374208088013,15160908
2022-07-19,1117.117431640625,1121.655390776058,1100.2489737845974,1100.2489737845974,16439888
2022-07-20,1147.324462890625,1165.4304675819465,1139.6466216282338,1164.2845808425725,23924246
2022-07-21,1139.6695556640625,1145.9494418815082,1130.9604040686318,1143.1991196697786,16523230
2022-07-22,1147.3704833984375,1153.4210955307888,1143.6575967494916,1145.9494916103813,10969995
2022-07-25,1109.46240234375,1131.0292268733538,1101.4866613796826,1131.0292268733538,23110452
2022-07-26,1109.966552734375,1120.2343088642726,1105.314017415992,1109.783230257597,11303288
2022-07-27,1108.9124755859375,1112.4877493414626,1101.0282743345629,1109.2562052758763,8655086
2022-07-28,1126.2850341796875,1131.2583843341515,1109.7375115906132,1116.6131963686305,12496073
2022-07-29,1150.281005859375,1153.7876544454252,1129.447715864083,1134.3523195776195,15130683
2022-08-01,1180.2591552734375,1186.1722754715254,1149.4330909330017,1154.7273764890751,15700044
2022-08-02,1184.751220703125,1195.3627065620303,1174.1626501540004,1179.181951711192,13917913
2022-08-03,1194.6981201171875,1196.3711803315723,1176.867219296224,1191.7873906029668,14250977
2022-08-04,1178.9068603515625,1199.923594523846,1161.9926941475471,1196.3711152416918,14467127
2022-08-05,1161.5343017578125,1182.0696937938956,1158.302757963788,1180.7863151475988,13942438
2022-08-08,1176.7296142578125,1184.247048863513,1160.1591766892423,1160.1591766892423,10165178
2022-08-10,1183.7657470703125,1187.157697914985,1172.0999144129687,1181.1987473818865,10724688
2022-08-11,1187.707763671875,1196.3252537216179,1182.7113774958657,1193.2082866558594,8198226
2022-08-12,1206.9139404296875,1210.741403702378,1183.6283464302796,1187.3411118996262,12650587
2022-08-16,1215.30224609375,1218.0525684006589,1204.301199356179,1212.9645206308903,6607378
2022-08-17,1221.65087890625,1227.0368257217128,1217.2504117116075,1221.5821329730554,6595965
2022-08-18,1223.8663330078125,1227.4072915585027,1214.1629388289355,1223.2684693432077,7410035
2022-08-19,1202.045166015625,1224.0501970750718,1197.952202504507,1218.6696676234765,9460724
2022-08-22,1198.7110595703125,1210.0699827064395,1189.237687751189,1203.4938472764775,9471680
2022-08-23,1217.1981201171875,1220.1413366546572,1191.6979879121764,1192.9167053236868,9678484
2022-08-24,1213.9559326171875,1227.8672411849495,1211.9325624419912,1214.1169848061954,10369622
2022-08-25,1210.4149169921875,1224.601984191342,1206.0690625467641,1218.1867795114865,7871946
2022-08-26,1203.95361328125,1218.669695572357,1198.895066429225,1210.8517312399736,10742038
2022-08-29,1194.59521484375,1220.9690914420707,1185.5816446792085,1188.777752048619,19838975
2022-08-30,1213.128173828125,1216.4853334846316,1184.9148468695348,1202.1142232828738,23139054
2022-09-01,1177.46484375,1197.9522879213223,1173.004038692285,1187.6971316167633,19909939
2022-09-02,1163.714599609375,1184.3399844690086,1161.5071871356324,1177.464856182464,12999345
2022-09-05,1181.7877197265625,1187.1682496136568,1163.9444993237394,1163.9444993237394,11327815
2022-09-06,1194.227294921875,1198.435209144808,1182.7994012608426,1183.259324472964,10899618
2022-09-07,1187.283203125,1193.3305669492804,1181.8796831450707,1184.1790559373944,7488501
2022-09-08,1188.961669921875,1194.7561426258621,1182.339554420887,1190.272347631705,7057077
2022-09-09,1181.5577392578125,1200.2745813868753,1179.1203045234124,1200.2745813868753,8314850
2022-09-12,1194.7791748046875,1201.1945014731086,1182.132563736509,1182.132563736509,7435419
2022-09-13,1204.7584228515625,1209.3341782138502,1196.1358055612113,1203.9536484815465,8888657
2022-09-14,1190.318359375,1200.2746446090127,1183.144360178343,1184.1790353426743,8678219
2022-09-15,1178.5225830078125,1197.308395694751,1175.7862772236242,1187.8580141575485,10365600
2022-09-16,1149.3204345703125,1174.061771963655,1145.5494536781116,1169.8078778060099,20217708
2022-09-19,1150.8150634765625,1160.1275047474742,1141.1116692393027,1149.32046512637,7580254
2022-09-20,1150.9990234375,1167.0257844336486,1147.2510323949336,1160.0125940026749,8411448
2022-09-21,1154.1722412109375,1164.8643306102217,1147.389073333468,1148.1938477161764,9207309
2022-09-22,1143.296142578125,1151.0680056896206,1136.8579473304376,1143.250162420106,10308170
2022-09-23,1121.865966796875,1147.8259014049443,1120.3023981655597,1142.7903443308387,9528051
2022-09-26,1093.28466796875,1111.8866824865881,1092.2729828743588,1100.9645705922296,12479523
2022-09-27,1101.976318359375,1115.6576038628718,1085.3518164035506,1100.9415216012353,16154822
2022-09-28,1072.63623046875,1093.583596690172,1070.1759272917916,1085.4667614092425,16997059
2022-09-29,1069.34814453125,1088.7548103288498,1063.6916125243051,1085.3058122529624,14671827
2022-09-30,1093.4686279296875,1104.6205181289397,1062.771888184244,1062.771888184244,18613024
2022-10-03,1089.6746826171875,1111.4956719154236,1086.6854860052724,1099.79189795872,11852723
2022-10-04,1109.771240234375,1111.9786527114156,1099.1711109850914,1102.6892012292622,8948850
2022-10-06,1113.864013671875,1126.6945446846935,1112.0475542855097,1117.037252539625,13352162
2022-10-07,1118.577880859375,1123.8894404321743,1110.4380550925769,1110.4380550925769,7714340
2022-10-10,1106.3681640625,1111.7946738356984,1098.1823584274014,1106.0002011819565,6329527
2022-10-11,1084.340087890625,1110.1390922221972,1081.2129505947532,1110.1390922221972,9215177
2022-10-12,1092.3189697265625,1095.2851764330599,1077.5339163513465,1081.6268801922415,7417103
2022-10-13,1095.791015625,1100.9415227814739,1085.3518175670768,1090.5484265187492,7328492
2022-10-14,1090.2264404296875,1111.219786867156,1089.4906363180887,1110.5989331416479,9106089
2022-10-17,1107.7247314453125,1110.1390545721003,1077.7639156418754,1083.0065049426328,16729355
2022-10-18,1127.2694091796875,1132.6729287813303,1112.9672700548763,1113.8180245480078,12415820
2022-10-19,1146.8831787109375,1162.4959964794803,1122.8776442355386,1128.7640774617862,19247142
2022-10-20,1149.96435546875,1158.4260425559296,1142.7903560819984,1142.7903560819984,8717053
2022-10-21,1136.6278076171875,1157.4142428345333,1134.5124772853271,1153.2293190428525,8243452
2022-10-24,1140.421875,1150.8380835670227,1129.1320434468116,1131.2933541148973,3370033
2022-10-25,1122.80859375,1149.2284495036315,1121.1760550104768,1149.2284495036315,12233241
2022-10-27,1127.2235107421875,1135.1794160405982,1118.784813789784,1130.3736380950343,12513059
2022-10-28,1161.7142333984375,1165.7840855740624,1131.0404808259343,1133.5927445102238,17609592
2022-10-31,1172.4981689453125,1177.71776783975,1164.4962842081236,1168.5432675504198,12419943
2022-11-01,1163.4156494140625,1195.6758364923362,1153.3674043930116,1195.6758364923362,13963166
2022-11-02,1170.681640625,1172.7741026203626,1156.5865334448672,1164.5423167459194,8981896
2022-11-03,1175.050537109375,1177.0740289608711,1161.2083201732248,1163.4157326546856,6693449
2022-11-04,1192.341796875,1195.6758446397953,1173.18802150413,1174.4755874711611,12575815
2022-11-07,1198.7110595703125,1200.412690263401,1183.7192175493633,1191.5370604720017,11789748
2022-11-09,1197.5155029296875,1205.7702793129001,1191.100176142227,1200.4127394375323,11254205
2022-11-10,1183.0294189453125,1194.089349664191,1178.6605741898684,1191.0771628204707,5966242
2022-11-11,1210.300048828125,1212.231458730222,1190.1574554852532,1195.6759258863383,12310132
2022-11-14,1204.4365234375,1214.9906718644565,1198.0441871961011,1209.8170529986085,9043112
2022-11-15,1199.0330810546875,1207.816629177383,1191.0771757663592,1205.931199440068,7086433
2022-11-16,1192.157958984375,1203.0109791716466,1187.099290152382,1200.2746732256614,9716161
2022-11-17,1195.239013671875,1201.6542182469723,1186.4783346923139,1188.7547172255126,6661451
2022-11-18,1194.59521484375,1199.8148139768198,1182.3855373097979,1198.780017196931,5303197
2022-11-21,1173.0960693359375,1190.1573828729279,1169.5090090557983,1190.1573828729279,6390268
2022-11-22,1179.603271484375,1181.1898301573008,1166.4738689756794,1170.3827904626432,6611488
2022-11-23,1175.9241943359375,1185.5126377883048,1173.7167820185534,1184.1789700389359,6413408
2022-11-24,1186.0645751953125,1192.9167132293242,1171.8543957688637,1180.040201612872,9389439
2022-11-25,1203.769775390625,1207.1268134711438,1187.444143284582,1190.6173823746062,7349922
2022-11-28,1245.1356201171875,1251.34391455544,1150.608200525044,1199.7688959350612,31527484
2022-11-29,1247.27392578125,1256.2185260683516,1238.9041991013291,1243.4799545988596,11058913
2022-11-30,1256.08056640625,1262.5648632555549,1240.8357116736101,1247.4119688361586,26164986
2022-12-01,1252.3785400390625,1266.9565606789845,1249.021502084867,1260.8862069553027,9485801
2022-12-02,1251.849609375,1263.7374256105527,1241.9393047126894,1255.459659720739,11589592
2022-12-05,1233.5926513671875,1249.3663999350263,1231.5462910652268,1247.1819775191307,14828536
2022-12-06,1237.1566162109375,1240.2837532348294,1223.7282217572451,1225.6137729867203,8594245
2022-12-07,1218.899658203125,1239.3641123447374,1215.0597068943023,1234.765366805541,8462111
2022-12-08,1218.32470703125,1225.5677976966701,1214.1169147346975,1223.26842507347,7757008
2022-12-09,1199.86083984375,1223.2685107419047,1196.5266702402077,1216.8301939616829,12655763
2022-12-12,1201.7001953125,1206.2529603671974,1188.7777042473674,1189.0077266562173,9479842
2022-12-13,1207.1728515625,1210.8517505533353,1198.7570234451896,1201.700239950356,8333348
2022-12-14,1202.803955078125,1213.5880040122663,1200.734483254578,1212.990140377826,7268947
2022-12-15,1185.7196044921875,1202.5740078498968,1182.3395764456466,1196.8256368348398,8688551
2022-12-16,1179.856201171875,1204.3216592588387,1176.4301928537343,1182.3396162552467,15837349
2022-12-19,1195.35400390625,1197.515436127094,1180.362040466857,1186.9382974399837,7729933
2022-12-20,1205.7012939453125,1207.6327038325517,1180.0402303987596,1188.2720165997373,7467588
2022-12-21,1188.5478515625,1210.8517545612222,1184.6849102968386,1205.3332844160805,8527550
2022-12-22,1185.4666748046875,1197.8142926021649,1180.3850162216318,1194.7561257495076,7451122
2022-12-23,1150.7000732421875,1191.3071181491375,1146.1243180381161,1178.7984482684913,10257115
2022-12-26,1160.748291015625,1169.003066578783,1146.1932613261781,1156.4715285561472,5990242
2022-12-27,1170.244873046875,1172.1303027727654,1156.701527224235,1163.4846951748516,5763271
2022-12-28,1170.1298828125,1172.5901860600757,1159.5757341288302,1167.1636762124735,7459393
2022-12-29,1169.6009521484375,1172.1762057030828,1161.415146661694,1162.104970614667,6930648
2022-12-30,1171.3944091796875,1185.0986845061402,1168.589254883622,1170.428704311882,7289476
2023-01-02,1184.5928955078125,1186.0185235441973,1171.854325127751,1172.6820895294234,5316175
2023-01-03,1175.9241943359375,1183.2592453168472,1171.670421881046,1179.6032148649108,7658932
2023-01-04,1158.2191162109375,1177.7638456801467,1156.1266541361451,1175.9012843913883,9264891
2023-01-05,1156.149658203125,1166.42792643199,1151.5279225041568,1160.4955129555144,13637099
2023-01-06,1166.65771484375,1171.7393732714932,1158.1040682768103,1161.9440192832972,6349597
2023-01-09,1194.2042236328125,1196.5956782044618,1169.6239388079453,1170.520673452004,10722753
2023-01-10,1176.5450439453125,1198.4351247857478,1170.8426533757943,1198.4351247857478,8047142
2023-01-11,1161.7142333984375,1176.3612248555285,1159.391748862924,1173.8319512501794,11509553
2023-01-12,1136.6278076171875,1164.6342216641813,1133.5926309386032,1161.1162533762147,17688773
2023-01-13,1134.7884521484375,1137.2257653956094,1119.61256749918,1130.5575478532269,20618583
2023-01-16,1123.9813232421875,1140.3298222427752,1116.117378957299,1137.1337150162838,13623855
2023-01-17,1139.9390869140625,1141.8704968023542,1126.970614661861,1130.3736328653408,10751000
2023-01-18,1138.053466796875,1145.5954285464745,1131.4543414964407,1137.5017049424803,13448286
2023-01-19,1136.8349609375,1141.0197635339396,1129.752800173325,1137.225792281928,11940054
2023-01-20,1123.3145751953125,1138.191467141172,1120.8312817980277,1138.191467141172,14930286
2023-01-23,1117.635009765625,1134.1445615711339,1115.1976966188936,1126.2347584728975,10954118
2023-01-24,1111.035888671875,1123.7743379576943,1097.8833747065337,1122.0958190056592,16488755
2023-01-25,1095.676025390625,1110.4610790036154,1094.5034097207258,1109.426403807748,12385018
2023-01-27,1074.8896484375,1097.8833753517445,1063.070802252017,1096.5268391270836,25830975
2023-01-30,1085.19091796875,1090.7783583936548,1058.1731973213864,1072.291416351224,21772103
2023-01-31,1082.4775390625,1098.021385299401,1076.568116250473,1095.423020080741,22691594
2023-02-01,1076.0623779296875,1094.480349406103,1060.012627720101,1094.480349406103,19347800
2023-02-02,1070.10693359375,1079.7872155492498,1062.7718827374076,1065.9909800303587,13662663
2023-02-03,1071.0496826171875,1080.247173257149,1054.4941508090087,1080.247173257149,24699575
2023-02-06,1062.9788818359375,1067.3707166843565,1060.380638036956,1064.611420694839,14837879
2023-02-07,1060.4266357421875,1070.313951014073,1054.4942222509303,1063.2319119352442,15135435
2023-02-08,1081.6038818359375,1085.2599125141492,1060.9325170038264,1063.6916913408597,21160332
2023-02-09,1083.4892578125,1090.2954154646166,1073.3490523865935,1082.2936521512727,13172763
2023-02-10,1074.5677490234375,1082.960465129827,1067.50857901645,1082.960465129827,10790445
2023-02-13,1068.451416015625,1080.707073246697,1063.944631101913,1076.200288332985,10352493
2023-02-14,1093.629638671875,1095.3771279153423,1068.5894290989459,1071.4866655461756,14321920
2023-02-15,1118.393798828125,1120.808243526792,1091.2842400486852,1092.663766338553,33503591
2023-02-16,1117.52001953125,1133.0408758062217,1115.2206469320636,1126.4416290067156,17264487
2023-02-17,1122.187744140625,1125.5449035800852,1108.57542904833,1112.8982933607886,11809520
2023-02-20,1110.3231201171875,1126.579660157565,1108.3456084336372,1124.3952377663982,8836937
2023-02-21,1119.3826904296875,1125.2230219870953,1109.3803030838835,1114.7379646223424,13311592
2023-02-22,1093.9974365234375,1117.4970666266183,1092.2269572717628,1115.6346270647914,11024335
2023-02-23,1088.7548828125,1101.2865433693742,1085.926738261362,1093.5836507370814,9851910
2023-02-24,1096.204833984375,1101.9303363384813,1088.9848549699923,1090.8243044292713,9434053
2023-02-27,1088.915771484375,1098.9411482005814,1081.488881717762,1095.4230581548861,11199715
2023-02-28,1068.08349609375,1088.5249595656444,1063.990654040058,1083.5122711182169,21994038
2023-03-01,1077.90185546875,1078.6376596094817,1068.4053718736234,1077.9478356250067,11551145
2023-03-02,1069.6929931640625,1081.4658586853557,1067.6465114157338,1074.7286714461184,9333535
2023-03-03,1096.9866943359375,1100.6887052291065,1076.821232554421,1080.3162110975811,14643807
2023-03-06,1107.7017822265625,1115.0138437516948,1103.7009002791456,1103.7009002791456,10171916
2023-03-08,1111.6796875,1112.4384816734234,1096.8026750293043,1107.7016743782517,15782657
2023-03-09,1084.9609375,1111.4727558170698,1083.052517675559,1111.0589343980662,16235128
2023-03-10,1068.1524658203125,1077.9478202917737,1064.6343757135955,1076.798194761085,13334091
2023-03-13,1050.585205078125,1077.9477755894006,1046.2163606333118,1071.049657769462,12771592
2023-03-14,1046.6533203125,1059.98963311346,1043.4802030644373,1048.515759865712,16027522
2023-03-15,1028.76416015625,1056.931506793517,1024.3263451979778,1050.4013514274593,21728555
2023-03-16,1023.636474609375,1036.55896592397,1012.7374750161365,1031.5004190815098,18363159
2023-03-17,1022.3489379882812,1035.6162808427193,1017.5662111154269,1032.3052230587475,34014213
2023-03-20,1012.3005981445312,1020.9232759477475,1002.5282340222402,1018.6239033095978,19524589
2023-03-21,1043.779052734375,1045.756564274943,1019.5436191168749,1020.4403537590024,21400360
2023-03-22,1046.9522705078125,1053.7814187871638,1043.9170934947674,1050.8152120116308,10920094
2023-03-23,1033.7078857421875,1043.8710817563363,1031.5234633651712,1042.9973371336553,16249370
2023-03-24,1013.2433471679688,1034.7195467210759,1010.806033984529,1032.5351243949688,12375945
2023-03-27,1028.9940185546875,1036.5589704145036,1011.8177546681874,1019.773598663546,14054323
2023-03-28,1033.7998046875,1037.7087260749838,1028.7411361410152,1032.4201567529476,12576424
2023-03-29,1027.6834716796875,1032.3281971929332,1016.8303912767553,1029.6608616321105,18804065
2023-03-31,1071.992431640625,1077.6949441381314,1036.8809868903531,1037.018927359043,28171201
2023-04-03,1072.1763916015625,1080.247247362887,1064.6114392179525,1078.4077977649556,10293043
2023-04-05,1069.60107421875,1079.7872599196542,1061.64529096604,1079.7872599196542,16262928
2023-04-06,1076.7750244140625,1082.5465067529303,1066.0599457733435,1066.0599457733435,18435046
2023-04-10,1069.14111328125,1080.8909887653906,1067.6235249325764,1080.7070681511557,12961408
2023-04-11,1074.4296875,1076.5681295724355,1068.773277101233,1073.3490322456475,10542367
2023-04-12,1079.16650390625,1088.8927661991409,1071.5325819090108,1074.429696543133,18179087
2023-04-13,1083.2364501953125,1087.9731363307803,1077.0281557170892,1082.0867029597594,12378208
2023-04-17,1088.7318115234375,1115.1746570025848,1080.2701252982338,1115.1746570025848,17929479
2023-04-18,1076.269287109375,1093.1236900087367,1069.6700401019905,1093.1236900087367,10405576
2023-04-19,1081.6268310546875,1084.3400251323076,1072.5213006411332,1075.671427833607,12273475
2023-04-20,1078.8905029296875,1084.8459060275125,1072.475298289556,1082.5925135483521,7007330
2023-04-21,1080.2471923828125,1085.765662536369,1074.452719655173,1081.00598659045,7647317
2023-04-24,1084.3861083984375,1094.917145083313,1079.78724147444,1092.2039510520551,12936186
2023-04-25,1092.686767578125,1094.7792295727213,1080.9370132526958,1088.065032112209,9236126
2023-04-26,1086.2716064453125,1097.308668805128,1082.5695955800606,1094.0434694341627,8617834
2023-04-27,1093.146728515625,1096.342835991864,1087.1453448979203,1092.20401365584,9167125
2023-04-28,1113.1282958984375,1114.6919861966308,1095.3081868899021,1095.4231372852184,15565210
2023-05-02,1122.5787353515625,1124.763157659207,1116.6233320906222,1120.348332888428,12981805
2023-05-03,1112.9443359375,1124.3952195158224,1109.7022483416235,1124.3952195158224,7061872
2023-05-04,1125.77490234375,1128.0053049250107,1110.4150967841426,1113.4272836907612,8635233
2023-05-05,1122.900634765625,1131.9142052367845,1120.2564108128306,1122.5557835876798,8746585
2023-05-08,1136.765869140625,1142.169388631954,1124.0043087229426,1126.6945126099856,9153782
2023-05-09,1140.283935546875,1143.6181051475696,1132.7879535157476,1138.1914734720428,6464721
2023-05-10,1148.1248779296875,1149.6194763039616,1141.0427173903377,1145.0897010244307,10872255
2023-05-11,1140.62890625,1154.0571800203934,1138.9042854360296,1149.2055436002206,10557860
2023-05-12,1142.4913330078125,1143.893971065478,1129.6837915030355,1135.8001254563378,6955341
2023-05-15,1144.7447509765625,1151.7808098585194,1137.3407291929939,1145.0437436417399,6833343
2023-05-16,1128.442138671875,1149.5043334434397,1126.7634981335725,1146.92907990457,8717229
2023-05-17,1121.77392578125,1133.5926499805787,1117.037240070709,1132.6729252590223,8798967
2023-05-18,1119.359619140625,1129.9137676173823,1116.1863802618932,1126.4876378876947,10525531
2023-05-19,1122.9925537109375,1124.8321248474272,1112.3694348527808,1119.3596348745693,8050447
2023-05-22,1128.993896484375,1134.0525648769071,1118.5778103408077,1119.796406054766,7434906
2023-05-23,1128.7869873046875,1134.9722911120414,1127.3613592565018,1131.592263247286,6092034
2023-05-24,1122.2108154296875,1133.1329273860515,1119.0836781741557,1124.8091808768409,8112254
2023-05-25,1122.0728759765625,1126.23481005526,1111.0819154149729,1119.2907115385099,11487863
2023-05-26,1152.6776123046875,1153.827237832122,1127.0395398476114,1130.3735876818564,12626260
2023-05-29,1159.1617431640625,1163.4846074574239,1152.9994294406767,1159.3456637789413,10010304
2023-05-30,1158.8629150390625,1167.0257306731078,1156.2875397730056,1159.1617860492977,11342504
2023-05-31,1135.8460693359375,1154.218182327998,1131.7532273257953,1149.6884072034493,27107927
2023-06-01,1132.7879638671875,1142.7443709624179,1130.3736406698395,1140.559948553209,14592692
2023-06-02,1129.0859375,1141.8015188005102,1127.1545276248446,1136.3520187118993,15800644
2023-06-05,1139.2261962890625,1142.215392875901,1130.5804676080938,1134.6044609461424,10908682
2023-06-06,1140.19189453125,1144.0318455894426,1132.2131214141684,1142.0774457651908,7493309
2023-06-07,1148.837646484375,1149.6884009904004,1137.0877706608783,1143.710007730157,10312545
2023-06-08,1149.52734375,1157.4372684025475,1145.5494521666944,1152.4475701349434,12071109
2023-06-09,1141.3876953125,1153.6203633016692,1139.5711141925142,1152.9075492288744,5877018
2023-06-12,1142.3992919921875,1144.7216546584948,1133.5926329371919,1138.421400523846,6391969
2023-06-13,1159.2767333984375,1160.4724607174894,1143.3650452114746,1147.3890386439825,11248016
2023-06-14,1173.532958984375,1174.9815772393838,1157.506319504115,1159.3457691012468,13277380
2023-06-15,1173.8548583984375,1178.4536037054318,1166.0139039867345,1173.5098855980716,11813494
2023-06-16,1185.2828369140625,1187.5822097333855,1177.3729116999634,1177.3729116999634,24171579
2023-06-19,1173.5098876953125,1188.3179303259199,1169.302095335797,1188.3179303259199,6798554
2023-06-20,1175.947265625,1179.1203830376844,1165.7840695448344,1171.5555524045922,6921096
2023-06-21,1179.2584228515625,1181.8106864524987,1171.762440955457,1175.9012632327351,6961603
2023-06-22,1166.013916015625,1183.397212380392,1164.4043673056347,1175.441429140654,7619166
2023-06-23,1156.4715576171875,1165.0481944689302,1155.2068600885727,1162.9787225968207,6628570
2023-06-26,1147.6419677734375,1156.770488592457,1144.4918404678187,1152.9075472152886,12641159
2023-06-27,1148.055908203125,1154.057170140608,1143.549122999952,1148.1018883598538,9689466
2023-06-28,1163.2547607421875,1167.094711959306,1148.699608601198,1155.666818619663,11354006
2023-06-30,1172.797119140625,1175.7403357190058,1165.0712364426881,1171.0266398341969,11151555
2023-07-03,1202.89599609375,1205.7932325129836,1175.142470969376,1176.3841784749407,12154387
2023-07-04,1190.5023193359375,1207.1728010479917,1183.3741791480722,1207.1728010479917,8061643
2023-07-05,1188.5478515625,1199.814814270939,1184.546969830319,1199.814814270939,10248062
2023-07-06,1213.49609375,1216.1173275220983,1184.6619140538073,1184.6619140538073,19117987
2023-07-07,1211.1278076171875,1225.544898141248,1208.5524322389842,1211.7716514617384,13375267
2023-07-10,1257.7821044921875,1267.4165288547981,1230.1666407413459,1236.558855784212,33240016
2023-07-11,1271.4173583984375,1273.8546715770758,1258.954789929894,1265.9908485310805,20069348
2023-07-12,1272.8199462890625,1288.5707034790769,1270.0146703340085,1272.1531124157816,18733835
2023-07-13,1261.4381103515625,1287.1911339270844,1258.7938864150976,1280.2470354883612,14682934
2023-07-14,1260.38037109375,1269.6698219044079,1253.2062506517982,1264.6571336258567,15124144
2023-07-17,1286.1334228515625,1294.572119366041,1254.5399473663306,1263.2776365298214,22220040
2023-07-18,1297.055419921875,1304.8732627451204,1284.4317993755742,1295.468861279529,25867313
2023-07-19,1306.896728515625,1313.4040151401095,1286.2713449346545,1301.4472287254182,39122156
2023-07-20,1305.3140869140625,1310.8444778206224,1285.4591746493725,1285.4591746493725,38717624
2023-07-21,1264.90673828125,1302.8476637737438,1257.3584513058045,1299.9080965734245,30249238
2023-07-24,1239.3221435546875,1253.0486800623623,1230.3040724211016,1236.1334561692279,23727866
2023-07-25,1238.5250244140625,1248.1908318209175,1235.6352080670708,1242.6105681126107,12026020
2023-07-26,1258.65380859375,1269.0172244683765,1238.1263458201474,1238.1263458201474,12911012
2023-07-27,1246.9451904296875,1264.3586536373386,1240.7919995780999,1262.565062669529,17226898
2023-07-28,1259.47607421875,1266.9496744653775,1245.8740974417622,1251.603857630843,20827852
2023-07-31,1270.1383056640625,1272.4550729816635,1254.5433695119561,1259.4760184406568,8551174
2023-08-01,1252.1767578125,1274.9961743983208,1248.240710424301,1273.0032143758147,9536632
2023-08-02,1238.799072265625,1251.5788796053453,1227.4641122691992,1250.18378327766,12748214
2023-08-03,1233.5924072265625,1246.0484076292728,1224.6988959234047,1233.293536201275,10168350
2023-08-04,1250.358154296875,1253.5717778093197,1231.4499715630498,1245.0020745625943,22885610
2023-08-07,1257.4830322265625,1259.7499268411789,1248.0911598722732,1256.0629996159682,5982870
2023-08-08,1249.90966796875,1262.7642836862365,1245.3757571685012,1259.5506601670197,9844072
2023-08-09,1258.1556396484375,1260.0489760006049,1236.1833283537992,1248.0165285040619,11486586
2023-08-10,1263.7608642578125,1270.512040802753,1249.8101438097824,1258.0311040738002,15470598
2023-08-11,1269.0919189453125,1274.9214240354968,1251.753264919044,1261.7678155527515,22179330
2023-08-14,1284.0889892578125,1286.6051254865097,1258.0559502865367,1265.0313100108976,9575812
2023-08-16,1283.042724609375,1286.854333704457,1271.0102769161458,1271.0102769161458,10203112
2023-08-17,1264.5330810546875,1284.512553095606,1261.967193789962,1279.0319132644,13673744
2023-08-18,1273.9000244140625,1284.2634404825606,1249.8599450163206,1261.1699684048542,18639978
2023-08-21,1260.0,1277.7249755859375,1257.824951171875,1269.9749755859375,9221746
2023-08-22,1259.699951171875,1268.9749755859375,1249.5,1258.449951171875,7713044
2023-08-23,1261.0999755859375,1271.425048828125,1258.4749755859375,1262.0999755859375,9517952
2023-08-24,1239.9000244140625,1269.949951171875,1235.5,1269.949951171875,14140020
2023-08-25,1234.175048828125,1252.5,1221.300048828125,1228.0,22222400
2023-08-28,1221.875,1242.0,1215.550048828125,1236.0,12580826
2023-08-29,1210.175048828125,1226.7249755859375,1204.074951171875,1226.0250244140625,16876644
2023-08-30,1209.0250244140625,1221.5,1207.5,1216.0,12168946
2023-08-31,1203.5,1212.5,1199.949951171875,1211.5,21638600
2023-09-01,1206.324951171875,1212.824951171875,1200.824951171875,1203.2750244140625,18112842
2023-09-04,1205.3499755859375,1211.824951171875,1202.6500244140625,1206.324951171875,9347626
2023-09-05,1211.800048828125,1216.9749755859375,1206.2249755859375,1210.0,8675876
2023-09-06,1214.3499755859375,1218.074951171875,1208.625,1210.550048828125,8200370
2023-09-07,1216.0,1219.125,1205.5,1210.8499755859375,13652572
2023-09-08,1224.0999755859375,1228.0,1211.4749755859375,1220.0,23109288
2023-09-11,1237.300048828125,1238.425048828125,1226.0,1226.0,13271074
2023-09-12,1219.425048828125,1241.5,1217.9749755859375,1241.5,16255666
2023-09-13,1225.5250244140625,1231.324951171875,1213.125,1220.0,12803338
2023-09-14,1226.6500244140625,1232.9000244140625,1222.5,1230.0,9209636
2023-09-15,1228.925048828125,1234.0,1224.75,1234.0,25468592
2023-09-18,1218.2249755859375,1225.5,1216.0250244140625,1220.0250244140625,7516300
2023-09-20,1191.074951171875,1213.800048828125,1177.5,1211.5250244140625,57081884
2023-09-21,1182.4000244140625,1195.050048828125,1180.0,1187.4749755859375,12226182
2023-09-22,1177.4749755859375,1191.2249755859375,1175.0,1188.0,19176786
2023-09-25,1170.2249755859375,1180.3499755859375,1167.550048828125,1175.199951171875,14254884
2023-09-26,1171.25,1175.0999755859375,1167.800048828125,1169.2750244140625,10087782
2023-09-27,1184.449951171875,1185.9000244140625,1169.25,1171.75,11722778
2023-09-28,1167.050048828125,1191.5,1162.5,1191.5,14518346
2023-09-29,1172.5,1184.550048828125,1167.050048828125,1170.9000244140625,12342014
2023-10-03,1159.074951171875,1167.800048828125,1158.0,1164.9749755859375,8859056
2023-10-04,1157.074951171875,1159.5,1147.550048828125,1154.5,10286386
2023-10-05,1157.050048828125,1164.699951171875,1154.5,1159.625,10953682
2023-10-06,1159.0,1162.4000244140625,1156.0250244140625,1158.5250244140625,5431026
2023-10-09,1149.125,1155.9749755859375,1147.5,1154.050048828125,7576878
2023-10-10,1154.199951171875,1158.949951171875,1151.875,1153.2750244140625,10236032
2023-10-11,1172.5250244140625,1174.8499755859375,1156.5,1157.2249755859375,9814118
2023-10-12,1174.699951171875,1179.675048828125,1169.074951171875,1171.925048828125,12554450
2023-10-13,1174.6500244140625,1178.75,1164.574951171875,1170.0,10150316
2023-10-16,1172.0250244140625,1177.2750244140625,1168.0,1172.5,5929036
2023-10-17,1177.625,1179.8499755859375,1170.6500244140625,1178.0,7928180
2023-10-18,1162.0,1183.5,1160.5,1177.625,8918320
2023-10-19,1153.074951171875,1160.9000244140625,1150.5,1156.0,12032556
2023-10-20,1149.550048828125,1157.3499755859375,1148.1500244140625,1150.0,8913312
2023-10-23,1131.5999755859375,1153.125,1127.625,1145.0,7853962
2023-10-25,1128.9749755859375,1140.5999755859375,1121.5,1125.0250244140625,11620688
2023-10-26,1113.25,1129.0,1110.1500244140625,1125.5,15222534
2023-10-27,1132.9000244140625,1136.75,1117.9749755859375,1120.0,11771084
2023-10-30,1156.25,1162.5,1134.9749755859375,1137.0,16813304
2023-10-31,1143.949951171875,1164.0,1141.449951171875,1164.0,12808438
2023-11-01,1148.699951171875,1158.75,1137.5999755859375,1144.574951171875,10309190
2023-11-02,1160.0999755859375,1162.1500244140625,1153.9749755859375,1156.9749755859375,10562104
2023-11-03,1159.8499755859375,1167.4749755859375,1157.875,1163.5999755859375,8850156
2023-11-06,1169.5,1170.0,1162.800048828125,1166.1500244140625,10647304
2023-11-07,1161.9000244140625,1169.550048828125,1159.7750244140625,1167.0250244140625,6960204
2023-11-08,1167.949951171875,1170.5,1160.875,1166.0,7884494
2023-11-09,1155.2750244140625,1167.949951171875,1152.0999755859375,1167.925048828125,14513610
2023-11-10,1157.449951171875,1158.175048828125,1149.0250244140625,1152.7750244140625,7734954
2023-11-13,1157.300048828125,1162.300048828125,1155.8499755859375,1161.449951171875,3854810
2023-11-15,1178.2249755859375,1180.9749755859375,1163.5,1170.0,12220648
2023-11-16,1180.3499755859375,1187.074951171875,1173.4749755859375,1175.550048828125,13134910
2023-11-17,1177.7750244140625,1186.625,1176.0250244140625,1176.449951171875,7758634
2023-11-20,1174.675048828125,1179.199951171875,1168.199951171875,1174.2750244140625,4490186
2023-11-21,1189.449951171875,1194.0,1180.0999755859375,1183.0,8214450
2023-11-22,1194.0999755859375,1197.2249755859375,1186.0999755859375,1187.5,8534814
2023-11-23,1197.75,1200.0,1194.0999755859375,1194.0999755859375,8531542
2023-11-24,1196.949951171875,1201.300048828125,1195.5250244140625,1195.800048828125,6749486
2023-11-28,1197.199951171875,1199.8499755859375,1187.625,1196.949951171875,13792174
2023-11-29,1200.3499755859375,1205.9749755859375,1199.0250244140625,1204.0,12531306
2023-11-30,1188.7249755859375,1200.3499755859375,1184.949951171875,1197.3499755859375,28439984
2023-12-01,1197.1500244140625,1198.199951171875,1188.800048828125,1189.0,14342842
2023-12-04,1210.0999755859375,1225.0,1199.300048828125,1225.0,15590990
2023-12-05,1218.875,1220.425048828125,1210.824951171875,1219.5,12693624
2023-12-06,1230.550048828125,1236.4749755859375,1217.5,1223.550048828125,16422442
2023-12-07,1228.5250244140625,1230.4749755859375,1221.0,1230.0,8142096
2023-12-08,1227.875,1238.3499755859375,1222.5,1231.925048828125,10204894
2023-12-11,1229.675048828125,1233.800048828125,1226.199951171875,1228.0,7066138
2023-12-12,1212.0250244140625,1232.4749755859375,1210.074951171875,1230.0,9197124
2023-12-13,1216.9749755859375,1219.175048828125,1203.1500244140625,1211.0,10031182
2023-12-14,1232.074951171875,1237.4749755859375,1221.324951171875,1227.0,16972354
2023-12-15,1247.800048828125,1250.0,1235.0250244140625,1239.0,15932152
2023-12-18,1260.5,1267.449951171875,1245.4749755859375,1247.800048828125,14165188
2023-12-19,1279.050048828125,1286.949951171875,1262.5999755859375,1277.5,16820604
2023-12-20,1263.574951171875,1299.425048828125,1260.0,1285.5250244140625,17736722
2023-12-21,1281.2750244140625,1286.75,1259.125,1263.5,13765454
2023-12-22,1282.5250244140625,1290.449951171875,1273.824951171875,1279.800048828125,16541784
2023-12-26,1289.0250244140625,1295.9749755859375,1281.3499755859375,1284.0,7465664
2023-12-27,1293.425048828125,1299.949951171875,1286.550048828125,1291.0,9204156
2023-12-28,1302.7750244140625,1306.0,1293.425048828125,1294.9000244140625,12302636
2023-12-29,1292.4749755859375,1307.0,1289.6500244140625,1305.550048828125,10864584
2024-01-01,1295.125,1303.425048828125,1286.574951171875,1290.2750244140625,4030540
2024-01-02,1305.8499755859375,1307.5,1286.5,1292.5,7448800
2024-01-03,1291.6500244140625,1317.0,1288.5999755859375,1305.0,9037536
2024-01-04,1298.324951171875,1304.925048828125,1289.550048828125,1294.0,9612778
2024-01-05,1303.8499755859375,1309.925048828125,1299.0,1301.449951171875,8086406
2024-01-08,1293.675048828125,1315.9749755859375,1284.4749755859375,1305.0,7734652
2024-01-09,1290.25,1303.4000244140625,1288.5999755859375,1300.0,5403074
2024-01-10,1325.050048828125,1329.5,1287.5250244140625,1288.5,11102740
2024-01-11,1359.9000244140625,1362.5,1328.5,1329.5,23725852
2024-01-12,1370.7249755859375,1373.324951171875,1345.75,1359.9000244140625,15012164
2024-01-15,1394.125,1396.449951171875,1366.0,1375.0,8610594
2024-01-16,1374.625,1396.300048828125,1370.5,1389.9749755859375,9069024
2024-01-17,1361.574951171875,1386.2750244140625,1355.0250244140625,1359.5,12197382
2024-01-18,1367.949951171875,1371.0,1351.25,1351.4000244140625,10279438
2024-01-19,1367.449951171875,1376.0,1359.0,1376.0,10422704
2024-01-23,1328.574951171875,1371.75,1322.550048828125,1371.75,20055420
2024-01-24,1343.875,1349.5,1323.925048828125,1335.2249755859375,21919128
2024-01-25,1353.074951171875,1364.1500244140625,1335.199951171875,1342.949951171875,11808872
2024-01-29,1448.050048828125,1452.5,1360.175048828125,1364.5,23893438
2024-01-30,1407.625,1459.9749755859375,1404.425048828125,1459.949951171875,14093978
2024-01-31,1426.625,1434.25,1402.5,1404.0,15130226
2024-02-01,1426.6500244140625,1443.3499755859375,1418.050048828125,1435.0,13349362
2024-02-02,1457.699951171875,1474.9000244140625,1433.175048828125,1433.175048828125,19652588
2024-02-05,1439.0250244140625,1470.5,1431.5250244140625,1460.75,8814432
2024-02-06,1427.800048828125,1441.8499755859375,1419.824951171875,1441.8499755859375,9047984
2024-02-07,1442.1500244140625,1449.5,1429.25,1435.925048828125,9296568
2024-02-08,1450.125,1459.4749755859375,1427.5250244140625,1450.0,14694634
2024-02-09,1460.75,1471.9749755859375,1450.949951171875,1454.0,12556798
2024-02-12,1452.3499755859375,1461.0,1442.3499755859375,1460.75,6674430
2024-02-13,1465.0999755859375,1479.0,1454.0,1455.5,7715594
2024-02-14,1481.375,1483.6500244140625,1457.5,1457.5,7117888
2024-02-15,1470.5999755859375,1484.7249755859375,1466.5250244140625,1483.3499755859375,10006782
2024-02-16,1460.574951171875,1477.0,1458.550048828125,1476.4749755859375,9767498
2024-02-19,1474.0,1479.5,1453.5250244140625,1462.050048828125,6729828
2024-02-20,1471.0250244140625,1475.5,1461.800048828125,1475.0250244140625,7117496
2024-02-21,1467.699951171875,1488.5250244140625,1457.550048828125,1474.0,12720292
2024-02-22,1481.75,1484.949951171875,1458.0,1468.1500244140625,18493728
2024-02-23,1493.625,1497.550048828125,1483.3499755859375,1489.5,14438584
2024-02-26,1487.324951171875,1494.5250244140625,1482.5,1493.550048828125,7513106
2024-02-27,1485.6500244140625,1499.949951171875,1478.050048828125,1483.0250244140625,10826044
2024-02-28,1455.625,1491.2750244140625,1450.175048828125,1483.0,8647950
2024-02-29,1460.800048828125,1478.9749755859375,1454.5250244140625,1465.0,23628976
2024-03-01,1492.125,1500.0,1462.5,1463.5,12132926
2024-03-04,1507.4000244140625,1512.449951171875,1487.2249755859375,1490.4749755859375,10024420
2024-03-05,1500.199951171875,1507.4000244140625,1486.050048828125,1505.7750244140625,7107668
2024-03-06,1503.0,1509.0,1478.5,1493.449951171875,7805676
2024-03-07,1478.925048828125,1503.0999755859375,1475.550048828125,1502.9749755859375,8315726
2024-03-11,1466.5999755859375,1489.0,1463.5,1489.0,11277130
2024-03-12,1475.425048828125,1488.0,1465.0250244140625,1466.5999755859375,9432678
2024-03-13,1432.175048828125,1483.0999755859375,1427.7750244140625,1479.7750244140625,13522134
2024-03-14,1431.4749755859375,1448.5250244140625,1425.5,1439.699951171875,18571102
2024-03-15,1418.2249755859375,1433.2249755859375,1412.9000244140625,1425.949951171875,19223818
2024-03-18,1439.4749755859375,1441.7249755859375,1416.5250244140625,1420.0,9169392
2024-03-19,1425.25,1437.5999755859375,1417.25,1428.75,8275764
2024-03-20,1443.75,1445.0,1424.0250244140625,1427.949951171875,8488806
2024-03-21,1450.9749755859375,1457.9000244140625,1444.675048828125,1452.5250244140625,13006936
2024-03-22,1455.0250244140625,1460.0,1447.3499755859375,1449.9749755859375,19527608
2024-03-26,1441.574951171875,1452.4000244140625,1439.0,1445.0,11415906
2024-03-27,1492.8499755859375,1500.0,1447.0,1448.0,16326644
2024-03-28,1485.8499755859375,1505.949951171875,1478.6500244140625,1492.875,21854364
2024-04-01,1484.7750244140625,1493.9749755859375,1482.5,1492.4749755859375,5013880
2024-04-02,1486.949951171875,1494.0,1475.0,1484.0,8910166
2024-04-03,1471.5999755859375,1484.449951171875,1468.9000244140625,1482.074951171875,7008292
2024-04-04,1462.925048828125,1479.75,1450.0,1479.75,14490272
2024-04-05,1460.0999755859375,1470.800048828125,1456.0,1460.875,7442298
2024-04-08,1485.9749755859375,1490.9749755859375,1461.0,1462.9749755859375,8357118
2024-04-09,1463.6500244140625,1489.800048828125,1462.5,1489.0,7071414
2024-04-10,1479.574951171875,1487.0,1466.3499755859375,1466.3499755859375,9138330
2024-04-12,1467.1500244140625,1486.4749755859375,1463.074951171875,1475.875,15551012
2024-04-15,1464.824951171875,1482.125,1446.324951171875,1461.0,12902062
2024-04-16,1465.75,1471.175048828125,1450.925048828125,1453.3499755859375,9366184
2024-04-18,1464.324951171875,1486.0,1459.3499755859375,1463.5,19005692
2024-04-19,1470.125,1474.0,1443.0250244140625,1456.7750244140625,15741778
2024-04-22,1479.8499755859375,1482.824951171875,1467.800048828125,1472.449951171875,10350362
2024-04-23,1459.324951171875,1493.5,1455.550048828125,1479.0,14605554
2024-04-24,1450.175048828125,1468.550048828125,1449.5,1463.5,10462776
2024-04-25,1459.9749755859375,1467.9749755859375,1441.5,1442.5,15943926
2024-04-26,1452.550048828125,1465.0,1450.0,1463.949951171875,9413848
2024-04-29,1465.0250244140625,1467.9000244140625,1450.0,1450.0,7247974
2024-04-30,1467.0,1483.074951171875,1462.875,1468.0,11474262
2024-05-02,1466.550048828125,1477.324951171875,1464.125,1472.0,14512646
2024-05-03,1434.0,1474.949951171875,1416.1500244140625,1471.0,17226958
2024-05-06,1419.5250244140625,1440.0,1418.0,1435.5,7394208
2024-05-07,1401.4749755859375,1420.75,1392.0,1415.9749755859375,14517472
2024-05-08,1418.550048828125,1432.949951171875,1397.5,1397.5,9439002
2024-05-09,1394.125,1423.75,1390.0,1413.0,11009612
2024-05-10,1407.425048828125,1410.0,1388.074951171875,1396.75,10505096
2024-05-13,1402.699951171875,1406.9749755859375,1384.0,1399.9000244140625,8456620
2024-05-14,1420.074951171875,1427.074951171875,1400.0250244140625,1400.9749755859375,7188300
2024-05-15,1416.2750244140625,1429.9749755859375,1413.0250244140625,1420.5,5046534
2024-05-16,1425.3499755859375,1427.5,1398.0250244140625,1418.550048828125,14711774
2024-05-17,1435.699951171875,1437.199951171875,1413.25,1423.050048828125,10916476
2024-05-21,1436.125,1441.824951171875,1425.5999755859375,1425.5999755859375,11176128
2024-05-22,1460.6500244140625,1468.7750244140625,1436.2750244140625,1436.2750244140625,10281604
2024-05-23,1486.050048828125,1492.2249755859375,1455.0,1458.550048828125,14608260
2024-05-24,1480.25,1488.5,1476.0999755859375,1483.625,7094776
2024-05-27,1466.25,1484.9000244140625,1461.550048828125,1480.2249755859375,6629010
2024-05-28,1456.199951171875,1478.5,1452.75,1468.0,7820162
2024-05-29,1440.7750244140625,1458.0,1438.449951171875,1446.5,7383556
2024-05-30,1424.8499755859375,1440.4000244140625,1420.0999755859375,1435.5,13206858
2024-05-31,1430.4000244140625,1442.25,1422.25,1431.300048828125,31069832
2024-06-03,1510.324951171875,1514.5,1459.0,1483.0,21527942
2024-06-04,1397.2750244140625,1498.050048828125,1359.300048828125,1498.050048828125,36709098
2024-06-05,1420.75,1431.1500244140625,1384.0999755859375,1422.0,17464890
2024-06-06,1431.5999755859375,1443.699951171875,1421.3499755859375,1435.0,17855722
2024-06-07,1469.949951171875,1472.0,1426.5,1428.5,18558696
2024-06-10,1471.4000244140625,1493.3499755859375,1468.074951171875,1469.949951171875,9251760
2024-06-11,1456.675048828125,1473.675048828125,1454.675048828125,1469.0,11774902
2024-06-12,1463.324951171875,1476.0,1455.175048828125,1457.5,10081742
2024-06-13,1465.25,1472.25,1460.0999755859375,1472.0,9181160
2024-06-14,1477.550048828125,1479.675048828125,1457.2249755859375,1470.0,8157998
2024-06-18,1481.0250244140625,1487.4000244140625,1471.3499755859375,1487.3499755859375,7196766
2024-06-19,1458.6500244140625,1487.5,1456.0,1487.5,8725874
2024-06-20,1473.699951171875,1482.8499755859375,1450.0999755859375,1459.0,16113776
2024-06-21,1454.199951171875,1474.699951171875,1440.574951171875,1473.625,31170360
2024-06-24,1441.4749755859375,1449.5,1437.5,1445.5250244140625,8878386
2024-06-25,1454.1500244140625,1455.925048828125,1441.0,1443.0,7045386
2024-06-26,1514.0250244140625,1518.9749755859375,1445.125,1446.050048828125,22014882
2024-06-27,1530.550048828125,1537.5,1506.0,1513.75,28383030
2024-06-28,1565.4000244140625,1581.0,1531.0250244140625,1531.0250244140625,28957336
2024-07-01,1560.1500244140625,1579.4000244140625,1555.675048828125,1562.5250244140625,7724306
2024-07-02,1565.175048828125,1573.5,1557.0,1569.5,7749246
2024-07-03,1552.425048828125,1575.0,1542.7750244140625,1566.324951171875,9049620
2024-07-04,1554.0250244140625,1567.5,1550.800048828125,1557.0,6837176
2024-07-05,1588.625,1598.5,1548.0,1553.824951171875,12269710
2024-07-08,1600.9000244140625,1608.800048828125,1582.5250244140625,1589.0,9500806
2024-07-09,1590.2750244140625,1600.5,1580.5,1597.5999755859375,6960002
2024-07-10,1584.2249755859375,1597.5,1563.1500244140625,1595.0,7134578
2024-07-11,1580.6500244140625,1604.25,1570.5,1587.5,11940946
2024-07-12,1596.7249755859375,1605.1500244140625,1574.5,1584.5,12924784
2024-07-15,1597.2249755859375,1605.8499755859375,1585.5,1604.449951171875,5329688
2024-07-16,1576.25,1600.0,1569.125,1593.5,9386838
2024-07-18,1586.675048828125,1593.9000244140625,1557.824951171875,1576.0,12298374
2024-07-19,1555.1500244140625,1589.9749755859375,1552.800048828125,1586.0,13140390
2024-07-22,1500.675048828125,1537.5,1499.2750244140625,1537.25,19674376
2024-07-23,1487.9000244140625,1505.75,1463.0,1501.0,18052044
2024-07-24,1495.699951171875,1509.5,1476.4000244140625,1485.0,11913362
2024-07-25,1492.4000244140625,1500.4749755859375,1477.074951171875,1481.0,12519876
2024-07-26,1509.0250244140625,1512.425048828125,1490.3499755859375,1492.4000244140625,9859940
2024-07-29,1520.0999755859375,1527.5,1511.7750244140625,1511.949951171875,7538550
2024-07-30,1513.1500244140625,1525.0,1510.0,1517.0250244140625,8228208
2024-07-31,1505.425048828125,1510.449951171875,1501.1500244140625,1504.0,10057346
2024-08-01,1515.300048828125,1518.0,1504.300048828125,1512.0,10764222
2024-08-02,1499.324951171875,1509.324951171875,1493.2750244140625,1505.0,10268248
2024-08-05,1447.324951171875,1483.9000244140625,1433.25,1480.0,17046704
2024-08-06,1456.050048828125,1477.5,1451.324951171875,1455.1500244140625,10236186
2024-08-07,1464.824951171875,1472.5,1461.5,1469.0,8174568
2024-08-08,1449.125,1465.0,1445.925048828125,1457.5250244140625,12387192
2024-08-09,1474.300048828125,1476.5,1456.0,1460.0,6249776
2024-08-12,1460.625,1473.0,1457.75,1470.0,8184584
2024-08-13,1463.625,1470.074951171875,1458.0,1460.75,6265064
2024-08-14,1461.8499755859375,1472.0,1453.699951171875,1463.550048828125,6267466
2024-08-16,1478.199951171875,1480.4000244140625,1458.050048828125,1468.6500244140625,9416902
2024-08-19,1488.4000244140625,1498.300048828125,1480.5,1482.5,13797742
2024-08-20,1495.949951171875,1503.925048828125,1490.0250244140625,1497.2249755859375,8411808
2024-08-21,1498.675048828125,1507.875,1490.0,1493.25,7769996
2024-08-22,1498.125,1506.5,1490.6500244140625,1503.0,10445782
2024-08-23,1499.9749755859375,1511.324951171875,1498.425048828125,1503.75,9249654
2024-08-26,1512.5999755859375,1523.0,1503.0,1506.9749755859375,8816114
2024-08-27,1500.449951171875,1513.4749755859375,1499.449951171875,1510.5,6251156
2024-08-28,1498.300048828125,1507.4749755859375,1493.0,1505.0,9610286
2024-08-29,1520.925048828125,1537.0,1494.0,1503.0999755859375,38335358
2024-08-30,1509.625,1539.7249755859375,1503.324951171875,1534.0,41620730
2024-09-02,1516.25,1526.800048828125,1506.625,1510.875,11240852
2024-09-03,1509.125,1523.0,1507.5,1521.25,10923800
2024-09-04,1514.550048828125,1517.5,1499.5,1500.699951171875,11983304
2024-09-05,1492.9749755859375,1525.7750244140625,1487.050048828125,1519.050048828125,16264168
2024-09-06,1464.824951171875,1497.0,1461.625,1492.5,19394228
2024-09-09,1462.449951171875,1469.925048828125,1455.5999755859375,1466.5,9010298
2024-09-10,1461.5250244140625,1472.050048828125,1457.574951171875,1460.5,10768260
2024-09-11,1451.5,1468.75,1447.550048828125,1463.050048828125,9760202
2024-09-12,1479.800048828125,1486.0,1445.875,1457.0,22349376
2024-09-13,1472.625,1483.1500244140625,1469.5,1476.4000244140625,8711328
2024-09-16,1471.3499755859375,1480.9000244140625,1464.75,1477.550048828125,5481774
2024-09-17,1472.300048828125,1477.4749755859375,1466.625,1474.0,5935328
2024-09-18,1463.449951171875,1482.0,1460.550048828125,1470.0,8574714
2024-09-19,1469.675048828125,1476.5,1455.550048828125,1466.25,16955902
2024-09-20,1485.925048828125,1495.0,1471.375,1474.0,30897320
2024-09-23,1493.375,1501.5,1488.949951171875,1491.0,8832314
2024-09-24,1489.375,1500.5,1487.875,1488.5,17137444
2024-09-25,1493.949951171875,1496.5,1480.199951171875,1483.9000244140625,7069002
2024-09-26,1497.949951171875,1504.0,1488.050048828125,1490.6500244140625,18818998
2024-09-27,1526.175048828125,1533.4749755859375,1492.0,1499.0,20597478
2024-09-30,1476.574951171875,1524.9749755859375,1474.4000244140625,1519.4000244140625,27008814
2024-10-01,1464.824951171875,1487.949951171875,1462.824951171875,1480.6500244140625,16431642
2024-10-03,1406.9749755859375,1449.4000244140625,1402.074951171875,1436.574951171875,37757294
2024-10-04,1386.5250244140625,1417.3499755859375,1381.7750244140625,1403.925048828125,37072876
2024-10-07,1370.7249755859375,1396.5,1361.375,1393.5,22181340
2024-10-08,1397.3499755859375,1401.0,1365.0999755859375,1372.9749755859375,17020808
2024-10-09,1374.5999755859375,1400.9749755859375,1372.5,1397.5250244140625,14310610
2024-10-10,1371.050048828125,1386.0,1369.425048828125,1380.0250244140625,22358646
2024-10-11,1372.0999755859375,1383.2750244140625,1368.824951171875,1370.0,7980122
2024-10-14,1372.5250244140625,1380.074951171875,1368.25,1379.449951171875,12221432
2024-10-15,1344.0250244140625,1371.699951171875,1340.699951171875,1358.5250244140625,33762794
2024-10-16,1354.074951171875,1364.0,1337.625,1340.0,20034438
2024-10-17,1356.425048828125,1368.449951171875,1352.050048828125,1365.699951171875,15543660
2024-10-18,1359.300048828125,1368.425048828125,1341.324951171875,1352.175048828125,12082452
2024-10-21,1369.199951171875,1374.0,1357.7249755859375,1367.125,14067408
2024-10-22,1343.3499755859375,1376.0,1340.2249755859375,1369.199951171875,15831960
2024-10-23,1338.5250244140625,1357.4749755859375,1335.0,1337.5,17214742
2024-10-24,1339.800048828125,1343.699951171875,1323.125,1335.2750244140625,22155934
2024-10-25,1327.8499755859375,1344.3499755859375,1322.0,1343.5,18597496
2024-10-28,1334.3499755859375,1353.0,1322.0999755859375,1337.0,10824350
2024-10-29,1340.0,1343.199951171875,1320.300048828125,1328.0999755859375,12008361
2024-10-30,1343.9000244140625,1350.0,1325.3499755859375,1335.0,11984423
2024-10-31,1332.050048828125,1343.0,1326.1500244140625,1340.0,9331650
2024-11-01,1338.6500244140625,1341.949951171875,1333.0,1333.050048828125,2127335
2024-11-04,1302.1500244140625,1340.0,1285.0999755859375,1337.8499755859375,19796890
2024-11-05,1305.300048828125,1309.550048828125,1286.1500244140625,1293.0,16267479
2024-11-06,1325.3499755859375,1328.300048828125,1300.199951171875,1310.0,21625209
2024-11-07,1305.6500244140625,1324.0,1302.5999755859375,1324.0,9611974
2024-11-08,1283.75,1301.6500244140625,1275.0,1297.6500244140625,19814406
2024-11-11,1272.699951171875,1286.0,1267.0,1278.949951171875,9056552
2024-11-12,1274.25,1289.300048828125,1267.5,1275.550048828125,10671091
2024-11-13,1252.050048828125,1275.449951171875,1249.5,1270.25,14633633
2024-11-14,1267.5999755859375,1272.5999755859375,1251.0999755859375,1253.5999755859375,12612633
2024-11-18,1260.75,1272.9000244140625,1243.9000244140625,1267.5999755859375,13620611
2024-11-19,1241.6500244140625,1281.5,1235.1500244140625,1260.75,14183746
2024-11-21,1223.0,1243.949951171875,1217.25,1241.6500244140625,19433843
2024-11-22,1265.4000244140625,1268.8499755859375,1222.449951171875,1229.4000244140625,20471957
2024-11-25,1287.0,1304.449951171875,1282.449951171875,1290.0,28923341
2024-11-26,1295.699951171875,1297.8499755859375,1284.199951171875,1294.949951171875,9247557
2024-11-27,1293.199951171875,1303.8499755859375,1286.0,1293.5,9572746
2024-11-28,1270.800048828125,1296.5999755859375,1269.050048828125,1289.949951171875,15027412
2024-11-29,1292.199951171875,1299.5,1275.25,1280.0,13202307
2024-12-02,1309.1500244140625,1311.3499755859375,1277.050048828125,1288.0,11024152
2024-12-03,1323.300048828125,1326.800048828125,1307.0,1317.0,16869482
2024-12-04,1308.949951171875,1328.4000244140625,1304.050048828125,1326.0,19608540
2024-12-05,1322.050048828125,1329.949951171875,1306.1500244140625,1314.3499755859375,16858723
2024-12-06,1311.550048828125,1323.9000244140625,1310.0,1323.9000244140625,9037514
2024-12-09,1295.1500244140625,1315.0,1293.0999755859375,1303.0,14650002
2024-12-10,1284.8499755859375,1294.9000244140625,1280.199951171875,1289.25,16043729
2024-12-11,1278.199951171875,1290.0,1276.050048828125,1285.0,11724373
2024-12-12,1262.9000244140625,1278.199951171875,1260.5999755859375,1270.0,20906813
2024-12-13,1272.8499755859375,1275.199951171875,1239.5999755859375,1260.0,28630222
2024-12-16,1268.300048828125,1281.0,1266.550048828125,1275.0,9486781
2024-12-17,1245.300048828125,1263.9000244140625,1242.800048828125,1261.050048828125,17462791
2024-12-18,1253.25,1259.949951171875,1240.6500244140625,1240.6500244140625,12670179
2024-12-19,1230.449951171875,1244.9000244140625,1229.0,1239.0,14244653
2024-12-20,1205.300048828125,1239.5,1201.5,1224.0,20312896
2024-12-23,1222.300048828125,1227.199951171875,1213.199951171875,1215.0,10052824
2024-12-24,1222.75,1233.550048828125,1221.0,1222.300048828125,6734917
2024-12-26,1216.550048828125,1227.699951171875,1214.25,1224.25,10016178
2024-12-27,1221.050048828125,1227.9000244140625,1217.0,1218.300048828125,7000397
2024-12-30,1210.699951171875,1223.199951171875,1208.0999755859375,1216.4000244140625,8818766
2024-12-31,1215.449951171875,1219.0999755859375,1206.1500244140625,1208.0,6405475
