Price,Close,High,Low,Open,Volume
Ticker,TCS.NS,TCS.NS,TCS.NS,TCS.NS,TCS.NS
Date,,,,,
2015-01-01,1053.4339599609375,1062.3106689513418,1051.5509971972574,1062.3106689513418,366830
2015-01-02,1067.4630126953125,1072.2220988874749,1055.5239744768674,1055.6894674962025,925740
2015-01-05,1051.24072265625,1075.9258546102776,1044.784878572532,1068.1044405770224,1754242
2015-01-06,1012.4850463867188,1046.6263089522367,1009.7537049680509,1046.6263089522367,2423784
2015-01-07,1000.5255737304688,1025.9556307655234,996.2837789098309,1022.1690933634686,2636332
2015-01-08,1011.326171875,1013.4780855371308,1001.7045444806602,1010.7467444440258,1565408
2015-01-09,1039.67431640625,1042.8193915784336,1013.8924593754108,1015.9616276598505,3197642
2015-01-12,1038.5980224609375,1046.171196503099,1026.4106448286439,1041.6190275309732,1596006
2015-01-13,1033.7147216796875,1047.1643112421305,1026.348565761579,1042.8604829955789,1468432
2015-01-14,1043.667724609375,1047.7440263628264,1034.7910132685608,1041.2054346665464,1787096
2015-01-15,1050.7645263671875,1068.414482143726,1044.205225939443,1048.24010197349,5009920
2015-01-16,1047.888671875,1053.2064738558418,1028.0867954523242,1052.668469988608,5293830
2015-01-19,1039.1358642578125,1055.6892033937395,1035.825196430627,1049.4817012177668,1135074
2015-01-20,1034.7705078125,1046.999314478849,1027.652588015653,1042.8609772674702,2058566
2015-01-21,1040.2945556640625,1043.687969776211,1029.7210907199274,1043.687969776211,2310480
2015-01-22,1040.191162109375,1043.3776596932971,1032.7214476012387,1041.4119506666066,2113214
2015-01-23,1036.0738525390625,1047.8473983792258,1032.9701005056138,1040.3776816120069,3150380
2015-01-27,1037.504150390625,1042.8739982457744,1032.3208800216103,1041.7751854218432,2738736
2015-01-28,1053.074951171875,1055.2725773129591,1037.8567849643775,1037.898291630945,3121980
2015-01-29,1055.1695556640625,1065.1421964239164,1042.0040379394131,1052.4120940207922,3734392
2015-01-30,1029.211181640625,1067.7539697379927,1024.214487476832,1061.8242866686035,5817402
2015-02-02,1042.5426025390625,1045.5489003734433,1020.9180317143476,1029.1905137838662,3181802
2015-02-03,1060.80810546875,1063.60707144624,1039.5982037780689,1041.4848331891114,2345054
2015-02-04,1042.5836181640625,1066.3851520723576,1037.524767196722,1064.8509244921602,2245418
2015-02-05,1058.3824462890625,1074.678670787346,1044.5327864783355,1044.9474481641148,4530168
2015-02-06,1068.0650634765625,1075.964390511734,1057.7400258070147,1058.6315081260464,2136416
2015-02-09,1042.0035400390625,1065.3076129199173,1036.6544436043782,1062.1561429170458,2076432
2015-02-10,1012.2512817382812,1047.5390298793875,1008.8718296671151,1040.8007778316723,3799054
2015-02-11,1020.0263061523438,1031.3673444842816,1014.7808759831775,1018.0152575880467,2937522
2015-02-12,1020.9593505859375,1028.2781909519447,1014.6772657934594,1028.2781909519447,3107980
2015-02-13,1052.7222900390625,1056.454244981594,1020.1713497069832,1024.2143008947255,4158326
2015-02-16,1071.8177490234375,1076.0472787737733,1059.4608081953722,1061.5341170176723,2364392
2015-02-18,1092.9033203125,1095.9511250023388,1063.711170417045,1071.921494211326,2660014
2015-02-19,1111.728515625,1114.3201506546009,1092.6333284797518,1093.0479900844878,2618002
2015-02-20,1109.4481201171875,1119.0890045416902,1095.6398654039724,1119.0890045416902,1801588
2015-02-23,1118.1973876953125,1128.7091018605079,1107.561356013746,1107.561356013746,1614892
2015-02-24,1121.5562744140625,1132.0264827249803,1110.8787352455026,1117.0986609747608,2199922
2015-02-25,1108.058837890625,1128.7090082520117,1106.2551204594483,1123.733068465449,1767994
2015-02-26,1101.52783203125,1116.5800689727491,1088.631916486354,1110.8784717400408,1991994
2015-02-27,1103.974609375,1109.5310356198531,1084.879417983198,1102.7720297123792,2877376
2015-03-02,1106.8974609375,1123.297344892455,1099.9104748147993,1111.16849499477,2176038
2015-03-03,1151.1005859375,1156.9058482585106,1109.6965852465685,1112.1223960678585,3424308
2015-03-04,1138.66064453125,1166.069814160108,1126.075625682433,1156.0764300630462,3862994
2015-03-05,1118.114013671875,1148.902630934753,1111.7282668820108,1140.3191578843675,2173514
2015-03-09,1097.5262451171875,1111.2100766952105,1082.2666793527303,1094.706526241842,2883174
2015-03-10,1095.826416015625,1110.567659182194,1076.1507392859476,1098.3972982185535,3037052
2015-03-11,1080.8363037109375,1102.9791945001216,1077.2080144088684,1095.5360384075987,2240200
2015-03-12,1086.0196533203125,1088.4453633176668,1074.0152183728446,1088.0307016529132,1827636
2015-03-13,1070.801513671875,1094.6859631072125,1067.7537101602243,1093.877393166086,1586838
2015-03-16,1062.487548828125,1082.2668889655167,1058.2165136551719,1071.9832599649774,1556296
2015-03-17,1071.3609619140625,1080.8981769892291,1060.6005155872695,1070.8633883311986,1267318
2015-03-18,1061.264404296875,1077.8922768152238,1058.092181724059,1074.367652558158,1255170
2015-03-19,1076.5653076171875,1080.5460999470695,1064.8926226769495,1068.1684092140106,2448964
2015-03-20,1082.66064453125,1085.5840289510888,1069.3500684012913,1076.4614740859536,1963908
2015-03-23,1085.2318115234375,1090.974916477345,1080.608374131494,1084.7549910698344,1566608
2015-03-24,1074.51318359375,1093.4632083297806,1070.6983151353215,1090.5605756190075,2394878
2015-03-25,1067.235595703125,1083.9257298369962,1055.3969834181567,1074.5543345246633,2224858
2015-03-26,1042.0860595703125,1072.6050911865138,1037.068613946568,1058.7554348772042,3091642
2015-03-27,1042.791259765625,1066.4683820114824,1038.3543998382722,1049.5087590350136,2751776
2015-03-30,1063.254638671875,1065.6389431802718,1044.9473671582266,1047.0206754263975,1339006
2015-03-31,1059.0252685546875,1065.4525251479758,1045.3621852696579,1065.4525251479758,2427028
2015-04-01,1054.339599609375,1063.0268437782079,1045.8805408733083,1060.7046976128152,2075758
2015-04-06,1056.267333984375,1062.7359931009469,1036.6953300457558,1060.7041921013756,1568542
2015-04-07,1071.900634765625,1077.705899325284,1054.899502840909,1062.5499919598753,1886922
2015-04-08,1095.287109375,1101.5485400271778,1074.326046490688,1075.6321900359492,1652134
2015-04-09,1104.886962890625,1114.382676270903,1092.6958469564554,1102.5855699795409,2544450
2015-04-10,1100.4083251953125,1107.4783263919044,1089.7307879842795,1098.2313515891797,1815544
2015-04-13,1101.1339111328125,1105.0731964484826,1089.7307167979784,1104.658534836307,1308642
2015-04-15,1089.6270751953125,1125.3501333702463,1082.017993951386,1100.8021856403955,2913934
2015-04-16,1070.9884033203125,1089.316432682818,1066.2405464627034,1089.2956793478681,3217570
2015-04-17,1026.225341796875,1061.5337379374896,1024.2141924631246,1060.3312597442807,9668742
2015-04-20,1007.130126953125,1029.9779206581131,1005.4922338597398,1028.381534219545,2890722
2015-04-21,1006.4044799804688,1016.7502668944193,995.6025248015908,1007.1301377973796,2546032
2015-04-22,1013.8895263671875,1025.4585491651133,998.3189567786843,1008.2500858451164,4186812
2015-04-23,1018.9274291992188,1028.2780704773786,1008.3328028615015,1025.0436890753765,4342990
2015-04-24,1033.772216796875,1042.4593578652687,1014.9051122690827,1018.1187399633769,3625158
2015-04-27,1036.7369384765625,1044.947258612812,1030.8487638537504,1036.446695596319,2733052
2015-04-28,1034.5809326171875,1040.8008580637838,1018.0359714235476,1040.8008580637838,3088298
2015-04-29,1031.3876953125,1034.5805690057725,1016.3562140994902,1030.0192919480317,2019620
2015-04-30,1021.6019897460938,1032.5076124865789,1006.425432569075,1028.360995568962,3738054
2015-05-04,1029.004150390625,1038.6450385556168,1018.9070936890964,1032.9226846879446,1890630
2015-05-05,1044.0557861328125,1051.7684314178862,1036.6540358227398,1037.068697437069,3255070
2015-05-06,1021.33251953125,1042.874174580095,1018.3262222089019,1042.874174580095,3394406
2015-05-07,1055.417236328125,1058.9418592566346,1017.4549538333271,1022.0991426213951,3205028
2015-05-08,1047.95361328125,1073.1443075168168,1043.4130886414955,1061.533781778613,3003664
2015-05-11,1059.875,1062.7983843903398,1047.020491001565,1051.1671068075118,2573082
2015-05-12,1046.14990234375,1063.6071994052913,1042.0447922438584,1061.5338910243843,2467386
2015-05-13,1043.039794921875,1056.1431425638048,1028.547391599097,1056.1431425638048,1863774
2015-05-14,1036.34326171875,1044.947492060118,1030.434332448172,1044.947492060118,1309050
2015-05-15,1041.277587890625,1050.0891481730373,1037.0688125323873,1042.8740757772707,1461454
2015-05-18,1045.1131591796875,1047.1243086322565,1035.451623935785,1042.5008718307452,4507752
2015-05-19,1041.9207763671875,1049.0944463860783,1035.3069403219135,1044.6989904246864,1957722
2015-05-20,1060.310546875,1065.6388881073744,1043.6618216005497,1044.947313154683,1897814
2015-05-21,1059.6683349609375,1069.827550068174,1056.620529934446,1060.290327722605,1579578
2015-05-22,1085.5426025390625,1090.0417215607729,1052.9295069798166,1057.3871193456855,2691632
2015-05-25,1078.5352783203125,1093.4215955698273,1072.1909329065654,1086.4138520566007,982978
2015-05-26,1081.790283203125,1087.7613715567784,1073.5177007897255,1080.1937950654371,1961740
2015-05-27,1084.4439697265625,1091.866373380276,1074.8030855678232,1081.4376725157729,1620690
2015-05-28,1082.0596923828125,1087.6576252615894,1070.7601612015778,1079.7375463980509,2763608
2015-05-29,1082.3914794921875,1098.273043197597,1076.9801239413723,1085.1696926959557,4423532
2015-06-01,1085.480224609375,1097.6505810590793,1081.582446705679,1082.0385136491145,882264
2015-06-02,1078.0791015625,1090.5604614059848,1074.1813213962753,1084.755196592417,3935820
2015-06-03,1082.6405029296875,1088.7361126587327,1074.1814423148674,1079.7793768723855,1804684
2015-06-04,1080.4635009765625,1087.5750117348193,1073.3520914540986,1085.2114596731938,4131468
2015-06-05,1078.0361328125,1091.9099186194787,1075.587769586838,1084.795135707815,2308534
2015-06-08,1078.70556640625,1083.9579700556064,1072.0929838369395,1083.9579700556064,1570320
2015-06-09,1072.0927734375,1083.9577573276501,1067.6356134914422,1081.8651747845465,2578914
2015-06-10,1088.4569091796875,1092.3281872379061,1072.9927432095328,1073.9134591771904,2763350
2015-06-11,1076.13134765625,1093.5834628507569,1070.0419129903073,1090.4445895360304,1847336
2015-06-12,1048.7188720703125,1083.5184850080946,1036.5818911869965,1076.3827568464892,2571456
2015-06-15,1048.2998046875,1054.8495448865258,1038.3390948297415,1048.5090628686426,2525176
2015-06-16,1051.313720703125,1054.3689123809954,1043.9687337875127,1046.291521400403,1267396
2015-06-17,1052.0667724609375,1058.4909392730356,1047.0445745834984,1055.0800707520257,1975720
2015-06-18,1058.8680419921875,1065.668937369867,1049.639729675092,1052.5693461454769,2165046
2015-06-19,1067.0289306640625,1069.3098255120651,1057.6332541981712,1060.9394941969022,1999610
2015-06-22,1084.5855712890625,1088.1429617409078,1065.9615859823432,1065.9615859823432,1102002
2015-06-23,1077.5128173828125,1091.4912301497066,1074.4157334144388,1088.1430975418855,898318
2015-06-24,1075.712646484375,1083.0784732918958,1070.9206544821843,1079.7722348389036,1170246
2015-06-25,1067.2169189453125,1076.8427970377604,1064.7685569075743,1072.2391162109375,1930992
2015-06-26,1085.129638671875,1086.6153927329613,1067.3007942926079,1067.3007942926079,1290102
2015-06-29,1085.1715087890625,1089.8170833098725,1064.4549398090937,1076.4245538682765,1372756
2015-06-30,1067.6146240234375,1083.4345678444315,1063.0318888748839,1081.86513100062,1549952
2015-07-01,1085.25537109375,1091.4912271881376,1070.0422527274811,1073.0346053668427,1279708
2015-07-02,1078.8311767578125,1089.377774751021,1076.0271359443225,1088.1431712036904,1445880
2015-07-03,1089.7750244140625,1092.3280158198706,1075.587356573589,1076.8638522764932,963470
2015-07-06,1102.080078125,1106.9767032199247,1079.8986923894022,1079.8986923894022,1182338
2015-07-07,1094.9442138671875,1107.771708650516,1089.3988681113385,1101.8497387706977,1642836
2015-07-08,1086.091796875,1097.2242702341157,1079.9814174286162,1087.284507140169,2667850
2015-07-09,1055.7073974609375,1087.4100081081788,1049.0738730422333,1086.0498300936106,3934122
2015-07-10,1035.5565185546875,1070.9839054269498,1027.4581820332794,1070.9839054269498,8263654
2015-07-13,1050.287841796875,1054.0754356152513,1035.99544557036,1035.99544557036,2280308
2015-07-14,1046.0821533203125,1052.5691600722487,1042.1062459562224,1050.8950938136845,1703274
2015-07-15,1065.438232421875,1067.1959810432325,1046.2911051967742,1046.7096216388527,2003660
2015-07-16,1063.115478515625,1070.9208717072027,1057.4237160339605,1064.58028610807,1456608
2015-07-17,1073.24365234375,1075.6292780921633,1064.4130156593815,1065.8778233829235,1070526
2015-07-20,1081.7364501953125,1083.728675669977,1070.3073672090793,1075.3823404294392,853786
2015-07-21,1074.292236328125,1090.6285734964815,1071.6499971135565,1080.4157516555792,1274500
2015-07-22,1060.3046875,1077.4797530017936,1057.3687753664801,1074.1244248491994,1320628
2015-07-23,1043.7589111328125,1064.4151533397078,1041.4101400958627,1055.8799950428252,1496780
2015-07-24,1050.7000732421875,1055.4604863526247,1045.2267757248915,1047.4915814288418,1574972
2015-07-27,1047.3031005859375,1050.637438444211,1040.634322472871,1043.5073640116557,2003738
2015-07-28,1049.3997802734375,1056.5088607028006,1045.2475006057132,1048.3302490379715,1891188
2015-07-29,1051.37158203125,1054.852757045656,1041.6201551708823,1053.1541009197042,2413318
2015-07-30,1040.424560546875,1055.5865147727313,1037.132205431937,1055.271952681695,2770574
2015-07-31,1053.0489501953125,1056.509132945133,1043.087818036739,1044.3040837417095,1963776
2015-08-03,1052.566650390625,1059.0256171564622,1048.9176485251985,1049.9661887402049,1179324
2015-08-04,1052.272705078125,1058.1865113199553,1042.6681201511726,1052.901829044427,2342692
2015-08-05,1068.315673828125,1069.5110506668855,1053.1538228331567,1056.9285677178632,988994
2015-08-06,1079.2833251953125,1083.3516403378785,1069.5528934656147,1075.8021515550363,2211366
2015-08-07,1070.370361328125,1079.1571038984532,1068.2522905671824,1079.1571038984532,1188506
2015-08-10,1078.7801513671875,1085.8682422331276,1072.2792020606546,1078.7381688001562,1431182
2015-08-11,1092.2431640625,1094.6757974249642,1066.1974910099366,1081.254484966114,2200306
2015-08-12,1120.5538330078125,1128.8163086597017,1091.3205549925008,1091.7819536030945,3479784
2015-08-13,1105.4130859375,1125.7127837013813,1072.027524270019,1119.8409584510762,1406426
2015-08-14,1133.765625,1140.5392567155382,1106.0422811529927,1106.4197146990234,2293964
2015-08-17,1126.02734375,1131.0813280963978,1113.5497151154668,1128.2712607823755,773644
2015-08-18,1149.5777587890625,1153.3525043827467,1128.2295163345038,1135.3176087684776,1916926
2015-08-19,1146.5157470703125,1154.5895059752916,1141.6084974030766,1153.3941292827092,1690070
2015-08-20,1126.9083251953125,1151.297333394031,1120.6799544003102,1151.297333394031,2349298
2015-08-21,1122.420166015625,1144.9637775937742,1113.591540514771,1137.4562716268106,3536080
2015-08-24,1081.52734375,1109.35564444739,1077.5220016957662,1106.8391477114035,4692344
2015-08-25,1076.7039794921875,1099.7089930942766,1063.429501140556,1085.4068634001608,3925800
2015-08-26,1080.7303466796875,1106.8389967547087,1053.552165158438,1072.8872867348448,3216158
2015-08-27,1079.8494873046875,1096.730983241066,1067.7493957546467,1096.730983241066,5264798
2015-08-28,1078.2559814453125,1094.2566655891312,1072.7405979865157,1094.2566655891312,2744152
2015-08-31,1075.4034423828125,1086.2872653536842,1061.562716608036,1086.2872653536842,3692044
2015-09-01,1064.226318359375,1095.179245482353,1061.122680332025,1072.0274983907732,2987602
2015-09-02,1087.042724609375,1099.0589555364575,1068.6722780011667,1073.5794261453386,3765950
2015-09-03,1092.830810546875,1096.7732815755728,1080.520905032149,1088.8463569426808,2265074
2015-09-04,1068.441162109375,1096.7307480072832,1064.959989177437,1095.262792153759,2426396
2015-09-07,1065.212158203125,1073.684343884153,1062.255253890636,1070.769422144927,1759184
2015-09-08,1065.4425048828125,1075.4246263457746,1058.3962954738695,1067.4137396397853,1787746
2015-09-09,1069.4061279296875,1079.5769676599728,1066.9944855194137,1074.9423995922332,2045076
2015-09-10,1067.581298828125,1081.464007480176,1059.8640864465406,1066.1553255825509,2665818
2015-09-11,1070.35009765625,1077.2284820901002,1065.5687941347358,1068.0433086526805,1592672
2015-09-14,1070.2027587890625,1075.802003155893,1066.574851471905,1075.802003155893,1589318
2015-09-15,1064.1634521484375,1073.2437693488716,1063.6391820468764,1070.203002759818,1379900
2015-09-16,1069.65771484375,1075.8021187348475,1065.7571252789803,1071.607958427889,1756816
2015-09-18,1070.0352783203125,1084.6099871577965,1064.8974313200483,1075.802249443058,2455294
2015-09-21,1069.9515380859375,1072.4890261497726,1062.4649192126378,1069.511130670476,1108840
2015-09-22,1059.78076171875,1078.9060769630112,1044.3462267240066,1072.6568172074885,2081246
2015-09-23,1062.23388671875,1072.7612692305393,1053.8246778733246,1062.9259845535635,1228352
2015-09-24,1082.26123046875,1086.2876658645337,1061.0807180648276,1063.4294891117856,2354254
2015-09-28,1087.8394775390625,1098.4507249528065,1081.8837896203759,1087.965322843673,2366812
2015-09-29,1085.553955078125,1104.7422457937917,1077.8367381314201,1083.498856703256,3325952
2015-09-30,1085.4697265625,1108.8101887408309,1078.2976711629042,1108.8101887408309,3368336
2015-10-01,1109.1876220703125,1111.4314362880764,1087.2101616873044,1090.062211037342,2834408
2015-10-05,1137.3095703125,1161.7825394947545,1112.5850129206037,1112.5850129206037,4807306
2015-10-06,1132.4234619140625,1143.328280436198,1125.7128043619791,1142.9088643391926,3979590
2015-10-07,1113.109130859375,1139.5533315198759,1110.1732187060297,1129.8857717356336,2065530
2015-10-08,1104.657958984375,1123.3429635780333,1098.8699972979348,1119.8407987730864,2357550
2015-10-09,1102.91748046875,1111.704329474314,1093.837163075898,1111.6623469066978,2249724
2015-10-12,1087.378173828125,1115.7936133490346,1085.0294028131823,1113.5496963544642,2455912
2015-10-13,1089.873779296875,1095.5149056325638,1076.892870859896,1091.6562978071884,6179712
2015-10-14,1041.7039794921875,1068.6724612180883,1040.1521600552824,1068.6724612180883,8337128
2015-10-15,1035.0142822265625,1050.0084107199673,1033.8608877270697,1044.3462922679123,3215710
2015-10-16,1036.79638671875,1045.184706999646,1035.9575546906603,1040.5291482851535,2333828
2015-10-19,1043.821533203125,1046.42189183216,1030.0227882481531,1044.3458031846435,3130642
2015-10-20,1059.7596435546875,1061.1227458962537,1046.6948728395096,1046.9674523492188,2695084
2015-10-21,1061.12255859375,1066.1555509665266,1057.8720843529984,1063.2196387490735,1929688
2015-10-23,1066.439697265625,1071.0003165846274,1062.2995103607795,1071.0003165846274,2335398
2015-10-26,1066.1875,1071.4205851193715,1057.171446945723,1071.4205851193715,1414630
2015-10-27,1063.896728515625,1069.697197282064,1059.3781834600054,1063.4553617304637,1530420
2015-10-28,1063.05615234375,1064.9265994546708,1055.048849023508,1055.048849023508,1255342
2015-10-29,1048.869873046875,1065.7039972836246,1046.6421048684863,1064.926448825029,3130316
2015-10-30,1048.8070068359375,1055.826494710909,1044.5196629485577,1050.824610612231,1516696
2015-11-02,1058.1170654296875,1060.407841887872,1045.5912192055034,1050.8243037140874,1319294
2015-11-03,1069.0880126953125,1070.9164887210381,1058.6008027138873,1062.593936573638,1364906
2015-11-04,1065.0318603515625,1070.6642396422226,1059.2312875387402,1069.739534438926,991434
2015-11-05,1043.5316162109375,1065.5148827319242,1042.417783417613,1063.7705553115325,1596098
2015-11-06,1053.2413330078125,1058.4954551918283,1043.8679585076136,1047.4617986053952,908024
2015-11-09,1038.7822265625,1051.9805429408307,1037.6263194630744,1048.7229865697223,2021556
2015-11-10,1033.2337646484375,1041.1570232531253,1029.8081174687757,1039.4546668615549,1361920
2015-11-13,1007.698486328125,1024.78495197838,1003.1379701814911,1024.78495197838,2743232
2015-11-16,998.1156005859375,1004.588641158945,990.2974219960145,1004.588641158945,2043528
2015-11-17,1004.8196411132812,1008.1402062032145,998.283490786527,1000.5953051862431,1985028
2015-11-18,988.3847045898438,1004.126038530407,986.0939272010422,1004.126038530407,1520352
2015-11-19,993.0504760742188,1001.0577815987684,988.6159748806577,994.2274203777605,1866906
2015-11-20,1008.0978393554688,1018.6901279262893,992.7977757580062,994.7102965351343,2012126
2015-11-23,1005.0296630859375,1014.423973238432,1001.3307400486698,1011.0193631785783,1088082
2015-11-24,995.3196411132812,1005.617718230666,994.2898539254529,1000.4056712680547,998640
2015-11-26,985.9041748046875,1001.3932599513238,982.6676572083409,999.5017766342922,2915292
2015-11-27,989.18310546875,991.7470554945025,980.419188714725,986.9343001509858,1737206
2015-11-30,997.6739501953125,1005.1137681223148,987.8381699935251,994.0801094027286,4100048
2015-12-01,992.777099609375,999.5654887232041,990.7385612691199,993.197429488141,1721994
2015-12-02,994.1640014648438,999.5863173422116,986.3038548945644,999.5442433152671,1640296
2015-12-03,988.0902709960938,997.4426089859537,986.5140342562298,991.9783216210917,2283358
2015-12-04,978.6961669921875,986.6404642330649,975.6278406019242,983.5720352231899,1246092
2015-12-07,975.081298828125,985.2111875999846,973.1687773057201,980.2933484135165,1382604
2015-12-08,978.9482421875,987.3548393724507,974.0304033582228,974.9130344908859,1139964
2015-12-09,995.1936645507812,997.3584242763153,975.1649935542706,982.6888548274021,5282806
2015-12-10,1002.2976684570312,1005.0928212020463,988.6159098943937,995.7615180866576,1723988
2015-12-11,1002.9071655273438,1005.4081079685891,993.3446600722947,1001.6461757970077,1652378
2015-12-14,999.7332763671875,1003.3271162643985,979.6205593410016,981.5540146250697,2718532
2015-12-15,998.6404418945312,1002.4864179217514,993.2602007629042,999.7332376337347,1135868
2015-12-16,1012.3220825195312,1014.8861349250051,1002.0660781367621,1002.0660781367621,1435934
2015-12-17,1025.4996337890625,1027.7063652481845,1005.9963720362748,1015.0964711960594,1618844
2015-12-18,1015.8530883789062,1023.166785903019,1009.0647004889444,1017.1981232245432,3024970
2015-12-21,1028.294677734375,1029.8079059092531,1011.6707179203528,1017.1769761720441,1610104
2015-12-22,1010.9140625,1025.604566400554,1008.79137678743,1025.604566400554,1560858
2015-12-23,1019.6363525390625,1023.5033673249512,1013.226321183126,1015.0967688253623,849834
2015-12-24,1023.1878662109375,1024.8481484790645,1010.4728891326256,1017.6184960857265,843160
2015-12-28,1035.146240234375,1036.7014400640558,1017.2822226592634,1020.5608158204952,3704198
2015-12-29,1032.24609375,1036.2392274317526,1028.0217581206482,1033.3179554200738,1708524
2015-12-30,1016.48388671875,1033.591294286516,1013.9619071474938,1031.0903517356091,1605762
2015-12-31,1024.2803955078125,1029.1771951065077,1011.9436786681305,1015.4113984392674,1240318
2016-01-01,1015.684814453125,1025.1843082961543,1013.9404869567028,1025.1843082961543,712262
2016-01-04,996.0133056640625,1014.6759034366995,994.5211146939208,1013.0575930316975,1870184
2016-01-05,987.3336791992188,1003.1591579976333,983.9920777589388,1002.4865892588932,2678020
2016-01-06,1001.0577392578125,1002.9701582231188,987.8593187156961,987.8593187156961,2653228
2016-01-07,996.7071533203125,1001.6039550078185,991.9784425243805,996.1817410096534,3199580
2016-01-08,1007.7827758789062,1011.8809914547334,997.2324567845859,1002.4865793176975,1907544
2016-01-11,992.966064453125,1002.0661628455674,987.2916126081521,1001.435668196126,2930228
2016-01-12,978.128662109375,994.0801604390115,967.4312872492894,993.1133811966943,3482594
2016-01-13,958.0157470703125,978.1075338679248,947.8858595375466,973.9042354843067,4746092
2016-01-14,957.8475341796875,966.2961012828939,945.7420158528557,955.409600903796,2742052
2016-01-15,950.407958984375,963.2699920961118,947.8439055976667,962.0721134767631,3269408
2016-01-18,957.3639526367188,963.3536511900543,949.945174072868,950.7858335189501,2213922
2016-01-19,958.0574951171875,966.7582992868582,953.4338684684242,957.0907162939897,967910
2016-01-20,958.394287109375,960.4538626597954,942.8000061032477,955.746188101971,1615954
2016-01-21,949.925048828125,964.8406638036839,946.2382694192778,962.7761084818211,2675536
2016-01-22,967.305419921875,969.9599212296035,952.2422951207394,957.7197950484251,1343178
2016-01-25,971.055419921875,985.5287021631497,965.5147588742443,969.896717941991,1397560
2016-01-27,977.41796875,981.7156799498117,961.4699719537241,969.9390727718504,1626986
2016-01-28,982.2423706054688,989.7001787569849,972.4882459341896,975.6272549652592,3106660
2016-01-29,1007.5653686523438,1011.2310606737375,983.864640667803,993.829438931095,2235744
2016-02-01,1012.3685302734375,1016.6873289774711,993.9557212502739,1007.4809758997535,1495274
2016-02-02,1010.4304809570312,1025.135423901245,1002.6776482541522,1015.0231139244141,1475588
2016-02-03,1018.0989990234375,1023.8292464973961,994.5036082221322,1005.9642060377896,1308692
2016-02-04,1019.6788940429688,1028.0847301772253,1012.0735745433177,1020.4583227939846,1250046
2016-02-05,1020.4794311523438,1028.0636629205742,1014.6438478735358,1014.6438478735358,1402996
2016-02-08,995.6199951171875,1016.3081349419541,988.8995437170273,1011.2308925951706,1063658
2016-02-09,961.2590942382812,983.2534462208539,950.3884455370375,983.2534462208539,2489610
2016-02-10,955.9503173828125,964.8406608378962,951.441933435969,958.5626433537914,1890732
2016-02-11,926.0977783203125,964.4613670320232,915.0163536607308,960.6692515653181,1962408
2016-02-12,938.16943359375,945.2479670334762,911.7931219143887,926.9615842013195,2172568
2016-02-15,956.09765625,971.982489746993,943.8154560824441,948.028917939955,2479712
2016-02-16,954.5811767578125,961.5123031548566,945.0797966592214,954.7707620284422,1588702
2016-02-17,958.7942504882812,960.521707979559,946.5119485171587,954.3490280402028,1585178
2016-02-18,975.7747802734375,977.4179895452344,959.8267831378571,962.7762069666388,1529140
2016-02-19,977.3757934570312,980.4727295599774,971.3926972451246,972.1933168455109,879012
2016-02-22,975.7957153320312,987.2142395745024,971.2030824665932,977.6286126217409,1324884
2016-02-23,953.9275512695312,977.4807566401051,950.8727921057927,973.4148080037255,1306852
2016-02-24,931.5753173828125,953.2746456827525,927.4671921221443,953.2746456827525,1659328
2016-02-25,932.3761596679688,938.7595146821974,920.9154585230749,935.3044957492858,1830556
2016-02-26,931.3858032226562,950.9362263458802,926.7931706510742,939.475629933379,1537536
2016-02-29,917.1864013671875,942.5514212768192,891.1471864105822,942.5514212768192,2191718
2016-03-01,959.2576904296875,962.8181477625446,910.9503945134227,924.0121254245772,1999760
2016-03-02,977.0386962890625,981.7366653646396,950.6623825017031,971.2030101568645,1527486
2016-03-03,999.9178466796875,1007.4389186498281,969.5177548361582,984.2648740970299,2648284
2016-03-04,993.3446655273438,1002.8038662976589,989.9738962288643,1002.8038662976589,1512966
2016-03-08,991.9749145507812,997.3259882105684,970.8654386722576,986.834513892306,1268152
2016-03-09,993.21826171875,998.3375765499778,967.0526233491645,986.3713864391107,2017784
2016-03-10,989.447265625,994.3138346294704,975.3953292249771,992.7126985548423,1661666
2016-03-11,996.5888061523438,1007.3753068438671,983.8430873547078,985.9498177344823,1530528
2016-03-14,992.2703857421875,1010.388273889497,985.9501922024283,995.219809394075,1636742
2016-03-15,981.6943969726562,995.8516693832407,977.5652868149763,989.763237821143,1623356
2016-03-16,980.49365234375,982.5792953688663,972.003465064935,975.4164102825581,1918246
2016-03-17,991.0272216796875,995.1353465965834,982.5792108924261,983.4219031830713,2221088
2016-03-18,1022.1229248046875,1023.8714707372436,994.377230839463,994.377230839463,3204070
2016-03-21,1030.7178955078125,1034.383585998521,1019.6575604001661,1022.1856369961995,2336982
2016-03-22,1042.031494140625,1047.0454735711935,1026.6101796202065,1028.927584088875,1951984
2016-03-23,1042.3265380859375,1048.2674594265375,1035.3743238653237,1048.2674594265375,2278434
2016-03-28,1042.157470703125,1060.5913637828721,1037.164580812435,1049.5732036948602,3320882
2016-03-29,1040.4722900390625,1047.8669365996157,1034.4049457609162,1044.095908592892,1838796
2016-03-30,1048.94140625,1055.4722726074513,1036.511692860012,1041.104325473967,2136504
2016-03-31,1061.9190673828125,1074.4330315294296,1041.6311819491682,1044.2225233340926,4363964
2016-04-01,1033.9412841796875,1062.150491430306,1025.5987126405846,1055.4721137550698,3041400
2016-04-04,1041.2518310546875,1048.3093801372029,1031.034185368061,1034.8263012929945,1752352
2016-04-05,1037.6705322265625,1047.0033110119875,1028.9486849624946,1041.0623902925174,1491794
2016-04-06,1045.739013671875,1048.730612613077,1036.2377398734711,1040.7250354175574,1763150
2016-04-07,1041.0623779296875,1046.9190498986873,1035.2477788667777,1044.9387430157137,2390942
2016-04-08,1024.735107421875,1042.2841365518054,1022.6072884113789,1039.0397911917842,1399500
2016-04-11,1056.1673583984375,1060.5283324979903,1016.70832988385,1025.1352534634923,2400648
2016-04-12,1061.012939453125,1063.8992021982594,1048.3515678756023,1052.5228542935652,1303628
2016-04-13,1064.405029296875,1072.3263605099487,1058.632605415028,1066.0061658507545,1601468
2016-04-18,1061.6871337890625,1075.9075686597366,1028.0847728724327,1033.5622737115073,7121504
2016-04-20,1032.4456787109375,1068.070416812223,1028.0847044935583,1068.070416812223,6405024
2016-04-21,1021.5116577148438,1039.6295438108111,1016.3712547913927,1032.7195074701356,2525724
2016-04-22,1018.4147338867188,1026.1463740296426,1013.0003947043948,1019.2363383068507,1964126
2016-04-25,1032.824951171875,1035.2687798909785,1012.2000736893834,1012.2000736893834,2267654
2016-04-26,1049.06787109375,1050.6268315817042,1028.9275005905442,1031.8769242204105,2554368
2016-04-27,1058.0426025390625,1059.5173144043295,1043.21113234276,1044.938693103453,1848670
2016-04-28,1065.0579833984375,1070.2194749607481,1052.5651082334903,1053.9133956598935,4992744
2016-04-29,1068.323486328125,1071.062237131175,1057.579156254622,1060.5285801963678,2372178
2016-05-02,1064.6156005859375,1066.006063851466,1053.3656757425554,1065.5847175811691,1116692
2016-05-03,1044.1378173828125,1066.0056389477431,1041.5675650113917,1063.8989084359887,2153118
2016-05-04,1044.0958251953125,1050.8584519005692,1035.2475554902676,1042.368264724859,1364892
2016-05-05,1040.8516845703125,1049.1310974156618,1038.0075973209994,1044.0960301922776,1246566
2016-05-06,1042.157470703125,1046.7502052139032,1024.2924360426357,1038.6182043788963,885598
2016-05-09,1058.6533203125,1060.9496363227372,1034.9946715865008,1042.1575563432468,1821276
2016-05-10,1063.0140380859375,1067.6699330799956,1051.6798691052409,1059.6854450319233,1158534
2016-05-11,1061.0760498046875,1064.1518973302962,1049.1519329649168,1053.3653945430892,1598716
2016-05-12,1081.2586669921875,1082.8176274583082,1062.024252879606,1062.024252879606,1513082
2016-05-13,1063.225341796875,1081.1747375106015,1057.6425026417637,1080.7533911592723,1621730
2016-05-16,1074.9176025390625,1080.66904141759,1062.846071849302,1069.376939684253,1111526
2016-05-17,1082.9437255859375,1091.8130815639818,1075.275247139906,1080.4156489860788,1756698
2016-05-18,1074.8963623046875,1081.111218930094,1064.3416191232482,1081.111218930094,1500740
2016-05-19,1077.3612060546875,1078.6463326104451,1064.3627367749225,1076.5396014920655,1038792
2016-05-20,1065.7109375,1081.0900734142117,1062.972187268702,1071.1884379625958,1230918
2016-05-23,1049.7630615234375,1072.7053435528653,1045.0229163575336,1071.9048268497172,1533016
2016-05-24,1039.7557373046875,1048.4144201242043,1036.3428956582793,1046.6236992217516,1339158
2016-05-25,1064.5098876953125,1067.2486374840469,1045.3597270537814,1045.3597270537814,1548678
2016-05-26,1073.885498046875,1080.7112888287772,1055.514857601,1066.0063413150565,1943248
2016-05-27,1083.976318359375,1087.010093456096,1074.68571644579,1075.760067019171,1104676
2016-05-30,1110.8370361328125,1113.175528022888,1087.9158449160611,1088.33719109922,1349464
2016-05-31,1082.60693359375,1115.3034413244368,1079.489012721272,1112.3540177924115,3722608
2016-06-01,1109.636474609375,1114.4608687607079,1083.281245211259,1083.3654938905472,1911942
2016-06-02,1116.63037109375,1118.3790192003505,1095.4999044681103,1095.4999044681103,1408756
2016-06-03,1107.950927734375,1119.9382066260334,1104.1377240269076,1117.1572805414971,1554922
2016-06-06,1112.1868896484375,1123.4684025960676,1108.227696393038,1115.5926294062126,1322026
2016-06-07,1120.1260986328125,1123.4680212096102,1112.3993707543432,1112.8250880795458,1202194
2016-06-08,1112.4423828125,1119.01969705752,1109.2068884072494,1114.2090687713965,938266
2016-06-09,1097.1806640625,1116.4017717687266,1087.7935703712194,1116.4017717687266,1562138
2016-06-10,1088.02734375,1108.248922084393,1086.9417434945378,1092.3909474958427,1396832
2016-06-13,1084.302490234375,1087.0058379775644,1071.9566825324523,1081.322467685635,1029978
2016-06-14,1079.1298828125,1089.3896106457794,1072.0629318101396,1089.3896106457794,977570
2016-06-15,1088.49560546875,1091.9225474843408,1073.6593120999064,1077.065051392848,1270844
2016-06-16,1089.1129150390625,1091.837464999791,1071.2965991327455,1083.685017841035,1145070
2016-06-17,1107.972412109375,1111.1226800497172,1089.4110874510448,1089.4110874510448,1878988
2016-06-20,1132.110595703125,1135.8143172550124,1103.3746637635772,1107.9724336608926,1872838
2016-06-21,1128.661865234375,1134.5367856996504,1124.4898142410689,1133.8982096476618,1027690
2016-06-22,1135.6649169921875,1139.9433974097763,1120.3817047612938,1128.151046876576,1761712
2016-06-23,1126.171630859375,1132.1954908441385,1117.6359757082535,1130.2797624332347,1397014
2016-06-24,1095.775390625,1103.9704513952872,1070.3174667697988,1092.0290563430272,3766586
2016-06-27,1062.5267333984375,1084.3021351751668,1056.9071809987229,1084.3021351751668,4272566
2016-06-28,1048.946533203125,1065.528207774371,1046.5837804716416,1062.5269827766003,4499524
2016-06-29,1065.52783203125,1069.6147598518048,1049.5209232596765,1053.6503604510315,2531264
2016-06-30,1086.899169921875,1091.0711174260164,1064.442576360968,1073.6593167887768,5121812
2016-07-01,1064.6553955078125,1091.7948796085313,1061.8882324230333,1090.6879728006552,2197296
2016-07-04,1061.82421875,1075.2982355577963,1056.63048774388,1071.1048779869468,1883484
2016-07-05,1058.03564453125,1063.0378247827266,1054.5659848043747,1061.8244884243545,1559748
2016-07-07,1034.408203125,1060.8239897009676,1032.3647387314554,1059.057200055178,3316800
2016-07-08,1033.0460205078125,1039.6233344173277,1023.2119056982979,1036.6220055649492,2456356
2016-07-11,1049.031494140625,1052.288294625557,1033.2161342366778,1034.4932864421621,1543632
2016-07-12,1049.3721923828125,1053.6506734802927,1036.983877128301,1052.2457851286679,1465536
2016-07-13,1061.35595703125,1063.9740771355473,1043.5396445247616,1054.927583531814,2102300
2016-07-14,1073.6168212890625,1076.63945683041,1051.947844139163,1058.3336060420718,2699988
2016-07-15,1041.0281982421875,1076.1285808810087,1033.0246894696947,1071.5308116768174,8336366
2016-07-18,1035.9619140625,1051.0961873650037,1034.748681917979,1041.7304052175634,2598850
2016-07-19,1049.9044189453125,1052.7141958620116,1033.4291734044907,1033.4291734044907,2362896
2016-07-20,1062.14404296875,1065.3582314470198,1042.220439671581,1043.00805875932,2815252
2016-07-21,1066.8690185546875,1072.5948963012459,1049.1591346762484,1059.8233754085936,2527148
2016-07-22,1070.7220458984375,1074.5108897916393,1060.887930808544,1063.8253397653025,1517216
2016-07-25,1092.21240234375,1094.0263896426557,1069.5269322756,1072.1731987884511,1688796
2016-07-26,1089.5020751953125,1096.0750693657376,1081.1363515200208,1092.2123229104998,2311290
2016-07-27,1100.151123046875,1101.367498863577,1086.2580959105937,1090.526300609653,1750510
2016-07-28,1117.949951171875,1122.3462245648197,1099.9381411682277,1101.4106515220096,4632080
2016-07-29,1117.9710693359375,1124.6294072854787,1109.3065914705228,1115.7088996167552,2488084
2016-08-01,1155.9365234375,1163.0857662206915,1123.3914630065542,1123.3914630065542,3961704
2016-08-02,1152.0738525390625,1159.1163906654585,1148.061781591168,1153.6530675205008,2578162
2016-08-03,1133.763427734375,1151.9886440558794,1130.6689788016572,1146.4399770041098,2294702
2016-08-04,1131.9281005859375,1145.138175790767,1125.2056769116432,1139.6108704994167,1415416
2016-08-05,1130.690185546875,1145.7142457388552,1123.3915135907187,1141.2752501838982,1868484
2016-08-08,1130.8607177734375,1138.7568956480586,1122.1322609096298,1126.8059237297132,2058244
2016-08-09,1131.159423828125,1135.2569414243862,1100.7058502563393,1134.488643849562,2261914
2016-08-10,1141.9156494140625,1144.7327067050978,1130.220808111521,1131.5012697521306,2062078
2016-08-11,1156.64111328125,1158.8179400436948,1137.7116820133988,1137.7116820133988,2233138
2016-08-12,1168.8265380859375,1171.5368898514996,1153.290314089985,1154.549413681807,2327358
2016-08-16,1148.8729248046875,1169.4883794883415,1141.2542400375005,1168.6347383354303,3183754
2016-08-17,1120.2119140625,1151.9886837001543,1117.4162185724358,1151.9886837001543,1848566
2016-08-18,1126.1873779296875,1134.2969683428644,1122.5807651394111,1124.6721441432205,1292064
2016-08-19,1111.2269287109375,1129.5588443356762,1109.7330572876656,1126.8058735536297,2416244
2016-08-22,1087.837646484375,1107.3646890080652,1082.5451127061015,1104.6117169685256,2265274
2016-08-23,1110.181640625,1111.8461991305976,1084.209567815927,1086.2369654799377,1503374
2016-08-24,1097.8035888671875,1110.586840848564,1096.523127482658,1105.379652058987,1116878
2016-08-25,1088.8404541015625,1105.3370246954173,1078.1485797677715,1101.1968866986738,1939690
2016-08-26,1077.7000732421875,1098.0167645519173,1074.392215372074,1092.5748048301173,1250314
2016-08-29,1067.2860107421875,1081.9685941040314,1052.8594571550811,1081.9685941040314,1488728
2016-08-30,1085.8953857421875,1088.3069842059801,1067.584827091161,1071.3195066462026,1444026
2016-08-31,1071.874267578125,1088.392198932851,1067.4140145056945,1088.392198932851,3231668
2016-09-01,1070.2525634765625,1081.9687671092668,1061.524103789755,1077.6791996032387,1345736
2016-09-02,1073.368408203125,1075.3317203353697,1065.3655223819692,1072.1732897463173,1742330
2016-09-06,1060.243408203125,1075.6515646310104,1058.5147644606425,1075.5448595136252,2239066
2016-09-07,1041.6768798828125,1066.9232729032694,1034.1861586358336,1066.9232729032694,3854040
2016-09-08,991.1202392578125,1007.2966996596267,975.1784468420898,1007.2966996596267,7021516
2016-09-09,1004.0737915039062,1010.1346213231388,990.2448499893633,994.3636258337143,2742438
2016-09-12,1006.8909912109375,1008.9823701243209,991.9309108073556,997.4795776922505,2024454
2016-09-14,993.8302001953125,1014.8084908798992,985.9553825907898,1008.1500492118812,2069858
2016-09-15,993.1900024414062,999.6563959348401,988.8364539157085,998.7386692811189,2818964
2016-09-16,1008.0218505859375,1014.1254039505567,990.2234584029004,997.3513391807339,4358004
2016-09-19,1029.256103515625,1035.8931820328614,1003.0280089728983,1009.4303154131509,2802546
2016-09-20,1027.1434326171875,1031.5823237006045,1018.1374792678427,1029.0641246790108,1184552
2016-09-21,1030.088623046875,1034.6129623361428,1024.6680231692108,1027.6557668723267,1678020
2016-09-22,1014.979248046875,1036.3202751294418,1012.0342279911742,1035.1465186399005,2857574
2016-09-23,1023.5584716796875,1026.0126900077341,1012.0555737178837,1016.68661867946,1800726
2016-09-26,1024.8387451171875,1032.5215141238257,1022.2350983832484,1024.8387451171875,1753476
2016-09-27,1039.7774658203125,1044.8565881085951,1024.8387482615703,1024.8387482615703,2038792
2016-09-28,1034.2071533203125,1040.3746870344057,1030.856571620903,1037.6003545356473,1731328
2016-09-29,1040.5029296875,1048.484451383138,1032.7348182201101,1039.3078115684677,3603958
2016-09-30,1037.515625,1045.6252171009642,1034.2291269367763,1040.1832539805803,2175364
2016-10-03,1029.363037109375,1048.9754193505096,1024.8388020765483,1045.7102840229054,1818880
2016-10-04,1026.56689453125,1035.060681782213,1023.5151707954144,1032.9052182339044,1780718
2016-10-05,1018.5431518554688,1030.9422041388082,1014.1682416875213,1027.783774089492,1176354
2016-10-06,1019.5675659179688,1025.3936246129495,1012.7384372713178,1022.2351942955668,2267572
2016-10-07,1010.6254272460938,1019.247179025147,1006.527909467828,1019.247179025147,1816512
2016-10-10,1015.9608154296875,1018.7777680919168,1005.1835982455643,1011.5218198887447,1202142
2016-10-13,994.0221557617188,1011.5217951172856,990.6075919850227,1008.7048425240415,5173334
2016-10-14,1009.9428100585938,1018.8206987393153,977.8459240937458,988.0896177551382,7741214
2016-10-17,1008.3418579101562,1014.0399520718157,1000.6377286600563,1011.094828716946,2728346
2016-10-18,1024.4547119140625,1031.0704307532014,1005.077099705636,1014.1256749544486,2128632
2016-10-19,1022.278076171875,1028.6376615261668,1011.6929042912537,1024.7962760681853,1985058
2016-10-20,1024.860107421875,1028.3601192456458,1018.3938178627387,1023.046120110091,1265854
2016-10-21,1036.59765625,1037.984822996249,1023.6223535975471,1024.3692895378351,1259660
2016-10-24,1038.9727783203125,1042.0541118554565,1028.209477896816,1039.1867612669732,1253190
2016-10-25,1026.4549560546875,1033.366669134961,1018.9869708025743,1029.2581540445995,1772466
2016-10-26,1025.513427734375,1028.2952064637536,1015.349236223184,1026.5191895300857,1437130
2016-10-27,1034.8648681640625,1039.7436399103117,1012.3538095113572,1018.4309072343431,2941602
2016-10-28,1026.5618896484375,1033.5805938249587,1021.9826749414127,1031.3979257155797,1752102
2016-11-01,1005.7198486328125,1026.9897326198918,998.9365474346597,1026.9897326198918,2934776
2016-11-02,986.054931640625,1003.1521498160138,982.1818190391432,1001.8682520133482,2325076
2016-11-03,992.6456909179688,999.300582934502,977.6883005198586,981.753977409742,1463310
2016-11-04,997.3958740234375,999.7924201926255,981.7537006597469,992.8808132217144,1183752
2016-11-07,974.4998168945312,1003.5372418124971,967.2243962704949,1000.5414803790704,2048052
2016-11-08,977.1318359375,987.3174464421305,967.2030467963654,975.9549295752478,1933634
2016-11-09,928.6220092773438,973.6225895917349,917.066927994277,932.9658221142779,4500226
2016-11-10,922.4591674804688,949.0144750407279,916.1895082325988,943.5793284818012,2172426
2016-11-11,899.220458984375,918.8641553922752,892.8223900319542,918.8641553922752,2398424
2016-11-15,907.8438720703125,923.3576323140503,878.1429828719986,905.9607598607698,6290324
2016-11-16,937.0741577148438,945.3338158327616,914.9910759224236,918.0296755452704,4019958
2016-11-17,914.6486206054688,945.2054458838678,911.6314403775215,935.1054097334799,2504688
2016-11-18,909.470458984375,920.1267690745266,900.5259081667693,916.7030415616912,2140534
2016-11-21,912.80859375,915.8471939909056,900.8683847433907,909.9412425908234,1793366
2016-11-22,913.7071533203125,931.8742840200034,908.1650160739936,912.4232556809866,1318860
2016-11-23,922.8444213867188,925.6689339765269,910.3691512091394,919.6988298493842,1275808
2016-11-24,936.5819091796875,944.7775184719185,914.5630855506832,922.2236330090623,3026234
2016-11-25,984.4713134765625,987.4242361339146,938.1867427624634,946.6604877357111,4276148
2016-11-28,976.875244140625,992.6457287237916,963.7366042089712,981.754014800744,1924296
2016-11-29,967.1387329101562,980.8977941187592,964.0145610984341,973.622374179833,1442296
2016-11-30,974.0718994140625,982.074841601699,959.6280489274922,969.3428548764998,3445832
2016-12-01,968.6793823242188,980.0418977119306,964.656544712308,974.478341087365,1123052
2016-12-02,950.8761596679688,971.8250714038893,943.7504641209683,966.3470865091887,1998032
2016-12-05,935.533447265625,957.7235207337909,928.6859929398015,953.9359807662754,2249526
2016-12-06,933.9714965820312,943.2154980534755,928.6432371239166,937.2453941791086,1593444
2016-12-07,922.073974609375,934.8701135570543,918.2650153104639,933.9071902571293,2065706
2016-12-08,939.7059936523438,941.0968826330429,924.4062148646534,924.6201977847609,3239546
2016-12-09,939.4920654296875,950.0413822116348,930.0982355868242,943.6647326147186,1588718
2016-12-12,945.0345458984375,949.0574891828651,925.69050266192,939.2998430153092,1311758
2016-12-13,941.6534423828125,949.2284183320612,934.2496110094182,949.2284183320612,2147534
2016-12-14,944.777587890625,952.0957422859465,936.817380144277,947.5165279303011,1870366
2016-12-15,966.9033203125,972.3813043981002,942.3808548282366,942.3808548282366,4295410
2016-12-16,976.896484375,980.0420760633405,963.7793691242981,974.4785184262996,1987230
2016-12-19,979.5709228515625,983.3370429614364,967.7591289189467,975.762068850027,1334210
2016-12-20,1001.1405029296875,1003.5798873026945,978.7792879567384,980.8976979521432,2922760
2016-12-21,990.1420288085938,1003.0665791461965,986.7183013292887,1003.0665791461965,2034902
2016-12-22,987.6168823242188,995.0207132594378,978.4156155134326,986.8893611940917,1868300
2016-12-23,979.2286376953125,991.9177825057207,975.2485346597009,984.3213891762086,1118954
2016-12-26,981.3688354492188,985.0065462974475,969.7709155395486,969.7709155395486,897408
2016-12-27,994.3358154296875,997.1604318370149,976.4040880841843,976.4040880841843,1294692
2016-12-28,990.05615234375,1005.6769058174299,985.6695023956618,995.7481190268197,1350418
2016-12-29,1006.4473266601562,1009.9566259360121,985.6054094585211,985.6054094585211,1963516
2016-12-30,1012.3746337890625,1017.959609008609,1003.8580507138288,1007.8167348123486,1405748
2017-01-02,1010.577392578125,1016.4619241271491,1006.747013910028,1012.8242137150252,823132
2017-01-03,1013.5302124023438,1015.0066738164716,1002.8524844130443,1010.5344511918228,1475324
2017-01-04,1018.3448486328125,1022.3463715504238,1009.271992542396,1014.1507619589436,1420066
2017-01-05,999.0437622070312,1022.8172937756005,993.0522383653553,1020.270917039665,2216404
2017-01-06,976.3613891601562,996.8824382132913,965.9619010929243,993.3088810570454,3009896
2017-01-09,985.9048461914062,989.1574282418652,965.9188631410386,973.6222479600633,1854578
2017-01-10,990.8907470703125,997.0748325467692,980.683720017158,986.0332930043778,1533914
2017-01-11,994.763916015625,996.9894223271218,975.8478437549528,990.7410782688996,1931296
2017-01-12,1003.3016357421875,1009.9992585231823,986.0331744226322,994.7636346942986,2570374
2017-01-13,962.6239624023438,1009.1224273640365,957.7237725089918,1004.8641864824918,10235580
2017-01-16,966.5824584960938,973.1516727388271,953.5080786218084,962.9233289493128,3364808
2017-01-17,975.2271728515625,979.1002846597121,964.1214800300666,965.0201456175357,3009956
2017-01-18,982.2244873046875,983.465546505431,969.5352368624674,974.906229303469,3136574
2017-01-19,980.4697875976562,982.2458041273496,977.0246415196717,982.1816510417376,2251676
2017-01-20,978.0516357421875,984.3212926168443,969.3424903378923,978.7577374846621,2037246
2017-01-23,990.0048217773438,992.9233119454061,969.8760098624648,972.1077594797255,2318546
2017-01-24,995.0045776367188,997.0002529759491,982.837098284513,988.8457093657283,2282638
2017-01-25,1009.8761596679688,1012.8804661353192,994.8761076195046,996.8289277796613,4111648
2017-01-27,1011.936279296875,1020.927718435599,1006.4641496447242,1006.4641496447242,2871658
2017-01-30,1001.249267578125,1009.4252923691266,994.9187659213928,1004.7257205701645,2577956
2017-01-31,957.000244140625,1000.8845713540924,944.2319435577335,995.7128521784279,4666804
2017-02-01,930.43359375,961.3565094199254,925.1332020776695,952.7942576554797,4864152
2017-02-02,947.4937744140625,952.3650843336613,924.038768170515,931.3564208023719,6009482
2017-02-03,958.180419921875,962.6653982574272,940.3476984315752,948.3734656818059,2153372
2017-02-06,961.6998901367188,969.317952414941,950.6268547139675,969.1033591113292,2408910
2017-02-07,963.352294921875,966.7857877598296,955.3693821608762,963.0947410462741,1814638
2017-02-08,974.6612548828125,979.6613414704408,963.1161776515618,963.4809233799201,2212584
2017-02-09,994.5541381835938,999.1464138889917,974.3394072269514,976.3995238820687,4033202
2017-02-10,1029.16796875,1040.5414134536923,991.8502154804881,991.8502154804881,5782160
2017-02-13,1036.163818359375,1042.4943211328246,1022.4728068163321,1028.3311623854459,3819812
2017-02-14,1032.72998046875,1038.4810374602282,1029.1891919642858,1038.4810374602282,2033328
2017-02-15,1035.9278564453125,1042.0652468539217,1019.361313660187,1028.76045992951,1924972
2017-02-16,1050.5418701171875,1063.5247693393487,1045.3272930035346,1055.799407818724,4175680
2017-02-17,1033.4383544921875,1062.4943706390586,1030.9061955083964,1060.949256992821,2723324
2017-02-20,1073.91064453125,1096.5717170173787,1033.5242500339066,1040.7774613570032,3973948
2017-02-21,1058.09521484375,1084.08237936877,1053.7174277453219,1078.975100796449,5501112
2017-02-22,1034.9835205078125,1060.0909374473551,1030.1122105221716,1058.33123041576,4505496
2017-02-23,1065.1552734375,1070.069438813991,1036.4855889845735,1036.4855889845735,4853352
2017-02-27,1068.6102294921875,1073.824804435508,1060.1123143999914,1063.9964738376384,2139892
2017-02-28,1058.4815673828125,1068.6747502415421,1051.507284374208,1068.4601569182003,2354828
2017-03-01,1064.189453125,1073.7817089463567,1060.0907009160971,1064.3396055373873,1130374
2017-03-02,1073.5887451171875,1077.2583113172936,1060.1123284740177,1067.25824308853,1544942
2017-03-03,1070.412841796875,1072.8377041313297,1062.4084489789973,1069.532988326025,1013970
2017-03-06,1061.1640625,1066.0997093023257,1053.4601825779682,1064.3829625884732,1400694
2017-03-07,1072.880615234375,1075.112364455712,1062.2582475616089,1065.6272992876827,1511672
2017-03-08,1078.202880859375,1081.5505583057522,1069.6191462696468,1073.825197174997,1791510
2017-03-09,1081.4429931640625,1083.267036311576,1074.704784140214,1079.0395061628178,858468
2017-03-10,1091.0994873046875,1094.232570020261,1078.953487199637,1081.3784540330712,1171420
2017-03-14,1101.9366455078125,1110.3701206677845,1094.8765465737897,1097.344369635784,3402294
2017-03-15,1072.2366943359375,1103.9320556869209,1070.3268352952966,1103.867719622239,3022496
2017-03-16,1081.9364013671875,1084.5544814028349,1075.5415632748334,1075.5415632748334,1571818
2017-03-17,1084.0179443359375,1092.708972099098,1077.15095943665,1092.708972099098,2593152
2017-03-20,1064.3826904296875,1084.1037923060717,1058.3740784675845,1084.1037923060717,3487540
2017-03-21,1067.25830078125,1069.5330107251243,1057.9449724869307,1065.2411447109785,3373700
2017-03-22,1063.9322509765625,1071.2499044936865,1060.0695710324746,1064.4472540127276,1888716
2017-03-23,1055.9495849609375,1066.550475953379,1050.3057167425166,1065.24143550534,2620638
2017-03-24,1041.721923828125,1060.0053189247296,1040.0481376325083,1060.0053189247296,5099814
2017-03-27,1035.2197265625,1047.21547301214,1032.6231262570527,1041.6145660218217,2181270
2017-03-28,1042.90185546875,1048.6743937164401,1034.33960459456,1034.33960459456,1153158
2017-03-29,1049.1895751953125,1051.85051108519,1041.0350300213092,1045.498528624853,1717764
2017-03-30,1047.644287109375,1057.9447635086478,1045.0691680095567,1049.318072611511,2986086
2017-03-31,1043.696044921875,1047.5802047946474,1036.4856887394833,1046.528613748675,1867044
2017-04-03,1035.0694580078125,1045.069528248874,1033.5673046817874,1045.069528248874,1196888
2017-04-05,1030.5843505859375,1038.5886389754949,1027.9019342647873,1038.5886389754949,2905568
2017-04-06,1030.0693359375,1034.3397217160084,1026.8504363885913,1030.0478556507967,1720704
2017-04-07,1042.515625,1044.3181875791568,1026.6785782115614,1027.8588412407787,2277012
2017-04-10,1039.597412109375,1051.078155539626,1032.1939420468766,1043.7819821447001,2543264
2017-04-11,1038.331298828125,1048.5459622072499,1032.6230953413876,1037.4729255152893,1557784
2017-04-12,1027.1507568359375,1042.064990117061,1022.7515945012176,1039.7044639862356,1050538
2017-04-13,999.42529296875,1033.9104767696042,996.1635378123702,1030.047797528871,2500472
2017-04-17,993.5025634765625,1001.2492971615812,985.0475043071699,1000.1763307473818,2270882
2017-04-18,990.9058837890625,1001.8071797643742,988.0088747046374,1000.0046172904388,1730620
2017-04-19,986.7642211914062,1008.0304358440646,966.8714873335321,971.4637624932067,5626812
2017-04-20,998.073486328125,1000.8631993623683,983.2450676281923,989.4039375473161,1268842
2017-04-21,991.7646484375,1002.4298750754108,987.5585978163635,999.6187860127603,1161154
2017-04-24,999.1893920898438,1004.1464136268806,979.6184406937869,987.1292063946154,2000020
2017-04-25,992.0648193359375,1006.2064967559912,988.2879563245504,999.1463981890818,3148710
2017-04-26,991.571533203125,1005.9921434386416,988.4384493400755,1004.2968769318265,2187438
2017-04-27,988.2666625976562,999.0607704230172,977.5369956431645,989.7259601726093,5773186
2017-04-28,975.6056518554688,986.5928726875565,973.3953823840687,984.5542359740097,2540510
2017-05-02,982.7943725585938,987.98757243244,978.5454670486373,984.5540795656026,2382696
2017-05-03,1003.1377563476562,1006.4424718660655,973.609700395808,984.9831441077272,3514406
2017-05-04,1000.0478515625,1008.5886239547197,990.9061549932545,1008.5671436659158,2708208
2017-05-05,995.927734375,1001.0779747596155,988.2023737980769,990.5629006410256,1682474
2017-05-08,1005.3480224609375,1007.4724749468628,994.7256552494374,996.1419918340121,1071782
2017-05-09,1009.68310546875,1013.3097118164143,1001.0993722047397,1005.9920582524654,1790270
2017-05-10,1001.0562133789062,1011.2279143259993,993.9961151238026,1010.7343916738148,1206388
2017-05-11,1008.352783203125,1012.8807243467372,996.8935179984677,1007.4300736085436,2071302
2017-05-12,1013.15966796875,1017.1296454395331,995.7347486418178,1005.7133406629752,2314446
2017-05-15,1015.069580078125,1020.5845667060046,1004.9836918928956,1019.3614473909886,1817604
2017-05-16,1042.5587158203125,1045.0694996521536,1018.653040213807,1021.4642337462528,3601026
2017-05-17,1053.8033447265625,1056.1209104197287,1039.9191165079762,1044.4255757417088,2876198
2017-05-18,1088.5032958984375,1103.8682008321882,1048.1812260818085,1051.5074230322166,5138594
2017-05-19,1076.03515625,1090.3700517452753,1066.957901454882,1088.5030480982775,1786044
2017-05-22,1086.42138671875,1096.0351232734815,1077.2582122041856,1077.2582122041856,1663940
2017-05-23,1082.27978515625,1100.4987346442094,1078.9750694242543,1087.2154308596625,2748596
2017-05-24,1098.3531494140625,1103.0098672254258,1085.692141210502,1087.9025156812888,2534548
2017-05-25,1126.4434814453125,1132.0014283857322,1102.1514717364867,1106.0141521280866,4094094
2017-05-26,1106.5501708984375,1127.4086781677884,1100.713192178081,1126.6146411745945,1362550
2017-05-29,1104.23291015625,1114.3831324773016,1100.4345664054695,1106.8723661309305,1749290
2017-05-30,1094.89794921875,1105.5631730873238,1083.6961373319912,1098.7176679484744,927634
2017-05-31,1092.9666748046875,1104.0825662116138,1084.983761859265,1087.1296949325626,2502730
2017-06-01,1095.9713134765625,1100.4348137098875,1085.8424643861215,1085.8424643861215,1080064
2017-06-02,1100.821044921875,1112.3877115733283,1095.4991711744813,1097.1086214749334,1355648
2017-06-05,1117.5804443359375,1124.4259497611777,1098.7820499930501,1100.8636469497446,1500188
2017-06-06,1157.0870361328125,1162.6449814664659,1128.7607214500358,1129.1899080361386,5946720
2017-06-07,1122.4307861328125,1158.8043676736809,1105.82127781921,1157.5168072651545,4927776
2017-06-08,1082.237060546875,1118.009703698977,1079.6189801610576,1115.026877542607,3330714
2017-06-09,1075.970703125,1093.309798191209,1066.9577853884125,1081.5501283905064,3148034
2017-06-12,1067.47314453125,1078.5032218190913,1060.2627869794223,1071.6791951683085,1626506
2017-06-13,1063.93603515625,1076.760314148187,1061.961382053705,1069.7731126940673,1175414
2017-06-14,1072.0299072265625,1074.5470418432053,1065.4333553009164,1065.4333553009164,1489142
2017-06-15,1046.42431640625,1071.8124317635077,1043.7336313539265,1071.5086635396442,2997198
2017-06-16,1041.4339599609375,1056.7536542501905,1035.7053781799095,1048.0522323335517,2450426
2017-06-19,1055.3211669921875,1061.6791099929455,1043.798845539866,1048.8981686311804,1644742
2017-06-20,1061.0931396484375,1062.8290793452038,1033.0143362439117,1055.0173507097552,1670958
2017-06-21,1044.2982177734375,1059.8565178083973,1040.348911547635,1058.9234923583672,1657818
2017-06-22,1039.3289794921875,1055.0174942549452,1035.0541850259335,1045.4698246236787,5775882
2017-06-23,1024.9423828125,1047.618099715225,1021.6007194069834,1041.303596592787,1424756
2017-06-27,1016.7616577148438,1034.9238638577967,1011.8793271463046,1020.125040995393,1974330
2017-06-28,1019.8866577148438,1023.3368179076971,1013.3551610748399,1019.8214963808572,1789726
2017-06-29,1012.5950927734375,1029.4337251714785,1008.1901891817046,1023.7702020154459,2471826
2017-06-30,1025.2244873046875,1031.5823250503865,1008.1905763841037,1008.7546721104994,1753848
2017-07-03,1030.1065673828125,1034.2077033632193,1016.8700283650568,1023.0759274697249,1475956
2017-07-04,1027.177734375,1033.0798684965673,1019.8867630922175,1029.9769172375381,1215134
2017-07-05,1022.46875,1026.374615343803,1017.6949145797963,1024.5518993740372,815856
2017-07-06,1018.801513671875,1025.0291348848866,1015.5683465943608,1023.7706207591546,1026788
2017-07-07,1012.0311889648438,1022.6638203029128,1009.2320072114113,1019.8646385494803,1232090
2017-07-10,1056.7315673828125,1061.049696177278,1032.4284116875765,1044.1677250488917,783608
2017-07-11,1074.4600830078125,1091.3854979891796,1052.8476088409316,1052.8476088409316,3537504
2017-07-12,1058.6845703125,1077.7148528452763,1054.6268745819852,1077.367643692891,2646450
2017-07-13,1061.7008056640625,1072.810863459879,1053.1079878796234,1061.093269077429,3131960
2017-07-14,1040.4573974609375,1052.4137063255382,1030.714454648723,1034.1863349170135,4508432
2017-07-17,1039.5894775390625,1051.1552428127127,1033.8391755673374,1040.5659439116196,2211822
2017-07-18,1045.1875,1060.225033305956,1039.8927998438253,1039.8927998438253,1908002
2017-07-19,1063.0899658203125,1067.6033685743907,1048.1174795537204,1048.2910312160327,3915576
2017-07-20,1060.9635009765625,1066.2580987454423,1054.8009328864428,1062.9381546480643,1182504
2017-07-21,1081.143310546875,1084.9623993833764,1056.5581049581915,1056.7099361220896,2148416
2017-07-24,1101.3804931640625,1105.4279474503862,1080.1858919574247,1080.1858919574247,2271402
2017-07-25,1119.136962890625,1122.8362295383288,1096.027384037733,1099.2262041691604,2678832
2017-07-26,1112.39111328125,1120.6600613064236,1108.4742431640625,1114.1319444444443,1459826
2017-07-27,1080.0555419921875,1124.9255238773812,1073.440402440993,1106.3856228142754,4255304
2017-07-28,1081.1864013671875,1084.9944683583005,1062.777096262633,1079.750194851594,1382752
2017-07-31,1084.4508056640625,1096.2884364467711,1071.9167999080578,1075.3984622707312,2019662
2017-08-01,1088.7379150390625,1097.0504293040785,1084.1029929173696,1088.0198644293152,1747460
2017-08-02,1076.6173095703125,1091.5013982967002,1071.4818351700462,1088.0197351442387,1251024
2017-08-03,1083.4283447265625,1088.8902254210077,1073.4185624784877,1079.3156510967622,1882548
2017-08-04,1097.9423828125,1100.3360259822289,1082.7971284154696,1084.0157316431691,1387890
2017-08-07,1089.521240234375,1096.7239525221592,1079.8378640662727,1095.2007248103228,1885520
2017-08-08,1089.34716796875,1100.4667511929895,1086.4095146097084,1093.2422574685006,1073958
2017-08-09,1093.2420654296875,1097.9641128707037,1085.1037002853504,1088.019571486552,992946
2017-08-10,1093.0028076171875,1096.9850234653925,1082.0791535939181,1091.9365695628974,1526172
2017-08-11,1086.30078125,1103.2521089717827,1080.6212964800538,1087.9762680390909,1394736
2017-08-14,1074.7021484375,1092.3280651512764,1071.9168608896669,1089.325173693397,786504
2017-08-16,1084.6903076171875,1107.0817298399284,1072.8743509545654,1081.0562796353609,1373340
2017-08-17,1081.774658203125,1090.195975001822,1071.5255954157433,1088.3245594630064,1752374
2017-08-18,1094.025390625,1109.7363284787677,1075.5725161245996,1076.7040989071556,2837356
2017-08-21,1100.5538330078125,1109.3450119304323,1085.5391594450036,1090.4134670034125,2304834
2017-08-22,1086.9534912109375,1105.2104410181266,1084.5380661615166,1098.0295108047778,1131326
2017-08-23,1083.4283447265625,1095.3313239440688,1076.3344343177573,1090.1958491924956,1562272
2017-08-24,1086.5404052734375,1095.832032920642,1081.9923963789856,1087.0190703530916,1623908
2017-08-28,1082.49267578125,1090.3698753465412,1071.0466862865176,1090.021794013659,2036796
2017-08-29,1075.33349609375,1086.2789324192377,1072.330497793837,1080.186021740604,1312602
2017-08-30,1081.2955322265625,1083.6673934236355,1070.6547230475421,1079.7505233269237,970782
2017-08-31,1086.4312744140625,1089.9346129776861,1073.5055148925912,1081.4916222903555,1784664
2017-09-01,1069.0667724609375,1087.171469490979,1060.4061749345067,1079.3159430902722,1702330
2017-09-04,1068.9573974609375,1071.04641619109,1061.0366366005192,1067.6083170063955,1062544
2017-09-05,1081.208984375,1083.667866953855,1060.6236257322741,1070.6116275929653,1165994
2017-09-06,1067.6519775390625,1077.07429213556,1066.2593335374806,1074.158314262712,1228764
2017-09-07,1070.65478515625,1074.2669250090146,1066.7161331912503,1069.74080624657,870636
2017-09-08,1075.2244873046875,1076.7041513984082,1067.3689648688805,1067.8911930047873,1021134
2017-09-11,1068.1961669921875,1080.5995939778313,1066.2595128009584,1075.4859003960307,732764
2017-09-12,1082.992919921875,1086.7139681758233,1069.3056547088497,1076.6606246478807,1396460
2017-09-13,1083.3194580078125,1101.7940116788923,1077.2265475507922,1088.019724467899,1278980
2017-09-14,1082.3402099609375,1086.9752376085914,1075.790310152588,1080.1859522171742,1081510
2017-09-15,1090.6527099609375,1095.4182149136936,1081.4915629958398,1087.5844732099008,2944072
2017-09-18,1087.6060791015625,1096.2666718626954,1083.3410213905497,1090.1737626332217,726600
2017-09-19,1087.258056640625,1090.1957097507318,1084.3204035305182,1090.1957097507318,782754
2017-09-20,1085.21240234375,1094.1123803688442,1076.8346524145136,1094.1123803688442,1334642
2017-09-21,1098.8565673828125,1105.8634582415957,1079.3157719162366,1084.1248412632688,2438740
2017-09-22,1089.5863037109375,1099.7265605716104,1084.537850669339,1096.6801059348986,2435396
2017-09-25,1092.6981201171875,1102.8167027290463,1084.8643787402646,1086.5181898368874,1599558
2017-09-26,1076.98681640625,1099.5088174764771,1073.2223118682152,1092.371452874785,1449230
2017-09-27,1085.8433837890625,1093.3289361664074,1076.5952186966708,1083.667344943794,2010356
2017-09-28,1077.770751953125,1094.1128324148012,1067.1299383775229,1085.7132973753885,4332866
2017-09-29,1060.1441650390625,1081.0559160668176,1053.8554350868756,1078.8798775884222,1985014
2017-10-03,1065.584716796875,1068.130725405826,1056.2713106284004,1061.9072314465536,1923006
2017-10-04,1062.908447265625,1068.0003592684718,1055.3793281279723,1066.0854866996572,1300778
2017-10-05,1057.381103515625,1063.4086688783398,1055.1179375471463,1062.3424308269932,1684686
2017-10-06,1064.8011474609375,1068.4351751807467,1056.7063459337264,1057.5549799141404,1389188
2017-10-09,1068.0439453125,1074.0715120792165,1062.3644599279296,1062.3644599279296,1773616
2017-10-10,1070.2847900390625,1074.9414922830063,1066.8031276133993,1068.435156875429,1222010
2017-10-11,1088.1719970703125,1094.3083640426332,1069.1968921905857,1070.6113177119532,1527746
2017-10-12,1108.9967041015625,1111.9561389507203,1091.0661606064407,1093.6774078994756,5006356
2017-10-13,1113.5228271484375,1135.4354782440842,1098.0293854709903,1108.996601840056,4066320
2017-10-16,1124.7513427734375,1127.188549706009,1111.9780536543792,1111.9780536543792,1218590
2017-10-17,1129.1685791015625,1138.0467769816562,1121.7700454508447,1125.0123227709223,1443016
2017-10-18,1125.708740234375,1137.4810283379527,1122.836325737533,1129.3644439104255,1514144
2017-10-19,1124.53369140625,1129.7127293566796,1118.919551791848,1128.058918025854,86822
2017-10-23,1126.274658203125,1144.1617481937328,1108.670517142964,1124.577389628226,1886088
2017-10-24,1122.139892578125,1140.6362264444192,1118.070762878691,1140.2445818750766,1339020
2017-10-25,1117.12158203125,1140.7304687015694,1114.983300509759,1125.2385285183614,1105106
2017-10-26,1107.935546875,1121.1581592331072,1098.793035419865,1106.2990744008603,3007552
2017-10-27,1127.769775390625,1131.6317872015532,1104.204567512109,1107.5647702902509,1409270
2017-10-30,1141.6904296875,1143.3487430658304,1126.6348832616331,1128.511392964976,1137252
2017-10-31,1145.093994140625,1152.076274592702,1135.1879050574696,1135.1879050574696,1592634
2017-11-01,1135.864501953125,1146.337924172646,1125.391079733604,1145.0941626676138,741882
2017-11-02,1146.0323486328125,1166.9137765171693,1137.5663750696078,1138.3300620961243,1468422
2017-11-03,1143.392333984375,1150.6363874737847,1135.8427204313173,1148.759877919728,666886
2017-11-06,1163.2261962890625,1165.953649757814,1139.7482555218205,1143.3484941005725,1377000
2017-11-07,1182.6458740234375,1207.9348057473785,1163.4445982095342,1165.1683277982302,2696892
2017-11-08,1193.53369140625,1204.0071131955553,1186.224115782464,1188.2969805115974,1402252
2017-11-09,1194.1448974609375,1200.0798805777222,1186.682646491873,1200.0798805777222,1152432
2017-11-10,1182.0787353515625,1189.6065094853195,1175.3583303355817,1187.9481959041384,1356566
2017-11-13,1203.9854736328125,1212.0368966717613,1179.154774604038,1179.154774604038,1496996
2017-11-14,1184.6314697265625,1202.9381191496586,1181.5330394535408,1202.9381191496586,1657252
2017-11-15,1180.57275390625,1202.2614417282914,1178.8490246900412,1180.8782073745033,6670834
2017-11-16,1198.6177978515625,1205.7528601071012,1172.5651786428248,1182.6240502679134,1653482
2017-11-17,1181.446044921875,1199.2508893983759,1179.831413148678,1199.2508893983759,1325464
2017-11-20,1179.765380859375,1189.9987645265771,1176.2088243052679,1184.8057359614736,1014498
2017-11-21,1166.4559326171875,1178.6967700677442,1163.4230244356186,1178.6967700677442,1527740
2017-11-22,1169.8160400390625,1182.4932691891079,1166.2158002905283,1166.4776785250779,1822624
2017-11-23,1170.07763671875,1175.2052496722029,1164.7318274694055,1169.9685385708042,793470
2017-11-24,1173.044921875,1179.525286801496,1166.5208750805243,1170.404725849624,2287512
2017-11-27,1172.085205078125,1176.4708658409586,1161.7644553026794,1173.023406629906,1856786
2017-11-28,1171.8450927734375,1179.3073424531983,1165.1682645559515,1172.1505462911182,911716
2017-11-29,1159.9970703125,1175.205396654709,1156.4405128611133,1168.4413106360873,1447532
2017-11-30,1150.76708984375,1163.8370246753848,1144.6575944862177,1158.0329827775004,4299962
2017-12-01,1147.6907958984375,1164.2955570666363,1144.0032994191106,1149.8946000264568,1031144
2017-12-04,1148.7381591796875,1160.1497836090648,1135.908152190061,1144.221452933221,1259104
2017-12-05,1150.134765625,1157.1824648918966,1146.905395821842,1148.149157594204,1167914
2017-12-06,1149.15283203125,1154.2586049300774,1140.228623293807,1150.3310709246443,1407518
2017-12-07,1142.1483154296875,1154.6727593627743,1141.1664322661697,1148.7160441205567,1326300
2017-12-08,1135.2755126953125,1154.258593534154,1133.311745711984,1142.4759916341834,1385548
2017-12-11,1161.2840576171875,1166.3243054695697,1138.2643545653334,1138.2643545653334,1008002
2017-12-12,1139.9228515625,1161.677064603641,1137.8499867778016,1161.2406720173888,1882246
2017-12-13,1147.01416015625,1157.073029955544,1135.0570466488439,1139.5954866487411,2961458
2017-12-14,1116.2052001953125,1148.585515220418,1104.5535371356211,1148.585515220418,5504150
2017-12-15,1110.88134765625,1127.835140857869,1107.0629113665352,1118.8018328864391,2718138
2017-12-18,1126.1112060546875,1129.7987025496548,1088.5160227840756,1107.1281262393886,2180664
2017-12-19,1123.8421630859375,1133.6609990234974,1119.2163577611004,1124.147616673535,1801952
2017-12-20,1129.798583984375,1131.456897148422,1113.0847263399035,1126.7656767668404,1577570
2017-12-21,1132.744384765625,1138.112035690036,1125.9148823826513,1128.9477900038817,1293648
2017-12-22,1155.021484375,1162.505570768488,1130.3434749903056,1136.3657108954378,3665664
2017-12-26,1156.2003173828125,1173.7869599329056,1148.4107736358646,1172.1504877329805,2175786
2017-12-27,1143.30517578125,1160.1499763770942,1139.203127076323,1156.2006011902743,739284
2017-12-28,1146.381591796875,1157.967837368205,1137.0864075205075,1138.4611082221863,2605088
2017-12-29,1178.78369140625,1182.1438931795742,1142.7158849719783,1144.7014926465856,2609542
2018-01-01,1154.5206298828125,1175.9911305331104,1149.8948244053502,1170.5362214989295,1351760
2018-01-02,1148.2364501953125,1164.9939937892766,1143.4361304983913,1160.804581255489,1920290
2018-01-03,1151.487060546875,1164.7316159183413,1148.2359576368221,1148.585092955067,1257120
2018-01-04,1159.5389404296875,1161.6772217751634,1152.0765835786744,1156.4405100316242,913082
2018-01-05,1173.546875,1178.0417397679864,1156.440307607025,1156.440307607025,1153706
2018-01-08,1184.5443115234375,1189.9774859138595,1170.3398142603462,1178.2602992107884,1242220
2018-01-09,1182.1873779296875,1187.4240883524103,1168.0264614698037,1184.805733141049,2149396
2018-01-10,1224.7794189453125,1228.8814664512379,1175.9251859250257,1183.0602469990433,3365850
2018-01-11,1217.7535400390625,1231.4562249471371,1214.1314601813501,1226.2631956673592,2520744
2018-01-12,1211.5787353515625,1224.0813417335492,1195.9558577031996,1224.0813417335492,3360314
2018-01-15,1198.3779296875,1225.3905928026838,1193.5557694724023,1211.9278365865111,1457214
2018-01-16,1244.0897216796875,1248.8026759030304,1200.3195283841412,1202.6978464311546,4267752
2018-01-17,1260.71630859375,1276.4482822351702,1249.0209662722189,1252.4466906033979,4280806
2018-01-18,1273.4808349609375,1279.9394666018347,1251.5957891866472,1264.2293333602165,2209478
2018-01-19,1291.416748046875,1301.322839568353,1267.1314339471292,1278.8704597713584,1820000
2018-01-22,1363.1986083984375,1371.2035506002908,1278.162770684385,1295.2224380549158,4367110
2018-01-23,1356.8995361328125,1374.5497710756492,1351.6723010580456,1362.5641985241923,3239610
2018-01-24,1388.6571044921875,1425.5978280672364,1348.4355685341886,1351.6507027290745,5621538
2018-01-25,1365.232421875,1390.9312743542391,1347.7134381027395,1388.831602069522,3833844
2018-01-29,1399.264404296875,1410.7030858256712,1365.6480725419367,1369.759846570708,3141060
2018-01-30,1379.142822265625,1401.429723728435,1375.1402980555506,1391.0189317484167,1574758
2018-01-31,1361.4271240234375,1377.8962218624674,1355.4124976581647,1372.2096660262096,3043214
2018-02-01,1372.9091796875,1395.3928971306593,1351.1252817528525,1366.5226992589905,2400630
2018-02-02,1379.4925537109375,1395.3930786887404,1357.5337247404839,1364.773167871119,2456490
2018-02-05,1357.424560546875,1394.518421988643,1345.898413701128,1360.399087950025,2757742
2018-02-06,1311.0794677734375,1346.0298794641517,1305.7209813341267,1316.6566679449652,2657306
2018-02-07,1292.61962890625,1325.8422126449484,1289.2951385423833,1324.092503357393,2180324
2018-02-08,1300.996337890625,1324.3550212876917,1294.3474638621879,1303.424080920363,2755004
2018-02-09,1299.9027099609375,1309.657360289114,1267.0737691333452,1290.410558735099,2102458
2018-02-12,1297.9781494140625,1322.4959728411977,1292.8383782400492,1302.789850087607,1974562
2018-02-14,1273.7008056640625,1301.1055826926652,1265.258437599802,1299.1590526089583,2847532
2018-02-15,1279.8470458984375,1287.3488833540466,1270.770427030073,1282.5152890557474,2465236
2018-02-16,1282.9964599609375,1312.1072748584966,1278.600293221788,1278.600293221788,2515756
2018-02-19,1278.862548828125,1291.8541188059014,1266.4395489283727,1288.2234507100004,1568224
2018-02-20,1288.1143798828125,1305.7427260600728,1280.7436852250503,1280.7874706840564,1889068
2018-02-21,1330.7855224609375,1339.6653208543025,1294.807115510389,1300.9092069414162,3089228
2018-02-22,1334.240966796875,1346.8388966399566,1322.1242497870312,1335.028357435904,3463010
2018-02-23,1345.4390869140625,1351.2131066715444,1308.826438467573,1334.1534397372,3362500
2018-02-26,1326.1483154296875,1351.628455489036,1321.5553288095475,1345.0889387553057,1363882
2018-02-27,1330.8070068359375,1346.6418539509236,1326.279591502316,1330.2164372554562,1717800
2018-02-28,1327.613525390625,1340.2551295212868,1321.6644723916334,1327.5916326705449,2706864
2018-03-01,1328.7730712890625,1339.0526142581589,1321.030628368969,1333.7160218201943,1718124
2018-03-05,1358.5836181640625,1361.9954656583486,1326.6951040177516,1333.7158335195002,2858168
2018-03-06,1331.0037841796875,1367.8351407720052,1325.4702648649316,1365.648004314103,1906764
2018-03-07,1324.289306640625,1351.2129793027423,1320.374353520663,1342.9018602976428,1917772
2018-03-08,1314.009765625,1336.2966660348566,1306.814107629611,1336.2966660348566,1951826
2018-03-09,1327.1982421875,1339.9273128149605,1302.3085642060091,1314.4690647662628,1872436
2018-03-12,1335.093994140625,1348.9823140692806,1327.8108706593378,1331.0915761542958,2091340
2018-03-13,1262.765380859375,1285.9052465240047,1256.2914342821705,1279.4312999468002,88067154
2018-03-14,1262.80908203125,1278.6221461628352,1257.625631566576,1265.4555390839125,3668668
2018-03-15,1255.2850341796875,1269.6545629321247,1249.117373656481,1266.351965635358,2348906
2018-03-16,1236.0384521484375,1256.2913599860792,1226.983727284454,1254.8916138128188,7197482
2018-03-19,1238.35693359375,1245.7931991787354,1233.545232332877,1237.482078819046,3489940
2018-03-20,1253.1636962890625,1256.8161503227564,1233.107611015656,1233.5450383342143,4024984
2018-03-21,1249.620361328125,1261.6715040501724,1246.6677272373,1256.5098408733838,3907678
2018-03-22,1238.5098876953125,1258.0190821303593,1234.6605059127996,1251.0202449962553,2326094
2018-03-23,1232.7357177734375,1239.7127687283312,1223.9434930127468,1225.6713095100104,3654122
2018-03-26,1232.23291015625,1236.782112119466,1216.7261311369327,1233.107764902545,2964210
2018-03-27,1245.6614990234375,1252.3541569878173,1234.8789605429838,1235.7319222810281,2494574
2018-03-28,1246.296142578125,1257.6036827562498,1235.7323143604888,1240.5002299532484,6865654
2018-04-02,1272.760498046875,1274.6633498143888,1242.2937245960413,1242.2937245960413,1662988
2018-04-03,1273.4603271484375,1281.6183042166929,1265.0836364130034,1265.0836364130034,1937290
2018-04-04,1273.3072509765625,1283.411865642387,1265.0399166454613,1281.4215498089625,2841820
2018-04-05,1293.887939453125,1296.4250389141814,1277.440738590312,1280.15276623747,1809424
2018-04-06,1290.54150390625,1294.784526434803,1280.1526077904302,1292.1599632055431,1129018
2018-04-09,1278.99365234375,1296.3158163117907,1275.100592052934,1285.905025110545,1235866
2018-04-10,1284.98681640625,1293.5822223893633,1279.781366093961,1279.781366093961,1184532
2018-04-11,1318.471435546875,1323.2175644044796,1288.4858799769588,1290.673016447049,3124416
2018-04-12,1373.193603515625,1377.8959468262224,1315.759379674876,1316.656126967279,6114360
2018-04-13,1379.3397216796875,1417.6146158470935,1370.0662829658852,1377.8961900266158,8179118
2018-04-16,1394.365234375,1399.7456120803568,1360.727114242636,1363.023607805209,6270274
2018-04-17,1385.1572265625,1397.5582255071477,1376.6710735054428,1394.364985098919,3301724
2018-04-18,1381.87646484375,1396.9020267685805,1376.0805537952954,1384.8946701439309,2433066
2018-04-19,1395.895751953125,1407.2907517526155,1384.7851439069082,1390.9746960046284,4820952
2018-04-20,1488.3245849609375,1497.029452830285,1417.2645371646336,1421.6388104274874,18465662
2018-04-23,1491.0367431640625,1556.3227773103742,1482.6819445790666,1497.751295926107,15185910
2018-04-24,1480.9755859375,1506.1276538262844,1462.1006420567276,1491.6269826218222,8314336
2018-04-25,1517.98193359375,1523.559131102091,1471.964607667995,1480.6912600575877,8196574
2018-04-26,1548.16455078125,1557.241167134633,1516.5604287797114,1516.5604287797114,12135034
2018-04-27,1509.977294921875,1550.2425031934297,1496.0015126753751,1541.9313836785666,4501330
2018-04-30,1545.037109375,1552.4295885075232,1503.700226840776,1509.9772449271115,3458558
2018-05-02,1530.885986328125,1545.08047893647,1518.4412026833666,1544.3368739856976,3158046
2018-05-03,1523.0565185546875,1542.3688940654727,1518.0478897739233,1535.2825920879118,3761550
2018-05-04,1522.5753173828125,1529.683512141836,1517.8729731576125,1527.4963752929057,2347244
2018-05-07,1496.4171142578125,1526.621494994616,1492.020947906305,1526.621494994616,3484426
2018-05-08,1505.27490234375,1525.0903816949867,1485.8093862142714,1502.4316247068598,2992820
2018-05-09,1526.3153076171875,1528.6992653688842,1504.8375815375966,1504.8375815375966,2615050
2018-05-10,1509.6710205078125,1535.872873952103,1504.8374273195427,1532.2859913287757,3858678
2018-05-11,1512.1644287109375,1524.434287013953,1505.8436249771976,1510.9615035203237,2627876
2018-05-14,1501.928466796875,1518.310097163495,1491.9769961225825,1512.1861152100842,2433894
2018-05-15,1523.2969970703125,1529.15858777568,1501.9943059785571,1509.1243933115113,1952890
2018-05-16,1528.3272705078125,1534.932465756794,1520.169293707979,1522.225180753058,1648450
2018-05-17,1527.40869140625,1545.4962464680975,1520.497318599316,1536.6602362285482,2968048
2018-05-18,1531.8922119140625,1538.7379060598753,1512.6235190646216,1522.5968823073179,1874996
2018-05-21,1555.8199462890625,1571.2392625487628,1538.891526818024,1543.5500860342852,3446178
2018-05-22,1534.888671875,1563.780767558711,1528.2397980068167,1556.3663958847947,1857416
2018-05-23,1528.8525390625,1550.6801234708469,1522.6847700428823,1541.931575524608,1507298
2018-05-24,1576.3568115234375,1581.2997615975605,1532.0236167233807,1535.3698930034404,2962316
2018-05-25,1568.5274658203125,1607.4585112096477,1562.7315517595407,1585.6746015319077,3769772
2018-05-28,1531.8922119140625,1581.9557422490468,1524.8714827817441,1581.9557422490468,3716798
2018-05-29,1541.275146484375,1550.2424064539873,1525.7464767808997,1544.074638586645,3525312
2018-05-30,1537.163330078125,1545.4306633974709,1523.3405845688344,1534.9543008365063,3779106
2018-05-31,1535.8399658203125,1551.7183832175454,1522.6519934281648,1529.6208759334324,5049371
2018-06-01,1528.25390625,1550.3514190511287,1514.0075198965603,1547.2639482308277,1603856
2018-06-04,1538.662841796875,1542.8529799643022,1510.7432680500601,1539.3244425601529,1681483
2018-06-05,1518.6824951171875,1545.4112093417612,1509.464234113115,1538.4423263499082,2449568
2018-06-06,1522.343505859375,1530.415057500808,1513.036944468678,1519.9176361557022,2236512
2018-06-07,1530.98828125,1542.852944929062,1520.6232028606823,1521.681720984924,2414762
2018-06-08,1541.17724609375,1550.1750830859214,1530.5034396076142,1530.5034396076142,2582138
2018-06-11,1543.4705810546875,1555.2030121375442,1537.5603234008734,1541.1770530554056,2179378
2018-06-12,1571.08154296875,1574.610080965311,1546.3817769928237,1549.9103149893845,4608875
2018-06-13,1609.1014404296875,1615.7615986486733,1586.0777526534616,1601.9561728691249,5370983
2018-06-14,1576.8590087890625,1616.3345136509101,1573.7273893527622,1614.3055619481809,3819998
2018-06-15,1623.17138671875,1629.3903694029614,1577.785508881085,1587.8418622115753,9183574
2018-06-18,1613.424072265625,1647.7831694959552,1607.381472208335,1647.7831694959552,4674987
2018-06-19,1609.4542236328125,1622.2451725189048,1606.3667532120314,1607.381229315344,3245034
2018-06-20,1607.6456298828125,1619.8632762199331,1604.2494343264364,1616.0700556146853,3107695
2018-06-21,1604.9111328125,1616.07015404806,1603.3673976762643,1616.07015404806,2910659
2018-06-22,1596.487060546875,1611.6597308679509,1587.445181925421,1611.6597308679509,2949458
2018-06-25,1604.82275390625,1607.5573485781567,1593.1344749510442,1598.3390886260697,2083217
2018-06-26,1633.7130126953125,1641.6522228002032,1606.366844556244,1608.131113468442,4679712
2018-06-27,1639.0054931640625,1662.9554604160467,1633.0510867707053,1640.7697617250572,4081208
2018-06-28,1625.509033203125,1650.4734800632618,1611.0421150342386,1645.1806736066185,4888125
2018-06-29,1629.9639892578125,1647.2979533671123,1625.1563994034657,1627.4499275203796,3506276
2018-07-02,1633.13916015625,1638.8289904620292,1624.097284437261,1633.7125689334464,2650290
2018-07-03,1653.1640625,1658.3245273505636,1638.1677772726798,1640.7258809596358,3242233
2018-07-04,1646.195068359375,1658.3244158897528,1638.2558590667638,1658.3244158897528,2700614
2018-07-05,1658.67724609375,1665.0285702822582,1642.6223364622417,1652.2376223251229,2472571
2018-07-06,1687.4788818359375,1694.5801065108892,1659.8681409618944,1660.9266591215217,3713781
2018-07-09,1661.05859375,1697.5789688612258,1655.3247218119357,1697.2260936670207,6151747
2018-07-10,1654.0899658203125,1675.084804743679,1650.252703241279,1674.2908623557116,5303302
2018-07-11,1746.5382080078125,1762.5048217433744,1670.895170738296,1676.055636292498,22903802
2018-07-12,1738.9954833984375,1756.241252558337,1729.4243474902532,1750.1545041676422,6921701
2018-07-13,1747.596435546875,1762.416336516467,1741.3333028532388,1742.2154372518473,4148185
2018-07-16,1754.74169921875,1760.7402561905642,1744.3766200553036,1755.44744980923,2582159
2018-07-17,1769.72412109375,1775.778895648861,1751.0293640021869,1758.1006587583795,3315492
2018-07-18,1768.0447998046875,1778.1655480248855,1761.6806772058717,1772.2433813815264,2013869
2018-07-19,1751.3826904296875,1777.0602609631433,1741.3060753175173,1769.6796197364702,1746318
2018-07-20,1764.818603515625,1767.8239257693147,1753.6813343631602,1754.4768767096382,1934995
2018-07-23,1772.81787109375,1776.6186274110796,1755.4489811953963,1768.7076593011016,2086201
2018-07-24,1766.939697265625,1781.0822861381862,1753.813628548157,1781.0822861381862,2038423
2018-07-25,1751.4713134765625,1769.591506222598,1739.892089935804,1769.50313661835,1535492
2018-07-26,1736.6217041015625,1754.565159217045,1728.1361712590335,1745.6818012713231,3503036
2018-07-27,1718.1038818359375,1736.5776634828915,1715.0544287166872,1733.218754856387,2033977
2018-07-30,1718.854736328125,1727.7822232615013,1707.3197529392446,1717.4404991336246,1579251
2018-07-31,1714.9658203125,1720.97646437506,1704.1821383231206,1716.5569048877076,2204803
2018-08-01,1747.0518798828125,1751.5156781619298,1723.4514751837971,1723.5839756499988,2425180
2018-08-02,1722.2138671875,1754.5650192625371,1719.208545322738,1750.1454600200623,1509287
2018-08-03,1749.6593017578125,1751.9575589312476,1729.373567572421,1729.373567572421,1505131
2018-08-06,1746.2120361328125,1766.8954863654335,1743.2950839721136,1765.171901479179,1532249
2018-08-07,1738.9637451171875,1749.3939468389785,1732.908971260627,1748.5541659439307,1353521
2018-08-08,1744.84228515625,1748.643149909821,1734.2353411735373,1743.0744611591313,1315062
2018-08-09,1745.1512451171875,1750.8525409810882,1737.7706031485961,1750.1453683795628,2060297
2018-08-10,1761.724609375,1764.729931113047,1743.1183304883236,1750.9850592887237,2784105
2018-08-13,1767.9564208984375,1771.5804381342489,1758.984693469954,1765.8792494985923,3559575
2018-08-14,1770.96142578125,1789.5677033361385,1752.266670732059,1760.7522019325804,3311765
2018-08-16,1775.3372802734375,1785.5465071957917,1763.4044680833993,1768.0892449177732,2152065
2018-08-17,1779.093505859375,1787.1813205474948,1771.3592774771766,1780.0657872761158,1213731
2018-08-20,1776.618896484375,1789.0379033507008,1771.094446436973,1789.0379033507008,1587032
2018-08-21,1783.4246826171875,1789.0375010232272,1771.3592648471083,1776.7953440511428,1376866
2018-08-23,1798.8489990234375,1801.4123649892192,1785.7671682764021,1787.9769479194213,3046791
2018-08-24,1805.8316650390625,1808.4834002300156,1795.22472427525,1798.8487407896764,1570533
2018-08-27,1812.81494140625,1819.9747145581814,1798.7608276473527,1805.8321232842957,1532702
2018-08-28,1828.99072265625,1831.4657194910046,1813.7874789553773,1816.4392150357214,1987983
2018-08-29,1831.46533203125,1835.5314128137693,1808.1300378810888,1831.9072879511416,1525867
2018-08-30,1840.6578369140625,1842.956093902229,1825.719813887316,1827.9295933764074,2408020
2018-08-31,1837.122314453125,1849.1436020094147,1833.233188607804,1840.5697001694164,2504554
2018-09-03,1814.5823974609375,1847.3756106489034,1810.6047944715021,1842.7793125764217,1439711
2018-09-04,1855.2427978515625,1860.4137693358941,1818.1627328637373,1820.68196836612,4420803
2018-09-05,1837.873779296875,1862.6233119746735,1834.161392554965,1856.2149508348864,1681106
2018-09-06,1834.3826904296875,1839.8629018900106,1821.1240098972107,1834.1174736592707,2238097
2018-09-07,1838.4041748046875,1842.0723227170677,1825.631475743741,1837.917980120219,1312182
2018-09-10,1839.1998291015625,1850.3812291874817,1833.454401304297,1842.426021468191,1530539
2018-09-11,1808.7044677734375,1846.4916961166577,1805.124581928536,1846.4916961166577,3679745
2018-09-12,1806.671630859375,1828.7251889456234,1803.180222118464,1814.0966200767882,2307661
2018-09-14,1825.6314697265625,1831.067657146036,1783.866742231761,1806.7158422379139,3642038
2018-09-17,1833.36572265625,1836.592130467742,1816.041179447475,1829.697574707635,1033857
2018-09-18,1830.3603515625,1837.4758846800382,1818.73699776464,1832.3491531034952,1456507
2018-09-19,1836.6802978515625,1846.4918054446218,1826.9132448083685,1831.3768268928895,1301268
2018-09-21,1858.999267578125,1874.7771816641289,1812.1519358345142,1835.8850571977348,4508530
2018-09-24,1943.2362060546875,1953.8873883365754,1854.5797932725945,1869.473796123889,3032226
2018-09-25,1929.7557373046875,1955.1239567408238,1903.7688229162022,1948.9365756198772,2868778
2018-09-26,1893.4720458984375,1943.7225305171523,1887.2406388011939,1933.1155862851351,1970951
2018-09-27,1934.75048828125,1953.1799203895255,1887.8589227128903,1893.250655376738,3311802
2018-09-28,1930.1983642578125,1935.767052362726,1908.2332831201015,1925.1601096100535,2904371
2018-10-01,1993.70703125,2011.7387431868194,1936.0760329238667,1936.562011708444,3772208
2018-10-03,1911.7686767578125,1993.2210608402677,1905.3603163626497,1989.0667186403996,3902322
2018-10-04,1825.10107421875,1906.2882411860035,1817.6320628877797,1906.2442182363193,4762419
2018-10-05,1858.5572509765625,1873.8932086023333,1786.2975617989628,1812.0193762428223,3417624
2018-10-08,1836.37109375,1875.8376712454844,1810.3839560700314,1858.5571515441081,2010154
2018-10-09,1848.9664306640625,1862.9763008224227,1814.8473546908383,1838.8456854420708,1867130
2018-10-10,1806.3624267578125,1861.4743148734954,1793.4573339582996,1856.215081967683,2749573
2018-10-11,1750.1015625,1779.3148979484886,1715.6732324480956,1754.5653613650024,4700256
2018-10-12,1695.608154296875,1748.377648870988,1682.084259758084,1748.377648870988,9373289
2018-10-15,1723.186279296875,1728.5339895455033,1697.1108777891768,1714.7891160994807,2638151
2018-10-16,1734.50048828125,1742.9860215467872,1710.3696485298249,1730.6996236803086,2815425
2018-10-17,1705.419677734375,1758.1008065156468,1697.110884117668,1741.3064800582324,2779207
2018-10-19,1691.10009765625,1705.0659479584358,1652.9593878874266,1705.0659479584358,3428776
2018-10-22,1682.0845947265625,1693.5754511277423,1667.8977634714925,1691.8076270660224,1778496
2018-10-23,1633.0565185546875,1681.198292068406,1627.1661024919188,1672.3405560722606,2752811
2018-10-24,1637.352783203125,1659.9400139154213,1604.2248231997546,1640.4973232784496,2735913
2018-10-25,1641.3389892578125,1662.5090064812416,1616.5816527190912,1633.3670243882386,2507233
2018-10-26,1593.5955810546875,1642.1360272995603,1586.5093908365561,1642.1360272995603,2285970
2018-10-29,1657.282470703125,1663.4385542142907,1580.5301636227275,1602.0987300046747,2609483
2018-10-30,1678.3642578125,1691.296533808338,1634.2526788402831,1653.7397026530127,2404883
2018-10-31,1716.7620849609375,1721.8552830437382,1661.2240166429274,1682.9698012731994,2769190
2018-11-01,1714.636474609375,1722.2541069587994,1684.1216132751072,1721.6341086068726,2769759
2018-11-02,1694.8836669921875,1731.333276888182,1687.3989223719682,1713.2634715272102,1818635
2018-11-05,1674.865234375,1707.195975493551,1669.4620362517555,1691.8278229159587,1713366
2018-11-06,1711.93505859375,1716.1868162795959,1674.9983326888857,1677.655654210867,1398710
2018-11-07,1720.3056640625,1726.3731931673813,1715.7439072166328,1718.40122870432,144530
2018-11-09,1691.1190185546875,1737.8435788470783,1687.3988124550597,1737.0021371256546,2570479
2018-11-12,1696.123779296875,1723.8042079355773,1690.4991378228256,1690.4991378228256,2552008
2018-11-13,1713.9278564453125,1717.5152833460872,1685.6274286784962,1696.2567135676932,1418432
2018-11-14,1665.830078125,1709.4544262400711,1656.396568024024,1705.1141141423775,2422318
2018-11-15,1658.9215087890625,1682.0845162490034,1645.413457776531,1651.0824319579476,1829123
2018-11-16,1671.1005859375,1682.7928632696814,1656.618208043247,1673.2264643730484,1829729
2018-11-19,1685.14013671875,1689.4804494854286,1651.3479564767658,1682.0842606964318,1740628
2018-11-20,1663.7047119140625,1684.7418405752946,1660.117284617998,1684.7418405752946,1190182
2018-11-21,1605.02197265625,1657.3269538127427,1593.1083594321808,1657.2826218762934,3840461
2018-11-22,1605.509033203125,1636.5553339986027,1603.2059352682465,1612.1080034832012,3194219
2018-11-26,1635.2265625,1647.5388367223422,1580.6629323285051,1611.2221204290004,4333177
2018-11-27,1674.333740234375,1681.1099306801264,1625.7047423684019,1642.2244435363211,3344839
2018-11-28,1757.286376953125,1761.8038009713077,1667.468906650823,1673.2264354121671,5313249
2018-11-29,1736.603515625,1768.889920854631,1720.6595904495452,1768.889920854631,4035441
2018-11-30,1743.4239501953125,1763.5753003118848,1735.9834300653993,1741.4309595244426,5268901
2018-12-03,1755.957763671875,1762.6896220099964,1743.4683764176407,1757.3749799335844,1610576
2018-12-04,1781.157958984375,1788.7313670977685,1745.8598999337273,1756.4891839515888,3270615
2018-12-05,1777.5264892578125,1787.4914440375062,1758.2609100170714,1776.8621589391662,2501539
2018-12-06,1765.0811767578125,1786.6055205284817,1753.4775631233929,1769.7758205334192,2321216
2018-12-07,1767.2955322265625,1775.0018278095847,1747.6314005696534,1758.3050162363684,1680420
2018-12-10,1750.1119384765625,1781.2911333633267,1736.1166690164696,1749.4032761773099,2010786
2018-12-11,1771.5477294921875,1780.4054681396485,1737.0025487670898,1744.9745135498047,2942014
2018-12-12,1786.4283447265625,1791.0343244666112,1758.216367407098,1772.5216335132106,2219993
2018-12-13,1756.134765625,1797.8546816973828,1748.9600208946745,1792.8058152903627,3748429
2018-12-14,1762.46826171875,1770.6173367029398,1749.6245427616338,1756.4892891007821,2473761
2018-12-17,1766.498779296875,1775.8879601997878,1758.2610394883955,1770.6618730162734,1227921
2018-12-18,1760.7852783203125,1773.3189981594116,1750.6432124156754,1764.372705158668,1768742
2018-12-19,1743.6011962890625,1758.0836827835292,1736.1607837113615,1758.0836827835292,2498833
2018-12-20,1730.8460693359375,1749.314428583088,1723.7155480985318,1730.6246259202003,1940277
2018-12-21,1679.2498779296875,1727.2587707691125,1671.0564709401417,1725.4872233119133,3729956
2018-12-24,1699.3570556640625,1717.4268630259369,1687.3991092207657,1688.1077715199317,1864116
2018-12-26,1673.40380859375,1702.280120783287,1656.6184384459204,1702.280120783287,2446614
2018-12-27,1690.8975830078125,1719.9066703385258,1658.256845300725,1690.941914941427,4968201
2018-12-28,1679.4713134765625,1700.6855509262484,1676.769660366348,1696.2566823040447,2239130
2018-12-31,1676.81396484375,1690.9420122665492,1670.7021046198615,1690.0562385566138,1879740
2019-01-01,1685.450439453125,1691.8279675986344,1669.6836224729977,1679.4271343282778,1094883
2019-01-02,1703.6083984375,1713.4846875199778,1682.969830424265,1687.3986983990656,2100463
2019-01-03,1682.92578125,1722.785599720239,1676.8582527304216,1699.799814319739,2611668
2019-01-04,1662.464111328125,1684.0326762373684,1630.709150314257,1682.969791198853,4280862
2019-01-07,1681.10986328125,1690.7648178714655,1666.1402666920167,1675.7066655409158,1856423
2019-01-08,1677.256591796875,1688.638760580468,1668.1774126769158,1687.752987007789,1691756
2019-01-09,1671.41064453125,1699.7997349444886,1653.4737270572396,1689.524781621748,2414376
2019-01-10,1672.8277587890625,1687.398691112573,1658.2567183388928,1674.112087245545,3053461
2019-01-11,1632.0826416015625,1660.8259596254713,1625.3950058201278,1656.3970903998033,9209862
2019-01-14,1606.1290283203125,1639.566982722128,1603.2502640340635,1638.6812090955898,3615370
2019-01-15,1654.4478759765625,1655.8207600997805,1601.4785745628167,1603.250121658572,7711653
2019-01-16,1656.5299072265625,1660.825888566317,1636.0242219637266,1656.3970195301401,2359280
2019-01-17,1681.5177001953125,1684.8020443989749,1661.1012370650826,1667.048598198775,2625816
2019-01-18,1687.154541015625,1690.30571296879,1665.2733950433924,1669.7117569704803,1683728
2019-01-21,1694.2999267578125,1714.9827328734139,1682.5382698165222,1688.3525662138886,2409803
2019-01-22,1688.26416015625,1702.7775822325088,1677.7008369187756,1692.880013295399,2457093
2019-01-23,1664.91845703125,1691.9924672682087,1659.9475128889421,1687.4653593592936,2578169
2019-01-24,1687.9532470703125,1691.237591123427,1664.3855049764732,1673.0847365591894,1962927
2019-01-25,1705.0406494140625,1717.6455501597247,1687.4646981155745,1688.35237023452,2327080
2019-01-28,1735.3992919921875,1741.6129978970189,1709.212959964684,1715.8705020055747,2769033
2019-01-29,1760.0321044921875,1765.6244828542444,1719.11043658269,1741.6129058195295,2557626
2019-01-30,1758.833984375,1766.024108609185,1735.0887494389378,1757.236130830319,2429575
2019-01-31,1787.8603515625,1792.875720589712,1762.0291151729564,1763.804459369604,4094319
2019-02-01,1801.9307861328125,1806.191657566291,1773.6584380816955,1783.7779264673604,3064163
2019-02-04,1819.950439453125,1824.5662928468032,1795.7613652060343,1801.930645386223,1590764
2019-02-05,1814.890380859375,1824.1665127267052,1800.1993614646026,1819.7281513818714,1111404
2019-02-06,1841.7425537109375,1852.439048398986,1811.7836132227435,1819.6393831428575,1789812
2019-02-07,1848.9329833984375,1862.2924980101411,1834.8190771837924,1841.6985391325945,1339945
2019-02-08,1829.8480224609375,1854.7917066382706,1820.616315058671,1841.9204552641359,1684474
2019-02-11,1833.842041015625,1860.561062812414,1818.7516125481577,1828.6048613518954,1778730
2019-02-12,1821.148681640625,1837.4817662090638,1791.3228039661308,1837.4817662090638,2422903
2019-02-14,1814.9349365234375,1841.9201986965115,1804.6823854927482,1828.6495398854256,1724085
2019-02-15,1801.7086181640625,1821.5037559310583,1785.0647607451017,1818.8407387440247,1930065
2019-02-18,1748.980712890625,1812.5823442026929,1742.1899983691005,1808.7209915087847,2942184
2019-02-19,1690.8385009765625,1749.6023729499166,1679.4762504420305,1748.714700513108,4408554
2019-02-20,1699.6707763671875,1716.5809794127715,1669.978177083863,1699.8926944735156,4645778
2019-02-21,1699.182373046875,1722.0843630744373,1683.9588788951091,1699.6706361839067,4683919
2019-02-22,1709.346435546875,1713.207788943529,1691.1047237771788,1701.845538502492,2271955
2019-02-25,1762.1627197265625,1766.467908787347,1713.6514059869212,1715.4267506188683,2934880
2019-02-26,1809.697509765625,1815.423061226733,1750.7117276299725,1761.1418773572648,6453309
2019-02-27,1826.9183349609375,1841.8754822659482,1794.8732802149661,1810.85138063231,4732082
2019-02-28,1760.6536865234375,1838.6802164402766,1755.4608249262153,1828.6050485394828,8454295
2019-03-01,1771.2611083984375,1779.7827397449835,1757.901598604614,1770.9504448038322,4148548
2019-03-05,1764.781005859375,1781.5580314143326,1754.572775983309,1779.7826870880604,2449622
2019-03-06,1774.9893798828125,1788.659553976952,1762.0738138753554,1765.8464208750586,2635047
2019-03-07,1787.1505126953125,1796.6929890006488,1775.5219199992794,1779.7827899720087,2539884
2019-03-08,1795.4947509765625,1804.63781917854,1784.265782861242,1797.5364406475865,2031071
2019-03-11,1788.4820556640625,1804.637646936652,1778.5844886095224,1800.9982124585881,3111689
2019-03-12,1786.3963623046875,1797.3592036485854,1778.007901072365,1787.8167248984469,2658550
2019-03-13,1775.78857421875,1789.4587503733023,1756.3485276655865,1786.884478831464,1833163
2019-03-14,1764.1597900390625,1782.2683249817019,1758.4786661647252,1779.7383724703432,1905495
2019-03-15,1810.80712890625,1836.5496265141517,1767.3556116321502,1774.3682447211627,5184318
2019-03-18,1795.58349609375,1832.6882400130396,1785.1089200519132,1813.5144324545295,2349915
2019-03-19,1795.58349609375,1801.9746930409665,1770.9949094051772,1801.9746930409665,2373993
2019-03-20,1788.7042236328125,1815.1124762139448,1775.3447113366276,1800.1995372953404,3091165
2019-03-22,1780.360107421875,1789.547494763481,1760.5206516590579,1788.6598223950466,3148149
2019-03-25,1761.3638916015625,1782.2686191567159,1755.1057580801378,1782.2686191567159,2429205
2019-03-26,1759.9434814453125,1770.8617855600614,1738.1067648573814,1761.1418173610439,2316539
2019-03-27,1746.8505859375,1773.5695042446712,1740.7256245364365,1770.0188145464836,2266166
2019-03-28,1775.611083984375,1788.3047338526594,1751.2000938240853,1757.5912915408564,4054489
2019-04-01,1803.4393310546875,1810.8069456438336,1782.6677789325984,1784.2212053551714,2095740
2019-04-02,1845.7373046875,1851.6846665530875,1808.188718009894,1808.277463580129,3719663
2019-04-03,1845.7373046875,1854.880373949143,1826.9186927428043,1850.7969941338386,2939886
2019-04-04,1788.2159423828125,1846.092136042841,1781.913490393087,1844.716200562114,4397518
2019-04-05,1818.2191162109375,1823.6337869153301,1792.0327847899575,1800.7763347961243,3152103
2019-04-08,1838.1474609375,1841.92006830632,1804.3714857391583,1827.7173111531147,2194294
2019-04-09,1856.5665283203125,1862.3363979995295,1826.518735688724,1837.48157476598,2690970
2019-04-10,1811.0732421875,1851.2404100389813,1807.3006352622228,1849.0212294947005,3313062
2019-04-11,1792.6541748046875,1824.1665408386395,1787.4613136228918,1815.2898180121742,3422442
2019-04-12,1788.2159423828125,1809.9639148764231,1781.5583997827275,1809.0762425297453,3198471
2019-04-15,1875.91796875,1881.687838865527,1811.739216275456,1837.4817137139607,9189201
2019-04-16,1892.340087890625,1913.7772899156666,1877.9154112211943,1881.8655101042127,5771952
2019-04-18,1908.5400390625,1912.9339739888412,1876.7168976344449,1908.4067581757083,3413728
2019-04-22,1918.6591796875,1931.5748545259794,1904.5897042744937,1906.7200310302408,2007135
2019-04-23,1912.97802734375,1922.2541585359154,1894.336911052245,1920.034978025022,2163524
2019-04-24,1938.1878662109375,1948.4405236995146,1913.9101610140858,1915.5966515460375,3003071
2019-04-25,1948.4412841796875,1957.3180098479322,1924.5185518471555,1930.6878328431985,4211526
2019-04-26,1987.0989990234375,1991.8923430666975,1946.798543966895,1955.5422033741368,2716958
2019-04-30,2006.4500732421875,2012.3085801095724,1979.5979874619754,1987.0987746919188,3488395
2019-05-02,1966.54931640625,2005.6069013733404,1962.7324985216153,2001.7012295633879,2457699
2019-05-03,1892.5174560546875,1940.496190063991,1886.3037495854649,1939.564090750231,3780886
2019-05-06,1915.4638671875,1921.8106378034233,1871.6571500270293,1872.9886585520662,2891422
2019-05-07,1910.2261962890625,1938.9869063345504,1898.5533932473397,1917.4164279796473,2201698
2019-05-08,1911.025634765625,1924.4737850918466,1891.0972157854137,1909.3833541201855,1824895
2019-05-09,1928.5130615234375,1938.7657229239364,1896.1574400891836,1904.0576391780207,2264162
2019-05-10,1895.8907470703125,1945.777892391347,1887.05845007186,1930.6874616565601,2039633
2019-05-13,1889.6326904296875,1923.5861609682363,1883.330129473026,1893.405298267304,1701744
2019-05-14,1857.3212890625,1917.194744464671,1839.5678424366893,1895.18042730529,2456110
2019-05-15,1860.02880859375,1885.4163279449333,1850.3532653489706,1861.449171233769,2346876
2019-05-16,1871.879150390625,1885.4161543235032,1843.7399790013974,1860.5613274303498,1946529
2019-05-17,1860.072998046875,1895.1804831268641,1855.235227042223,1875.2967090070408,1947908
2019-05-20,1903.1251220703125,1909.7382378408756,1819.7283467889008,1886.303774110446,2625116
2019-05-21,1872.7666015625,1907.3413936881916,1866.3754044597304,1906.7644933902168,1863157
2019-05-22,1847.9119873046875,1883.5963738350447,1841.9201987064857,1872.9887321786434,2595795
2019-05-23,1823.323486328125,1877.737846292308,1819.7283698637968,1862.336643889876,2541294
2019-05-24,1817.9530029296875,1837.4817949533463,1803.9721631854773,1837.4817949533463,2274208
2019-05-27,1824.2996826171875,1836.5496039823101,1810.940279209982,1823.9891273351668,2329820
2019-05-28,1840.810546875,1861.8927653141955,1815.289966659132,1828.60505198915,5872979
2019-05-29,1870.8138427734375,1885.1496640655232,1843.784263952382,1846.3584269955777,3281320
2019-05-30,1905.2110595703125,1914.309700448254,1876.8941837834773,1884.5282520848866,4971725
2019-05-31,1949.8165283203125,1957.2728885497813,1910.4926042164398,1917.3720641688976,4265370
2019-06-03,1990.427734375,1995.1766513711482,1940.1409662068254,1953.766823333454,3682419
2019-06-04,1953.559814453125,1990.1593298484966,1946.3113949732374,1990.1593298484966,2408658
2019-06-06,1938.3468017578125,1967.7874635975647,1925.7292504147156,1967.7874635975647,3735467
2019-06-07,1952.3514404296875,1959.5550725713715,1916.8704990048145,1945.4163086944611,2659446
2019-06-10,1996.870361328125,2000.7630707516735,1955.7070018743523,1965.7293413515827,2080593
2019-06-11,2015.9310302734375,2025.9085842649588,1996.4231316843222,2001.7922660590896,3048937
2019-06-12,2023.1790771484375,2028.5482111159815,1985.6847123300038,2008.9509595226943,2404448
2019-06-13,2017.09423828125,2044.7451908923777,2007.2060395064427,2025.953221960763,3320916
2019-06-14,2017.4521484375,2025.1479947419461,1999.1076068349412,2019.9130015793066,2131408
2019-06-17,2012.709716796875,2024.16391527239,2005.7745840190848,2018.7947802186172,1489497
2019-06-18,2014.185791015625,2022.3736322713144,1996.6017475995768,2008.0559428393049,1877447
2019-06-19,2022.284912109375,2036.6921805640332,2007.2960746645388,2017.9002052600592,1652817
2019-06-20,2038.4365234375,2043.850444183865,1979.420832983673,1995.5282357837211,2199377
2019-06-21,2013.2911376953125,2051.4566450336424,2006.2664332237412,2044.7452274381126,3871804
2019-06-24,2036.2442626953125,2040.2711135773732,2014.1413693256861,2017.139005011057,1382424
2019-06-25,2029.3543701171875,2035.3050748052465,2013.8733184650641,2031.3230095159722,1386077
2019-06-26,2017.1839599609375,2028.4592307606354,2013.4256091845916,2026.8484465791557,1762224
2019-06-27,2015.70751953125,2025.9535749684737,2005.6403915637609,2017.8998725944823,2813464
2019-06-28,1993.0228271484375,2024.11906671461,1988.817048512756,2022.3741415697766,2372928
2019-07-01,2004.07421875,2017.899696256387,1974.5887657737742,2000.0025814337139,2769940
2019-07-02,2015.3048095703125,2019.6895155476627,1983.4030696136308,2008.8616731137101,1771746
2019-07-03,2002.3740234375,2021.3003549730329,1997.3181754801255,2015.3942192164145,1656881
2019-07-04,2006.84814453125,2015.2151331160583,1995.6178797337807,1999.1077297430168,984140
2019-07-05,1935.66259765625,2013.4254764472196,1914.9913420431333,2010.74090914529,4088470
2019-07-08,1946.6693115234375,1958.6605108900217,1907.9222283368927,1923.045204680174,2788062
2019-07-09,1909.041015625,1945.7746773516558,1883.2691207422538,1945.416822362312,3977224
2019-07-10,1886.534912109375,1904.118959272563,1853.514821208502,1861.300022802054,6343581
2019-07-11,1881.478759765625,1905.1476476260866,1866.713641782614,1904.2527919907525,2400346
2019-07-12,1885.9976806640625,1896.8700884164105,1873.022274940728,1881.0759750448667,1560725
2019-07-15,1920.0914306640625,1927.160920299533,1877.4068663855433,1901.5679652379788,2900415
2019-07-16,1888.9681396484375,1912.7372069327128,1883.5864640369036,1906.9070583535508,2735399
2019-07-17,1899.058349609375,1906.009679027003,1876.5002520593648,1890.7616015947867,1802969
2019-07-18,1853.0452880859375,1898.116818339369,1847.7085039217664,1898.116818339369,3072096
2019-07-19,1862.9117431640625,1880.895552254817,1849.9509187055603,1862.956634255248,1953177
2019-07-22,1892.4658203125,1899.2378047715947,1855.601480012863,1862.9563916386548,1920167
2019-07-23,1894.7535400390625,1910.494986186225,1885.7391889136825,1908.611311987743,3538588
2019-07-24,1880.7161865234375,1902.2428878900218,1862.5081411546823,1892.5558284788729,2413196
2019-07-25,1908.6109619140625,1914.9793649589863,1876.9040579155871,1891.5689909846851,2544464
2019-07-26,1891.70361328125,1910.315238926358,1879.1014807952477,1910.315238926358,1720592
2019-07-29,1910.49462890625,1921.2579789282572,1886.546218903468,1893.2733126672222,1647090
2019-07-30,1954.5797119140625,1959.826933401361,1901.9290275680737,1910.494905329473,2851672
2019-07-31,1978.393310546875,1983.7749853558055,1925.8770900735449,1947.942044382524,3000677
2019-08-01,1955.386962890625,1988.977543217778,1943.0090656124066,1973.2809898891146,2375236
2019-08-02,1978.0347900390625,1982.2503918726513,1942.3363002715957,1949.0633943616613,2500816
2019-08-05,2016.8731689453125,2020.1469347492243,1969.3350237386485,1973.1917169385479,3039682
2019-08-06,1986.64501953125,2019.876902786966,1983.550600543747,2002.7004795655537,2885467
2019-08-07,1985.344970703125,2007.8135105634708,1979.7839496051915,2000.189469982819,2165362
2019-08-08,2025.3934326171875,2045.9334041900804,1990.232981481449,1999.2024396322167,2073298
2019-08-09,2014.7645263671875,2034.1833155676334,2010.3695794891237,2027.0975312586952,1744550
2019-08-13,1972.7877197265625,2014.7648338507265,1968.1685356909686,2013.6436514167528,1647281
2019-08-14,1977.2275390625,1989.2916371190138,1944.0405393409292,1956.3288738820481,1945002
2019-08-16,1941.9776611328125,2010.414458310144,1922.3793055704339,2010.414458310144,3755507
2019-08-19,1940.0941162109375,1960.7238733412432,1935.3402588151557,1955.34219756812,974884
2019-08-20,1961.3966064453125,1977.7658704524588,1943.2334504921778,1948.1666533436464,1843611
2019-08-21,1960.9024658203125,1975.074250377596,1957.3595744262075,1959.7812837980728,1214408
2019-08-22,1987.6322021484375,2005.2571022691548,1946.3726889269446,1961.620769900105,2131601
2019-08-23,2016.065185546875,2027.0078813502741,1985.7483713846289,1986.6902083430732,2826425
2019-08-26,2041.7176513671875,2046.8301983381104,1995.7042906670883,2015.4370971366056,2345475
2019-08-27,2006.019775390625,2040.4177428784851,1999.2926802350562,2036.0674670854992,3432106
2019-08-28,2008.4864501953125,2020.056966692472,1987.6324544525232,2009.1591597354025,1294621
2019-08-29,2003.2840576171875,2016.5140114983342,1993.1934148264822,1993.1934148264822,1670652
2019-08-30,2026.739013671875,2032.4793797557772,1989.425977183722,2010.0557325828318,2583625
2019-09-03,2019.563720703125,2059.5673813010208,2006.4233302876032,2036.0674396701825,2545060
2019-09-04,2014.001953125,2036.0669067553258,2002.879913120988,2031.5821778858208,2228092
2019-09-05,1987.0040283203125,2021.4017675617083,1979.8284620872096,2011.1317821867601,2055943
2019-09-06,1971.038330078125,2003.3283778063674,1966.6433833963636,1987.6318268273608,1890550
2019-09-09,1957.8983154296875,1975.8372322387886,1955.1625868201158,1973.2808490011244,1703945
2019-09-11,1932.021728515625,1968.7965153629511,1925.339524457852,1960.7240011769527,2627440
2019-09-12,1913.723388671875,1941.8873954054968,1901.8388584228574,1932.9179386137855,2118859
2019-09-13,1921.2132568359375,1935.5643914609818,1897.5339722969884,1914.979526529371,2291174
2019-09-16,1928.433837890625,1949.422286022264,1907.265825380004,1937.3584065069988,2597948
2019-09-17,1903.90185546875,1934.308448530092,1888.6091052398644,1932.873247702437,2796530
2019-09-18,1918.1636962890625,1922.110170652673,1895.3811390636888,1907.265672226594,1454663
2019-09-19,1885.3353271484375,1915.6970324322253,1875.5138136707371,1914.9794319402313,1652691
2019-09-20,1852.5965576171875,1909.956194597781,1845.0174098173743,1887.9810236981573,6941979
2019-09-23,1808.063720703125,1882.6895812221735,1771.468281521578,1882.6895812221735,6323401
2019-09-24,1833.9849853515625,1848.6052453042005,1805.5518480336514,1807.3457395865908,4620978
2019-09-25,1873.2265625,1876.4107641416454,1847.7533873286884,1852.1932255987083,4002232
2019-09-26,1872.4642333984375,1889.8648951970633,1850.3992780216145,1881.7026004161369,4234281
2019-09-27,1844.255126953125,1870.3114477634115,1839.9946341539173,1870.1321023891028,2046795
2019-09-30,1882.9583740234375,1887.1739755147648,1847.7083600572316,1849.3677973904237,2620039
2019-10-01,1847.6636962890625,1879.953749272421,1829.5005414859236,1879.953749272421,3342877
2019-10-03,1847.932861328125,1866.6789437645111,1835.2859455513124,1856.6780841884329,2317618
2019-10-04,1865.0643310546875,1872.7779335222883,1843.1787222138234,1848.246597356696,2163251
2019-10-07,1836.6761474609375,1878.6532610187282,1830.66665349211,1865.647544960112,2177916
2019-10-09,1811.9202880859375,1847.7084493674079,1807.794359077675,1847.7084493674079,2066920
2019-10-10,1797.88330078125,1828.9177188495107,1791.290769818139,1819.0064221123241,2881452
2019-10-11,1782.0968017578125,1789.4069321758202,1726.6207240293002,1732.0023990132877,12593069
2019-10-14,1812.7279052734375,1823.2670210017714,1765.1897662435056,1789.407308768188,3510704
2019-10-15,1827.3480224609375,1836.0483543546559,1814.2525240363282,1822.5941651434591,2261310
2019-10-16,1835.5103759765625,1844.1210359584275,1808.2431947919213,1827.9760074334997,3034082
2019-10-17,1826.11376953125,1832.4527692852707,1797.6559917111258,1810.8733451131184,3818774
2019-10-18,1849.8514404296875,1855.7406498790215,1820.7640844101027,1832.00336888177,3087901
2019-10-22,1844.501220703125,1898.5397840103951,1834.2960829138262,1870.2167893637802,5552505
2019-10-23,1861.3155517578125,1873.6787649500857,1845.490551064791,1852.2341218969398,2348134
2019-10-24,1872.014892578125,1887.3003167730471,1853.4026846677552,1873.8131777775277,2798671
2019-10-25,1910.6331787109375,1915.1738931121424,1865.7660471439913,1882.8047568905288,3954245
2019-10-27,1902.3162841796875,1914.274926733001,1896.1122869727608,1914.274926733001,224405
2019-10-29,1973.484130859375,1979.6431287910482,1907.531903016494,1907.531903016494,5064173
2019-10-30,2025.58837890625,2032.0621613575727,1957.2985461923904,2000.5921721330085,5195136
2019-10-31,2040.7393798828125,2054.496308704937,2011.3824551018524,2023.0713115686938,4879261
2019-11-01,1978.92333984375,2045.5499104481187,1973.6184850257673,2035.6593394525455,4172620
2019-11-04,1972.6739501953125,2004.3687282403826,1960.9400948453906,1984.4078055452344,2646411
2019-11-05,1979.7774658203125,1988.0045338182179,1950.24053996007,1975.4165358655018,2693475
2019-11-06,1967.7740478515625,1987.8249765012345,1959.2321911211127,1978.1141902094757,2540719
2019-11-07,1964.941650390625,1982.1601458419962,1955.8152199820126,1982.1601458419962,1915598
2019-11-08,1915.12890625,1968.7628987911962,1909.7790512105591,1968.7628987911962,2788759
2019-11-11,1889.053955078125,1923.2663813139773,1880.1075284373662,1919.6698102409264,2983768
2019-11-13,1958.87255859375,1963.5480571708279,1904.384418032921,1904.384418032921,3823365
2019-11-14,1975.2369384765625,1978.1141515207723,1930.189796582744,1966.8748665689498,2995915
2019-11-15,1955.1407470703125,1988.454027105005,1950.0156777228033,1974.5173156330957,2724180
2019-11-18,1935.4947509765625,1967.099530497729,1932.0329636187842,1958.6924580672787,1611089
2019-11-19,1896.112060546875,1937.337619259089,1892.6952745800504,1935.854121696365,2975313
2019-11-20,1895.887451171875,1919.6697325261814,1883.2544518857549,1907.9358759719237,2894129
2019-11-21,1904.4739990234375,1912.116711003675,1894.8529977404114,1898.9891414424917,2052574
2019-11-22,1862.7540283203125,1894.4938119300473,1852.6836732234754,1885.5023842512146,3742049
2019-11-25,1871.5655517578125,1874.6675502053397,1845.2206264387924,1865.316553823784,2737010
2019-11-26,1840.2305908203125,1886.3115484911377,1829.800556534347,1879.0736247331142,6561580
2019-11-27,1847.1087646484375,1862.7537587385177,1840.1404092058178,1845.0406926781466,2907521
2019-11-28,1867.8343505859375,1883.1645594428962,1852.2341354729783,1858.5731360051163,2924429
2019-11-29,1846.1651611328125,1874.712948234221,1839.4665904250778,1874.712948234221,2064271
2019-12-02,1817.2125244140625,1859.1574464860862,1812.6718095590827,1852.23409111692,3809860
2019-12-03,1844.1416015625,1854.0321708541567,1807.2767523845075,1823.1915336139955,4664774
2019-12-04,1868.8682861328125,1872.0152858929591,1839.1965741085726,1845.9401450231726,3334301
2019-12-05,1907.351806640625,1912.2970924064546,1859.7422357621435,1872.9145909496601,3902721
2019-12-06,1909.41943359375,1913.3755734763688,1889.0987217452305,1909.7790028495335,1829461
2019-12-09,1852.638916015625,1913.3310608357071,1846.3899168598332,1913.3310608357071,2244747
2019-12-10,1809.839599609375,1852.9985646403613,1801.2078505066356,1852.2342054379978,4520045
2019-12-11,1835.959716796875,1841.4444659595767,1804.3548252267483,1821.1238605037436,4943024
2019-12-12,1817.0775146484375,1873.498609633593,1783.8991268792495,1844.23169019704,7137306
2019-12-13,1862.3497314453125,1867.879372472855,1804.5798001258863,1818.9660865244982,5711133
2019-12-16,1912.251953125,1920.5690240390268,1870.4868138980203,1884.6033119783708,5574177
2019-12-17,1946.5992431640625,1950.240815561308,1905.283673662707,1912.0272449474971,6059673
2019-12-18,1949.11669921875,1981.2160515381574,1935.854343636475,1954.7363414146291,8251081
2019-12-19,2004.2344970703125,2010.9330676780075,1948.937209494995,1959.9517098656884,6251505
2019-12-20,1998.7042236328125,2020.103863834913,1985.531870860927,1996.0967976050076,5548338
2019-12-23,2006.61669921875,2015.8329117997432,1987.1053467312208,1987.1053467312208,2247329
2019-12-24,1992.140869140625,2017.271866417109,1988.139508079544,2013.1807227866852,1805896
2019-12-26,1979.867431640625,2004.1892881254153,1973.7982177802182,1992.8600011124092,1880367
2019-12-27,1976.7652587890625,2001.8512527289,1956.5345477029794,1985.3071145809643,2720261
2019-12-30,1963.008056640625,2000.5922607688528,1957.5234185573966,1984.40769416488,2288830
2019-12-31,1943.676513671875,1975.416291341529,1939.8551576235357,1968.2231505446548,1909289
2020-01-01,1948.9818115234375,1963.637661973745,1936.7533829513802,1949.341380797861,1354908
2020-01-02,1940.03515625,1960.0860823366,1932.437444348627,1960.0860823366,2380752
2020-01-03,1978.6988525390625,1998.7947853539358,1945.745351104776,1945.745351104776,4655761
2020-01-06,1978.5186767578125,2001.4468175366815,1967.2343910200505,1982.609820290439,3023209
2020-01-07,1983.374267578125,1991.2865487414938,1963.5481245908875,1978.563765707798,2429317
2020-01-08,2027.792236328125,2032.0631655477498,1979.957872971795,1982.6103008994637,5197454
2020-01-09,1991.017333984375,2024.8249781252537,1987.105974237203,2021.9477645094619,3734173
2020-01-10,1990.2979736328125,2008.685403544244,1985.3076862245707,2003.2905457012425,1915807
2020-01-13,1969.43701171875,1995.152357454428,1964.3567244989729,1994.1634323399182,2843893
2020-01-14,1984.3182373046875,2004.9087399630253,1973.6185253613546,1973.6185253613546,2948452
2020-01-15,2002.3009033203125,2005.9874764043432,1972.898979281848,1989.8029068950298,2620681
2020-01-16,2013.001220703125,2022.1724346178487,1991.6015752238927,2002.346289254482,3117214
2020-01-17,1995.2879638671875,2026.2633907988763,1989.8031047367747,2014.7543185444772,3281059
2020-01-20,1951.4544677734375,2016.0577397540028,1938.7314667210258,1973.528245682413,5817599
2020-01-21,1952.083740234375,1966.0204516381332,1940.3948855086421,1951.0945954891422,1902980
2020-01-22,1984.3182373046875,1987.1056679036872,1954.4667390477832,1961.0305256551774,1773686
2020-01-23,1974.4501953125,1998.6019846378442,1967.9166074921307,1991.4376116517622,2069866
2020-01-24,1967.64599609375,1974.4499825421444,1955.5702127402633,1974.4499825421444,1319430
2020-01-27,1954.894287109375,1976.702905892007,1951.0642533556745,1973.3234643446242,1549101
2020-01-28,1967.96142578125,1971.6112665900791,1939.3488211934746,1959.1748779157126,1743024
2020-01-29,1941.6920166015625,1970.8452002377494,1937.5464803118148,1969.0879346424722,2306761
2020-01-30,1926.59716796875,1951.0642365548222,1915.016860359814,1946.5583145304463,2098567
2020-01-31,1873.607666015625,1932.455057469492,1866.8938855393278,1927.9940182121627,3287223
2020-02-03,1894.7406005859375,1977.8297757856485,1886.359539895293,1939.3492377935493,4728073
2020-02-04,1899.4718017578125,1925.561051390474,1880.411835864379,1918.6219741157079,3509339
2020-02-05,1934.437744140625,1943.584679337319,1896.3626968178007,1906.0053275212574,2439322
2020-02-06,1918.036376953125,1959.3555598346363,1906.456066561884,1933.041012893047,2640065
2020-02-07,1925.4256591796875,1938.4477303338278,1909.6098282554074,1927.6335170544203,2083442
2020-02-10,1948.31591796875,1952.8669440056951,1909.610085070636,1929.3459389534519,2383032
2020-02-11,1940.610595703125,1959.896075827823,1935.3839016657932,1949.262054826545,1335820
2020-02-12,1956.2462158203125,1969.088094698783,1937.5466378042943,1938.538028741561,1620407
2020-02-13,1975.3516845703125,1979.90271113662,1956.4719098213936,1958.229175916878,1645948
2020-02-14,1968.3675537109375,1993.4205320683,1956.4719598192944,1971.7920995322968,1500115
2020-02-17,1985.53515625,1997.9264456626574,1973.774652113374,1979.8576487341331,1774724
2020-02-18,1996.7996826171875,2001.5309015424907,1970.0345452714826,1982.5609226102663,2486223
2020-02-19,1979.3167724609375,2009.6415445324442,1974.0447548422956,1996.7996647075172,1760463
2020-02-20,1943.6748046875,1995.5829007081954,1938.673186629362,1986.6612620218145,2317278
2020-02-24,1906.320556640625,1963.6357539171897,1898.5251793745228,1942.953615418547,3092877
2020-02-25,1943.0889892578125,1961.563272625813,1902.4005946267885,1906.4559251222033,2674567
2020-02-26,1913.755615234375,1950.0731769064953,1904.157867682924,1941.1515377892558,2686842
2020-02-27,1897.4442138671875,1910.4662875987183,1880.0513067305076,1910.4662875987183,2349001
2020-02-28,1802.5045166015625,1865.0016506635336,1793.35747031671,1863.6498736758576,4298076
2020-03-02,1803.5406494140625,1850.9879270575304,1789.4820826967177,1833.9105241648954,2667076
2020-03-03,1834.991943359375,1856.4401797302846,1813.1833211734624,1820.3927975995994,2757585
2020-03-04,1877.347412109375,1887.4857372251902,1824.8985208467059,1852.8352389436184,3237002
2020-03-05,1915.062255859375,1935.5191009690145,1878.1136896204137,1879.6005561090933,3937056
2020-03-06,1907.3116455078125,1913.8001290694488,1866.8936578949676,1890.6848376262071,2595027
2020-03-09,1777.4512939453125,1874.3736245892983,1743.79207359608,1869.9579083782253,4940975
2020-03-11,1760.64404296875,1790.9239289595137,1730.274170541047,1741.989568570752,6796449
2020-03-12,1594.9615478515625,1719.8207186186532,1584.5979249155448,1715.8554843632953,8728786
2020-03-13,1627.8099365234375,1640.156122674477,1357.229235516288,1521.1096480797385,8029720
2020-03-16,1528.76953125,1660.207279187048,1510.2501442764067,1581.5789252127938,7844271
2020-03-17,1494.1640625,1559.9505381106756,1462.7578012819602,1559.0493535132691,5713248
2020-03-18,1490.9195556640625,1544.2246371531455,1466.9029683988858,1511.1061090691896,7258778
2020-03-19,1485.427978515625,1529.9994201802783,1404.0918874621138,1415.847453250677,5135111
2020-03-20,1631.6693115234375,1696.6202264764468,1476.9401329465911,1479.6634398911763,8547498
2020-03-23,1515.70166015625,1588.5955458115704,1468.5431109923818,1470.5855909798538,7003490
2020-03-24,1546.0665283203125,1606.750853359738,1482.2503342831255,1500.587331412964,6350865
2020-03-25,1588.8677978515625,1643.0615516675502,1525.051605967671,1543.206982229191,2765520
2020-03-26,1625.768798828125,1663.0781922897336,1563.6774896876345,1662.6696297646574,4556067
2020-03-27,1656.2244873046875,1679.3725960612069,1588.9588287274833,1652.13952693589,4331250
2020-03-30,1614.466796875,1729.2995490845517,1600.895697756701,1603.1196869728706,8513547
2020-03-31,1657.677001953125,1683.9115490576467,1615.8288718720275,1667.9348363070847,3927593
2020-04-01,1551.150390625,1665.5292928744514,1545.0229494330652,1657.4955588073562,4941878
2020-04-03,1501.6309814453125,1579.5175824203395,1497.8183971227356,1579.5175824203395,5735369
2020-04-07,1611.471435546875,1621.1391972656656,1547.7460980064002,1552.2849428685893,5427577
2020-04-08,1548.1544189453125,1639.4306257384021,1544.1148916838438,1597.673256533548,6285615
2020-04-09,1603.2559814453125,1614.7392795949152,1571.5293935547516,1589.0039439701736,5307397
2020-04-13,1596.9925537109375,1622.1831425217822,1584.964614909363,1598.5811494017116,2990438
2020-04-15,1575.114990234375,1644.8769974622123,1568.442911993085,1620.3672408775105,4761399
2020-04-16,1557.77685546875,1602.1213437952724,1520.5583308005248,1552.2393765639274,6245533
2020-04-17,1639.6123046875,1681.1427359616148,1591.3190387655368,1633.9841812766492,9895823
2020-04-20,1650.9140625,1661.2172181661888,1636.2535714451121,1661.2172181661888,3244282
2020-04-21,1577.384765625,1629.0821639039743,1568.3523979280744,1602.212224677936,5122541
2020-04-22,1606.2969970703125,1624.9062586922066,1560.5908571515474,1577.3845810542323,3829836
2020-04-23,1705.016845703125,1724.7608182275721,1598.4447603513695,1615.8285560237255,5934366
2020-04-24,1650.8233642578125,1681.142760300018,1641.0648474783557,1670.9303590191907,2987102
2020-04-27,1667.2083740234375,1702.0667226659634,1656.6782767282045,1663.3050341597716,3374741
2020-04-28,1687.587890625,1695.71237830561,1663.5773356978762,1692.9890714882026,2678505
2020-04-29,1729.8896484375,1736.1532753652841,1679.4177249535096,1701.1587435466529,4241510
2020-04-30,1828.655029296875,1844.5864179299292,1763.068725805026,1797.3824347939271,5915544
2020-05-04,1752.4024658203125,1784.6736952239141,1737.1520144640785,1784.6736952239141,3729348
2020-05-05,1754.490234375,1794.6590057479627,1749.2705635186264,1774.7788458891882,2905528
2020-05-06,1728.029052734375,1773.5082576430295,1718.9513627002464,1760.8903571449077,3517431
2020-05-07,1717.1812744140625,1756.033721656556,1709.646747286724,1733.8388136287422,3166754
2020-05-08,1718.769775390625,1760.6179023905574,1712.279205147816,1760.2547726433072,2686530
2020-05-11,1756.80517578125,1771.4202327366063,1732.9308096680845,1732.9308096680845,2449841
2020-05-12,1769.695556640625,1776.0499392497475,1734.0656255823308,1755.0804988019709,3256595
2020-05-13,1769.831787109375,1810.0913185979077,1748.0453319206338,1810.0913185979077,2656665
2020-05-14,1726.894287109375,1745.7304933371395,1716.6818861425147,1733.8387419291685,2263146
2020-05-15,1718.315673828125,1740.5560105948912,1693.1704102619883,1739.2851120458936,3173682
2020-05-18,1766.1551513671875,1772.8272306262434,1699.4341371533617,1731.1152939559947,3727694
2020-05-19,1768.923828125,1785.0820475006121,1727.484157107212,1727.484157107212,3198693
2020-05-20,1773.41748046875,1781.8597764183407,1753.5373173831917,1770.149534260137,2778505
2020-05-21,1807.5494384765625,1813.7223114889673,1762.1156702838532,1766.5183274061715,3400908
2020-05-22,1834.0107421875,1844.5862712692576,1780.3616262435194,1794.7497401046282,3663418
2020-05-26,1763.79541015625,1837.3247092929748,1747.4555659036446,1829.1547871666721,4575317
2020-05-27,1820.34912109375,1824.615590837221,1762.2064754789826,1778.3193743532916,3482160
2020-05-28,1819.441162109375,1828.2464756864908,1789.4847898662497,1805.0983698622579,3475681
2020-05-29,1790.4381103515625,1817.9435545368783,1781.4058534018443,1799.198103096576,7237735
2020-06-01,1856.6143798828125,1870.0039714257884,1798.3809816200173,1806.4601471540382,3747773
2020-06-02,1858.33935546875,1889.0673143690797,1851.8942176445248,1870.185674590852,2443886
2020-06-03,1862.891357421875,1878.9150321371578,1839.0833991118395,1868.0809168641665,3699799
2020-06-04,1904.2252197265625,1911.9183706200627,1863.4375833650538,1863.4375833650538,4048593
2020-06-05,1864.8031005859375,1910.097353852946,1857.565168890676,1904.2706443526056,3573289
2020-06-08,1886.1983642578125,1907.3660302257113,1877.4127337444645,1892.1162063563647,2957841
2020-06-09,1886.471923828125,1907.8216371354372,1875.7287176846978,1878.3235532735991,2909439
2020-06-10,1919.8846435546875,1941.0523106383373,1887.7917289439927,1891.023825792356,5168397
2020-06-11,1882.465576171875,1916.47049790686,1877.1396513833847,1911.918311451024,2269513
2020-06-12,1856.836669921875,1865.6678663094158,1830.8892097145824,1831.0712526996922,2842642
2020-06-15,1848.096923828125,1874.5906302752533,1821.739694082818,1856.4729035589587,2399022
2020-06-16,1862.5728759765625,1888.2015998574184,1849.0983580117277,1880.0532295884873,2146528
2020-06-17,1864.3935546875,1874.4539313467974,1845.0467619868252,1862.7547230861435,2703527
2020-06-18,1855.5623779296875,1874.7725841715303,1843.8177136522506,1861.8444179978396,1944389
2020-06-19,1861.4798583984375,1902.8137290952498,1850.008372019879,1859.1127439294257,5681758
2020-06-22,1846.3211669921875,1868.4448365060157,1838.309385916653,1866.3963527042672,3196138
2020-06-23,1853.0130615234375,1860.9338214946183,1829.9789536223986,1845.4563875585086,4205944
2020-06-24,1859.2947998046875,1879.3699844593764,1849.644187741123,1851.8292592420355,2560937
2020-06-25,1835.53271484375,1875.500936643382,1829.2962412382112,1852.7400029462535,3043931
2020-06-26,1929.0806884765625,1941.0528533289703,1839.038281568425,1843.6360356431353,6300722
2020-06-29,1913.42041015625,1937.0464352630506,1903.997517724528,1919.2017757625788,3076341
2020-06-30,1895.6669921875,1922.7525026755281,1889.2030205283095,1911.918387390212,3071725
2020-07-01,1904.6802978515625,1924.6187847641386,1893.2542658819189,1893.4363088774082,2503466
2020-07-02,1963.9498291015625,1971.096851166961,1910.09754907542,1913.7392984540193,3758699
2020-07-03,2002.6431884765625,2007.5141166263363,1966.7720500870944,1969.8674477969487,4185208
2020-07-06,2060.501708984375,2066.6015946054454,2007.5143011371977,2007.5143011371977,5190366
2020-07-07,2066.6015625,2096.463950743768,2032.232554023537,2071.244881694131,5630055
2020-07-08,2020.169189453125,2070.6984584373727,2009.8814260202575,2066.692623319683,2793358
2020-07-09,2006.92236328125,2043.476328544256,1994.8135038699086,2029.3645517153693,3443998
2020-07-10,2023.3101806640625,2048.347203420712,1981.1113279443368,2007.7416157855002,9610320
2020-07-13,2021.1708984375,2043.8862656564327,2012.066525021115,2021.1708984375,2963503
2020-07-14,1977.42431640625,2038.4691838984422,1971.0968214114014,2012.0665013021694,2976738
2020-07-15,2033.8258056640625,2057.588308222006,1985.7548938050334,1989.30551038278,5569321
2020-07-16,2039.163330078125,2128.8144307292832,2025.795596036912,2047.6037644905748,8582118
2020-07-17,2008.139892578125,2047.5133063040523,1998.3764034053972,2041.2172848789119,4509135
2020-07-20,2014.66357421875,2032.0006862270989,1999.0603070752368,2008.3675542303151,2952646
2020-07-21,2030.312255859375,2042.721841560698,2008.503865369634,2034.828984161939,2665286
2020-07-22,1999.197265625,2035.7421205462679,1993.0380279227645,2035.7421205462679,2861534
2020-07-23,1981.1761474609375,1999.1976239680803,1973.6938574658154,1999.1976239680803,2265766
2020-07-24,1968.5836181640625,1973.6935935998804,1939.1107020354234,1965.9375161400565,3665100
2020-07-27,2013.66015625,2021.1424448999248,1974.1497424564277,1975.5184619450733,4248480
2020-07-28,2107.60009765625,2116.9530150719775,2021.142641545013,2021.142641545013,8092319
2020-07-29,2076.849365234375,2137.0273539824993,2049.4749755591083,2091.403371190388,6090431
2020-07-30,2079.9970703125,2151.6267127865212,2073.381593778275,2085.836850143729,7098496
2020-07-31,2081.7314453125,2130.4580030749576,2059.8775974110554,2101.5778820941587,4723290
2020-08-03,2056.865478515625,2102.215885738976,2035.467879807502,2089.988527353402,4012337
2020-08-04,2052.805419921875,2071.009344348094,2030.3128857039512,2062.158336315565,2927928
2020-08-05,2061.747802734375,2098.703229160904,2055.8166849128334,2062.204042566801,3800641
2020-08-06,2106.09423828125,2116.4964165349234,2067.0857356699685,2075.8910746354604,4748047
2020-08-07,2094.4599609375,2124.252328235774,2086.840667815814,2106.002737787013,3165491
2020-08-10,2083.009033203125,2121.5156380793915,2076.849794253862,2115.128279169045,2929353
2020-08-11,2080.3623046875,2109.6529911216717,2076.4388203361923,2083.191080765907,2774423
2020-08-12,2059.785400390625,2095.417541664117,2049.9305786140762,2088.072260934945,3415751
2020-08-13,2057.13916015625,2098.702641812899,2053.534911043447,2074.065697756834,2695682
2020-08-14,2045.916259765625,2081.6399735016516,2037.658496741616,2077.7162662570777,2270405
2020-08-17,2056.18212890625,2071.3293844392683,2042.3581474542698,2064.9420251039933,2625630
2020-08-18,2071.101318359375,2088.666556988483,2051.528668441624,2064.759627409004,3493374
2020-08-19,2059.101806640625,2084.6512385695783,2055.36055071311,2077.1232809476546,2843005
2020-08-20,2055.679443359375,2077.3051620360548,2043.9996617008674,2059.4661440141904,2895164
2020-08-21,2051.801513671875,2072.2409655703755,2044.9122488221624,2062.203690968317,1975294
2020-08-24,2051.34521484375,2062.1579630533247,2034.8292470921085,2053.6264135512524,2167966
2020-08-25,2046.3720703125,2053.078883775493,2038.0686404909977,2048.516486255992,1663419
2020-08-26,2056.27294921875,2062.1127300339685,2022.4655326789198,2045.779432948053,2618149
2020-08-27,2051.618896484375,2087.160152575688,2045.5509966886175,2067.6786254026574,3579393
2020-08-28,2042.6317138671875,2080.408288718671,2039.4837030917954,2069.869102406802,2941136
2020-08-31,2059.69384765625,2076.9852853977927,2033.0038288085614,2043.95358013069,6018154
2020-09-01,2049.74853515625,2078.6284239298775,2045.1404688540663,2070.416107944202,3610908
2020-09-02,2066.90283203125,2070.187847311516,2045.4595639709435,2050.3414183620835,2084137
2020-09-03,2098.246826171875,2120.6025762224126,2069.503718964041,2069.503718964041,4654146
2020-09-04,2088.4833984375,2120.830756406051,2064.895711155377,2075.891135129081,5231303
2020-09-07,2123.3857421875,2138.3959873670697,2083.510427387383,2088.665848125975,4620401
2020-09-08,2142.684326171875,2181.2365852056864,2123.385473776702,2131.506452250829,7453998
2020-09-09,2123.933349609375,2152.539678189362,2116.9529688000507,2121.515367439706,3866535
2020-09-10,2127.126708984375,2142.958318994092,2120.876357451397,2130.6398445182904,2308813
2020-09-11,2166.317626953125,2174.4386052322043,2126.21397550747,2126.9440036476067,4145424
2020-09-14,2273.351806640625,2286.445979278914,2173.389834992007,2175.4429142909703,7512131
2020-09-15,2273.351806640625,2315.8734492307226,2248.8975292094387,2273.351806640625,7318770
2020-09-16,2283.9365234375,2288.1340188623853,2260.4858414031387,2271.116140027738,3074003
2020-09-17,2245.566650390625,2277.3209853551334,2236.122620096531,2262.9494315058523,4828176
2020-09-18,2235.484375,2281.5646090656855,2223.165896586401,2267.512507984721,4183256
2020-09-21,2249.535888671875,2285.6699453405113,2237.5366488746927,2249.2621002510527,4598809
2020-09-22,2302.140625,2331.3856440722925,2242.8751127709174,2267.5120647826407,7499613
2020-09-23,2251.497802734375,2299.311868675813,2198.1634132887425,2290.323855273866,7502280
2020-09-24,2128.130615234375,2235.5750915743247,2101.0756833375185,2235.5750915743247,8424708
2020-09-25,2210.2998046875,2226.450652158729,2146.243769003839,2160.752108324537,8228267
2020-09-28,2213.94970703125,2230.1005543802275,2158.9271324319225,2226.4506353059555,4347166
2020-09-29,2270.61376953125,2291.281562694592,2213.9489294685077,2221.7506733043842,6995811
2020-09-30,2274.17333984375,2285.7617881872693,2244.7001991779175,2271.1621120950554,3917166
2020-10-01,2302.596435546875,2317.6980163894314,2274.1727871717435,2290.3236303690837,2610337
2020-10-05,2468.987060546875,2489.335397827026,2375.229792495578,2390.696275371275,17412105
2020-10-06,2476.74365234375,2496.544416943933,2418.1625011499573,2496.544416943933,9846367
2020-10-07,2496.498779296875,2527.568757495125,2466.432617873402,2502.0193260114197,9656101
2020-10-08,2578.3935546875,2632.503639386224,2554.9428735810843,2554.9428735810843,19839329
2020-10-09,2566.759765625,2582.1808064477104,2536.693603618796,2564.067995024754,7739245
2020-10-12,2582.317138671875,2604.2166479750995,2555.6271117085703,2569.0861851345103,4623203
2020-10-13,2579.169189453125,2605.037851762262,2566.075018431463,2596.0043930714523,4209878
2020-10-14,2574.633056640625,2604.3233530197194,2554.4270548467084,2604.3233530197194,4395936
2020-10-15,2511.404296875,2591.2658715007565,2498.941572480793,2575.9166704229956,6629355
2020-10-16,2532.205078125,2539.8566328241836,2502.8812402977023,2520.1090397658654,5273773
2020-10-19,2484.783203125,2542.0104668352587,2480.2472162146796,2542.0104668352587,3331194
2020-10-20,2509.93701171875,2529.089052037803,2490.6473816887396,2497.1078338567336,3406273
2020-10-21,2451.65576171875,2519.1006709167855,2440.338728515063,2509.9369725867864,4570143
2020-10-22,2447.76220703125,2461.9659453447357,2417.4763504446,2438.4611388507296,5262294
2020-10-23,2462.103271484375,2476.0320524976846,2446.799935297584,2463.019641600029,3499091
2020-10-26,2463.3857421875,2483.316789306678,2447.1660382420387,2464.989389656859,2672752
2020-10-27,2410.19091796875,2490.8314930904376,2404.647057407683,2473.9703714179045,3537502
2020-10-28,2402.905517578125,2433.833006987168,2388.060367406416,2428.3806498952426,3569445
2020-10-29,2412.4814453125,2432.962404762757,2382.7911461334684,2389.893013793322,3105968
2020-10-30,2441.989013671875,2450.69452984717,2402.35600582119,2415.6433726150613,3427003
2020-11-02,2386.77734375,2441.988635145688,2382.607815588768,2437.544151245327,2571196
2020-11-03,2413.352294921875,2442.1262255004203,2383.524404533701,2386.2276514833375,2879269
2020-11-04,2431.267333984375,2494.2221412321965,2391.7260521516746,2391.7260521516746,4893928
2020-11-05,2461.094970703125,2483.3628074108865,2443.958895706581,2460.4535564200114,2816502
2020-11-06,2481.02587890625,2486.3408695805074,2457.062893212781,2473.282597253401,3884421
2020-11-09,2498.57470703125,2514.51945666222,2469.70905000324,2502.698372320966,3646592
2020-11-10,2428.014404296875,2486.249547520183,2417.705240256422,2471.6334885807983,4760020
2020-11-11,2463.019287109375,2467.601137028202,2422.332325596305,2444.829253442375,3242441
2020-11-12,2447.670166015625,2486.1118432856783,2439.147880156894,2461.3698529544163,2437505
2020-11-13,2434.657958984375,2442.0345592178546,2415.551553150952,2433.649862397815,2548093
2020-11-14,2447.029052734375,2464.1192660760153,2437.5903957024275,2453.9933314503314,298819
2020-11-17,2443.088134765625,2469.6169999087006,2428.426215656705,2469.6169999087006,2827273
2020-11-18,2406.98388671875,2441.393635194994,2389.02316361208,2438.4612950677024,2893762
2020-11-19,2416.3759765625,2452.343499256774,2410.832117011071,2416.467703052253,4167501
2020-11-20,2437.7734375,2452.206265858472,2407.80818146228,2432.9624947138427,2711471
2020-11-23,2496.42138671875,2501.69051509303,2442.126455209863,2465.035709011081,3706418
2020-11-24,2494.40478515625,2513.602690233128,2478.7806332776568,2505.7218194329034,3120516
2020-11-25,2475.39013671875,2504.393155514762,2463.385601146183,2500.7735390357925,3302249
2020-11-26,2493.07666015625,2502.560956748781,2455.87194346376,2461.3701642327087,2341099
2020-11-27,2455.551025390625,2490.418952105359,2445.837636657822,2478.7810966917723,6086808
2020-12-01,2498.758056640625,2507.0968903942,2404.967486544948,2454.955520709021,3605017
2020-12-02,2519.604736328125,2524.323951511158,2476.4436274089458,2491.6095929935977,2509032
2020-12-03,2482.858642578125,2541.918644115196,2474.9321315966813,2541.918644115196,2852548
2020-12-04,2499.44482421875,2509.7998490766845,2473.2824182143913,2484.095628033092,2686527
2020-12-07,2508.74560546875,2514.5187800655613,2479.834092972283,2487.944055349125,1996400
2020-12-08,2563.36181640625,2570.921868819723,2503.9351330971467,2510.8537712625903,4277818
2020-12-09,2575.733154296875,2602.4911168095787,2559.5590875940675,2579.581864020762,3659996
2020-12-10,2551.44921875,2590.853131576287,2547.737875239171,2582.3308452203883,2127801
2020-12-11,2550.8076171875,2572.8919999163695,2533.3507239723112,2559.1464499395506,1795408
2020-12-14,2563.728759765625,2569.5019365360026,2525.7452612615393,2567.6691962103705,2483658
2020-12-15,2530.601318359375,2560.978890770267,2524.599050826036,2553.0065174596507,2365509
2020-12-16,2578.848876953125,2583.980639373075,2529.5939805203006,2546.592691847801,2565149
2020-12-17,2600.841552734375,2615.0452891732884,2570.418110396948,2575.916330953947,2863460
2020-12-18,2621.734375,2655.6400624781545,2608.1720552641127,2628.1489645228944,6076692
2020-12-21,2584.30078125,2645.102020597794,2552.090465049318,2621.7345854599994,2705195
2020-12-22,2632.27294921875,2642.4903857116597,2582.9263329007917,2596.992702553851,2881737
2020-12-23,2665.491455078125,2674.8842483448375,2625.8125860945984,2635.526198376757,2790988
2020-12-24,2666.041015625,2677.0374550749216,2642.077807089833,2665.720196651791,1807144
2020-12-28,2684.414306640625,2703.0166632038663,2659.3058570249646,2666.63681734757,2108994
2020-12-29,2685.42236328125,2705.124318855571,2675.8004780007677,2675.8004780007677,1994151
2020-12-30,2665.99560546875,2701.184128199536,2659.3060589218653,2688.9963609932684,2637968
2020-12-31,2623.338623046875,2662.055261532153,2607.07305303235,2657.4734108238363,4040956
2021-01-01,2683.360595703125,2694.127943777747,2638.2293707946033,2639.145740843507,2681440
2021-01-04,2785.260498046875,2795.615522848268,2694.998061268852,2703.2912537580564,5113293
2021-01-05,2834.33251953125,2853.8053827837684,2785.3984491294773,2785.3984491294773,5801309
2021-01-06,2796.302734375,2853.1176678605807,2783.1986001328955,2840.746674279043,3726716
2021-01-07,2779.1669921875,2823.1986156134235,2749.3391038200584,2817.8377616020935,3717827
2021-01-08,2859.8994140625,2866.405731394769,2804.09256332097,2831.58366688294,5879039
2021-01-11,2910.803466796875,2959.875125463665,2883.4040930504175,2959.875125463665,9508039
2021-01-12,2909.337890625,2941.548212244888,2886.566002670217,2910.8039486464145,3611458
2021-01-13,2894.767333984375,2911.307859327328,2864.8020759276233,2909.4751190948277,3572801
2021-01-14,2984.5126953125,2999.0189392053258,2864.8824139058183,2896.64924328572,6931542
2021-01-15,2968.58349609375,3005.904734305149,2947.1454481122564,2970.098294281355,4131692
2021-01-18,2957.933349609375,2990.067334939189,2926.3960486332717,2983.8700663398677,4160906
2021-01-19,2993.69384765625,3010.495376287818,2967.344024447157,2968.262138316107,2975735
2021-01-20,3037.85546875,3055.437261152836,2999.570162039202,3002.232602822507,3453446
2021-01-21,3005.767333984375,3038.176575904668,2994.979495469838,3034.366492812287,2778546
2021-01-22,3032.621826171875,3052.728429022274,2976.433081482496,2976.433081482496,3052459
2021-01-25,3021.787841796875,3066.316358842694,3010.1735683255015,3037.9924598869925,2272887
2021-01-27,2994.015380859375,3035.6976622937086,2962.753557709174,3029.7758724636737,2786662
2021-01-28,2934.796875,3006.822861775188,2923.0909234007227,2965.5077384836204,3083938
2021-01-29,2856.57421875,2953.435250334052,2846.1535346972596,2947.1920300087995,5445659
2021-02-01,2882.28076171875,2905.830291960869,2794.8304188090274,2846.1528925999037,3985846
2021-02-02,2941.132080078125,2959.9993665276793,2892.0589344175523,2914.093669155972,2881837
2021-02-03,2938.01025390625,2971.0164017973048,2903.672661621114,2949.8997833667304,2505866
2021-02-04,2927.3603515625,2972.7153147560066,2915.929877822104,2952.700386004146,2057261
2021-02-05,2899.357666015625,2943.33545510668,2872.7783141706705,2937.000334881396,2366135
2021-02-08,2950.90966796875,2961.8351325800304,2896.7866798878395,2928.3239787241187,2526592
2021-02-09,2916.755615234375,2980.013789972745,2904.9120369808234,2933.3735645239353,2658751
2021-02-10,2950.175048828125,2955.775408386787,2898.760677240067,2924.192384070814,2127983
2021-02-11,2943.472900390625,2955.6838589993145,2924.238460734068,2951.7359247522954,1165882
2021-02-12,2929.517822265625,2979.738606828393,2921.4383752666604,2923.458180979177,2777404
2021-02-15,2882.739990234375,2946.22747613567,2875.1196001095104,2946.22747613567,2630853
2021-02-16,2854.232177734375,2908.2630394562693,2846.1527316019883,2892.0584208213754,3435770
2021-02-17,2821.455810546875,2876.313114026429,2796.1617287152267,2850.8354542514057,3678426
2021-02-18,2806.9951171875,2844.2244498203495,2782.8027306122076,2814.0185976002695,4189909
2021-02-19,2820.30810546875,2834.3550679833493,2769.168984964174,2807.592139051229,3725028
2021-02-22,2716.1943359375,2842.4809622794082,2702.1471468173804,2842.4809622794082,5366696
2021-02-23,2736.162841796875,2780.0487285100007,2724.9618976940824,2726.7981253879466,3832829
2021-02-24,2706.69140625,2757.417194127488,2681.9480598123755,2728.6342365953706,3774549
2021-02-25,2750.0263671875,2781.7929708391175,2725.374921485045,2730.4704980108404,4224073
2021-02-26,2657.296875,2728.955703506239,2644.1678025395586,2717.616908165657,5553153
2021-03-01,2684.748046875,2722.207130806595,2664.182389576677,2686.4006963710276,3265871
2021-03-02,2760.171875,2777.2946099605247,2706.5998380706205,2717.617205118398,3306469
2021-03-03,2808.6025390625,2813.1012078619806,2751.49567073259,2786.475902696185,3509857
2021-03-04,2799.971435546875,2829.1215468699424,2769.076997772681,2775.457843452997,3916760
2021-03-05,2761.73291015625,2812.3668084698684,2751.220549504748,2769.1237728134915,3203686
2021-03-08,2760.72265625,2784.639569123191,2750.669353476123,2769.0316322042677,2003125
2021-03-09,2801.119873046875,2815.763746567155,2747.088998451506,2760.722856908763,1942397
2021-03-10,2819.48193359375,2839.909968573129,2809.4286308718824,2823.2003398467446,3053778
2021-03-12,2807.546630859375,2861.7613067980546,2792.3060731148994,2823.200519218485,2938317
2021-03-15,2815.074951171875,2845.235083585809,2791.984475374136,2791.984475374136,3097083
2021-03-16,2855.38037109375,2883.795953375386,2809.4287224860495,2809.4287224860495,4894756
2021-03-17,2858.042236328125,2896.648965467859,2832.6564800620995,2850.7432766331863,3838390
2021-03-18,2787.852783203125,2888.799358993528,2742.452096885401,2869.9780245441084,3656306
2021-03-19,2800.430908203125,2845.2349103170186,2758.9322057123723,2781.885052681693,5776626
2021-03-22,2873.375,2882.372560807177,2771.4643598478388,2799.053726628721,2821646
2021-03-23,2885.264404296875,2909.5025180060115,2867.1316574585603,2882.877218851018,3305973
2021-03-24,2865.52490234375,2894.1700063896133,2856.38949125182,2856.4354417688933,2207104
2021-03-25,2813.88134765625,2874.4768622908264,2800.247267203914,2857.353904347933,3179786
2021-03-26,2815.67138671875,2862.678767448098,2793.8661844330245,2837.5682658931973,3697370
2021-03-30,2899.908447265625,2927.3599607888086,2810.2544983684634,2830.5449034239514,4694008
2021-03-31,2917.6279296875,2942.554628849564,2875.5323237306816,2896.6489404119734,3530069
2021-04-01,2905.830322265625,2951.7360145605007,2887.468045347675,2929.7931833031053,4285076
2021-04-05,2973.6787109375,2995.8053432795637,2892.976597203158,2911.3388732882304,5317862
2021-04-06,2997.3662109375,3006.822828326595,2965.507705494626,3006.822828326595,2291562
2021-04-07,3003.517578125,3009.1641128273545,2969.9147454929443,2992.1330559729377,2491268
2021-04-08,3045.705078125,3061.909697961402,2998.605792663912,3002.2322975513594,2578118
2021-04-09,3050.20361328125,3079.6751563191838,3037.1204914543982,3079.353726825288,2911129
2021-04-12,2980.702880859375,3064.7562575763945,2950.083691053012,3050.20406185006,3791828
2021-04-13,2849.871337890625,2950.8179107609617,2821.409808570902,2950.8179107609617,8654596
2021-04-15,2955.362548828125,2972.1640772050037,2834.630576891309,2901.515260890006,6062760
2021-04-16,2933.51171875,2981.1160170589364,2921.989567913884,2964.589965840254,3224657
2021-04-19,2902.891845703125,2927.8644926893326,2878.3782555517696,2909.502219295232,2679106
2021-04-20,2887.055419921875,2961.239075858954,2870.345789972542,2960.9176462997857,3141893
2021-04-22,2863.413818359375,2890.2227007410406,2850.973329566746,2890.2227007410406,1988980
2021-04-23,2854.875244140625,2863.597326410873,2837.9360870876617,2850.7437314862973,1615309
2021-04-26,2846.8876953125,2894.813197230396,2835.1817428022914,2848.0353377154615,2490260
2021-04-27,2875.532958984375,2879.297315927415,2848.9076538085938,2851.6619957233297,1471417
2021-04-28,2868.279541015625,2892.976713684894,2857.1702738773056,2892.0126493218354,1639037
2021-04-29,2860.154296875,2898.806981317783,2851.202686444206,2888.0191431063135,1621395
2021-04-30,2787.072265625,2875.5785767320062,2772.7038732921656,2845.2348686531195,3072305
2021-05-03,2788.3115234375,2804.8375713208966,2758.0137689846065,2777.2022571452244,1545831
2021-05-04,2800.017578125,2836.9716587937537,2786.475399494836,2811.9990081157007,1990777
2021-05-05,2842.205322265625,2845.6022990652805,2802.4509432318714,2818.6098384801185,1939289
2021-05-06,2856.66552734375,2877.369041183965,2822.2822056794857,2851.202794319337,1791671
2021-05-07,2876.35888671875,2901.1022351187175,2856.9868183284616,2876.450787766364,1912540
2021-05-10,2887.92724609375,2905.0959310372823,2869.10591131552,2888.3403525151994,2137153
2021-05-11,2866.90234375,2871.9519698300287,2838.0274843914553,2869.105727289004,2415625
2021-05-12,2834.7685546875,2864.515355255594,2819.1606184569405,2864.515355255594,1978558
2021-05-14,2801.6240234375,2844.775368383121,2791.0657156316565,2844.775368383121,2043935
2021-05-17,2818.380126953125,2823.3838028471478,2787.3937830213167,2804.837947012557,2890462
2021-05-18,2835.8701171875,2868.187680019918,2825.9544427340934,2846.1529475229663,2098538
2021-05-19,2829.626953125,2862.679052512573,2815.94714609359,2831.463180868754,1986041
2021-05-20,2809.42822265625,2835.869944875731,2802.1752133095965,2815.9469202834016,2329027
2021-05-21,2828.24951171875,2835.3189430260422,2804.929511263819,2810.3462929300745,1685566
2021-05-24,2829.167724609375,2850.7433992899914,2820.4456433555088,2829.167724609375,1652260
2021-05-25,2872.991455078125,2886.138573971787,2843.5604509511436,2852.69414871598,1841613
2021-05-26,2914.047119140625,2920.0440500490986,2863.580684082992,2878.526836067358,1923753
2021-05-27,2933.883544921875,2968.711879456718,2917.09218100315,2917.2304816382675,5959785
2021-05-28,2900.301025390625,2950.4906448229312,2892.966135805245,2942.6485027087992,1763701
2021-05-31,2914.64697265625,2924.9803269983527,2886.461575160043,2906.205228519156,1652799
2021-06-01,2908.972900390625,2924.6110065187345,2889.5981998171383,2923.3656252004816,1377441
2021-06-02,2887.245361328125,2914.923503554815,2873.9137678713287,2906.989237930343,2240078
2021-06-03,2898.13232421875,2910.4030130918027,2880.971784863015,2910.4030130918027,1281706
2021-06-04,2900.439208984375,2912.5254235000684,2883.140366783673,2885.9081815357854,1836060
2021-06-07,2936.835693359375,2943.524578476069,2891.0746282599434,2901.5922333797885,2559821
2021-06-08,2952.474365234375,2980.9368202051082,2940.526675272103,2950.490854539132,2574057
2021-06-09,2952.566650390625,2970.7880991353213,2939.6040050953256,2954.181209140155,1710925
2021-06-10,2967.83544921875,2974.4781593642933,2945.8774078319443,2961.5616909303294,1874324
2021-06-11,3020.423828125,3052.8994740663043,2962.48419801357,2962.99167573436,3452954
2021-06-14,3022.77685546875,3052.622990823695,3017.2412257001897,3025.2216685183903,1847360
2021-06-15,3010.228759765625,3042.75057840994,2999.895631231245,3042.75057840994,1304985
2021-06-16,3020.93115234375,3039.7060250963573,3001.233449535027,3009.6292434114403,1635552
2021-06-17,3060.97265625,3077.856372344019,3007.6922189360257,3012.7665462992613,2273413
2021-06-18,3042.105224609375,3098.107297778034,3021.5310900009117,3091.5567127977583,3380431
2021-06-21,3019.77783203125,3031.67934373904,3000.0339543533228,3012.3046431247612,1130569
2021-06-22,3045.702880859375,3069.5523047254414,3030.7567283440007,3048.2862193146357,1708688
2021-06-23,3008.9833984375,3071.3515770329045,3004.3703741403647,3071.3515770329045,1467104
2021-06-24,3112.5,3121.1723960155346,3024.7601833688827,3029.8345103502857,4155204
2021-06-25,3119.142578125,3136.533544713629,3090.7263031839743,3114.022076066182,2722861
2021-06-28,3078.50146484375,3129.0140759773967,3075.0416969578837,3129.0140759773967,1355238
2021-06-29,3082.283935546875,3105.764179605881,3069.0444682895986,3083.344840830855,1497322
2021-06-30,3086.804931640625,3120.249354795963,3080.1160470095574,3087.0355828347997,1693146
2021-07-01,3082.88427734375,3101.7976778182515,3074.4425325959487,3098.1072582134707,990310
2021-07-02,3068.076416015625,3081.223535825026,3040.1676178237394,3073.196918253617,1682274
2021-07-05,3063.970947265625,3112.8690081524296,3046.4414537401667,3083.3456506358684,1972858
2021-07-06,3009.813720703125,3070.4288117514384,3004.093615922603,3056.589739583088,2159420
2021-07-07,3021.484375,3028.634561798388,2990.7156417954075,3021.530550286469,2640710
2021-07-08,3006.30810546875,3042.750999489316,2981.766724713726,3042.750999489316,2485811
2021-07-09,2959.854736328125,3027.989196368928,2953.258201577373,2998.4658404018937,6365067
2021-07-12,2945.969970703125,2985.5496331582885,2941.5875971686683,2984.627028203666,1892226
2021-07-13,2940.8486328125,2965.2514818816035,2929.269898871839,2965.2514818816035,1809339
2021-07-14,2965.759521484375,2972.6328826972876,2938.49650260424,2940.3417123389995,2044279
2021-07-15,2961.505859375,2988.227461165549,2953.230571518276,2984.2978337613686,2232968
2021-07-16,2953.970458984375,2977.132191519574,2951.3814827118135,2970.798466150707,1256526
2021-07-19,2944.539306640625,2958.593458594443,2936.587499564938,2940.2859724863047,1597058
2021-07-20,2964.1416015625,2972.648045378566,2918.2341642687093,2944.5397373593287,1811945
2021-07-22,2973.89599609375,2981.8475775947027,2949.5322149327058,2949.5322149327058,2859334
2021-07-23,2970.660400390625,2997.1969040705285,2964.9275855596534,2986.5175161024067,1776193
2021-07-26,2956.51318359375,2981.2004461652577,2950.3182863547395,2958.7784531996044,1259611
2021-07-27,2943.013427734375,2968.0243949639203,2922.8567060106116,2958.7782130481446,1121367
2021-07-28,2956.74462890625,2962.893250689166,2896.2744528806347,2947.683323854924,1660654
2021-07-29,2954.8955078125,2982.3103528916695,2949.8101066470144,2959.010014517192,1731997
2021-07-30,2928.68212890625,2980.5070287019107,2923.9667111154417,2976.3462464375525,2999943
2021-08-02,2976.7158203125,2981.8012205449472,2928.26591566539,2940.2859525784465,2608669
2021-08-03,3037.279052734375,3041.9946971189042,2976.3005111720363,2985.592971731593,3804735
2021-08-04,3027.154052734375,3056.0483747487015,3015.36516935253,3051.2404047128957,2929598
2021-08-05,3036.400390625,3065.1098355898966,3016.5673721303283,3028.125101525464,2534521
2021-08-06,3060.30224609375,3073.431783172915,3018.8792936400623,3025.8602082107204,2292362
2021-08-09,3072.2294921875,3085.4515803673225,3060.4868837326453,3073.3389891127695,1510489
2021-08-10,3082.585205078125,3097.3790995338577,3065.664868883913,3065.664868883913,2040777
2021-08-11,3092.108154296875,3106.7171670751372,3076.297318442273,3097.4709850302706,1929707
2021-08-12,3099.089111328125,3114.1141573664877,3075.280192221181,3075.280192221181,1310205
2021-08-13,3202.32275390625,3217.671507137346,3104.4057716131147,3107.410780922941,4363584
2021-08-16,3211.1533203125,3230.940288856428,3177.4510259010012,3199.179557578194,2083489
2021-08-17,3285.215087890625,3292.3808796980184,3201.953165032821,3219.6134648141856,4336019
2021-08-18,3292.14990234375,3324.002959267795,3270.00533806847,3304.4473715128997,2631309
2021-08-20,3291.178955078125,3305.5105392342457,3236.164164285275,3241.711874281193,2836148
2021-08-23,3363.206787109375,3396.1232915558912,3293.3980997931567,3310.133782676311,3744176
2021-08-24,3340.83056640625,3390.898779346335,3323.4476984156317,3381.3288903054377,2511141
2021-08-25,3383.178466796875,3419.0074270560654,3335.144589738707,3337.8721686626723,2123263
2021-08-26,3395.059814453125,3409.6225527609245,3372.915025452704,3384.1029972410715,1902533
2021-08-27,3439.718505859375,3448.3637768253466,3375.8737960373505,3389.6505177213357,3944728
2021-08-30,3422.2900390625,3458.396431780299,3409.622812463026,3434.9572656619744,2033114
2021-08-31,3501.02099609375,3517.340644900095,3424.27767545753,3429.779109319615,3207480
2021-09-01,3434.91064453125,3528.9905548058973,3427.559974330387,3509.851001499366,2643336
2021-09-02,3547.529052734375,3568.240411134809,3441.4291090838196,3452.5245280276686,3403717
2021-09-03,3552.429931640625,3566.160378521575,3517.7567439560567,3536.6651438259946,1746812
2021-09-06,3561.630126953125,3585.3004486212044,3526.494627258364,3559.503459455795,1723693
2021-09-07,3528.250732421875,3578.2263945843283,3521.1774930188412,3572.724961077871,1585039
2021-09-08,3489.6484375,3527.4191893637058,3472.866703866338,3522.7960973724034,4147175
2021-09-09,3505.59765625,3521.593597640249,3481.1878239544753,3504.0258503214877,1441148
2021-09-13,3555.481201171875,3561.9995798374784,3483.037264403525,3483.037264403525,1691473
2021-09-14,3592.97412109375,3602.7751652578063,3536.6649575545,3559.734138731563,1991188
2021-09-15,3656.449462890625,3679.980954247163,3574.5744646028975,3589.4609100140833,2461369
2021-09-16,3609.06298828125,3681.59925545648,3598.707307513868,3633.750254019958,2946666
2021-09-17,3539.300048828125,3647.618986223118,3518.1724315789515,3624.50353003666,6477148
2021-09-20,3535.2783203125,3579.1976926715543,3520.8081331879107,3521.8713540134204,2002008
2021-09-21,3571.75390625,3579.705713233294,3533.567128633215,3567.1770912103625,1568129
2021-09-22,3571.0146484375,3603.099085576872,3562.0458956444318,3571.338355152792,1744067
2021-09-23,3577.5791015625,3586.5941293431383,3545.9109270510276,3578.2725652379336,2003869
2021-09-24,3579.474365234375,3647.0638179921825,3564.403043922041,3596.7646798590763,2320754
2021-09-27,3547.71435546875,3609.7100613782754,3516.2310553034567,3606.011587954732,1673362
2021-09-28,3494.27099609375,3559.780289905331,3468.474237014902,3559.780289905331,2253075
2021-09-29,3506.060302734375,3519.097512030617,3441.568171503651,3476.380188534852,2489161
2021-09-30,3490.94287109375,3518.1728364677824,3467.4113791351897,3518.1728364677824,2252412
2021-10-01,3449.010986328125,3522.7955685812176,3444.2030165262563,3496.6751027511864,1578374
2021-10-04,3488.8623046875,3498.4319687275797,3427.9760988464795,3444.018316775673,1356860
2021-10-05,3544.33935546875,3550.5342528980436,3459.5519029622865,3471.0170795258477,1877966
2021-10-06,3523.628173828125,3566.6692055390286,3508.9268315480253,3546.836185986357,1678154
2021-10-07,3599.4462890625,3605.086550672743,3532.0879851056757,3541.2878915302913,1647233
2021-10-08,3638.97412109375,3689.1346666117274,3606.011567190983,3629.127025955028,2934339
2021-10-11,3407.773193359375,3474.2531568171576,3384.10287530294,3471.941611137306,11845402
2021-10-12,3377.4921875,3427.560180226351,3356.919429471935,3426.635561888011,5752877
2021-10-13,3379.665283203125,3398.3888066489276,3370.2342202444756,3374.857312453316,3545655
2021-10-14,3345.619873046875,3399.8601946838053,3342.609097670111,3358.172535620925,6442299
2021-10-18,3378.6923828125,3383.833906523322,3336.356289958161,3338.2090749948507,3590107
2021-10-19,3366.649169921875,3418.481010563428,3358.3580023879763,3398.934038597887,3135441
2021-10-20,3343.2119140625,3362.805026434445,3314.910575837421,3346.1299601876626,2933693
2021-10-21,3272.4814453125,3341.9145166605645,3252.795605054074,3338.811237545378,4871211
2021-10-22,3241.30810546875,3299.4392279636545,3228.477480394298,3297.956909671076,2691670
2021-10-25,3235.84228515625,3255.8524514445326,3196.0537768494755,3245.152574001076,2595594
2021-10-26,3226.254150390625,3269.2386657861734,3219.213477927728,3237.2781290988332,3878763
2021-10-27,3232.878173828125,3252.7956122513083,3226.62502455573,3226.62502455573,2510813
2021-10-28,3169.790771484375,3259.048778322889,3163.6303518967215,3259.048778322889,2424942
2021-10-29,3147.650146484375,3206.2444726605613,3136.718669647536,3149.7808944884273,3960501
2021-11-01,3220.5107421875,3230.330592989813,3161.731184288384,3184.890996397574,2020718
2021-11-02,3227.736328125,3254.9724001615364,3214.3500032898232,3236.8150188038453,3087414
2021-11-03,3235.19384765625,3260.80850695922,3210.922412094608,3246.2641915637714,1537639
2021-11-04,3250.38720703125,3254.6487033301487,3247.005964611733,3254.3707403245576,328991
2021-11-08,3244.92138671875,3286.8406480845406,3224.957582756944,3286.8406480845406,2526082
2021-11-09,3247.65380859375,3274.7971512910717,3238.6678475003073,3249.784556359004,1782692
2021-11-10,3227.8291015625,3260.623302227296,3224.030802234478,3240.520632275372,1516489
2021-11-11,3231.442138671875,3251.6839044217945,3183.0844974200477,3223.8457657222834,1284514
2021-11-12,3266.505859375,3274.009501865174,3229.125836801498,3247.9316471344246,1747259
2021-11-15,3291.750244140625,3306.8504858799006,3268.3124705886235,3268.3124705886235,1809157
2021-11-16,3294.6220703125,3312.362621709872,3281.2821092915815,3306.2947058333298,2013204
2021-11-17,3262.66162109375,3300.5975745072683,3248.3025374942135,3289.249266501183,1632914
2021-11-18,3219.862060546875,3261.6888136427965,3197.5361391239007,3256.408195959375,2136598
2021-11-22,3203.835693359375,3257.1496263331665,3187.068125011181,3222.363543138622,3167936
2021-11-23,3209.25537109375,3224.7260813471507,3156.960557210133,3191.4223146187396,2153461
2021-11-24,3189.847412109375,3235.9354400192433,3171.9679912238985,3216.620065492515,2161746
2021-11-25,3192.255615234375,3208.097016410042,3181.2780005337186,3190.4028303562864,1849619
2021-11-26,3193.13623046875,3233.109978270752,3160.758630122803,3172.894462916139,1941251
2021-11-29,3244.22607421875,3269.5629959631347,3155.7092381818916,3193.4133623427215,2981745
2021-11-30,3269.377685546875,3301.4309534230742,3234.035905548917,3234.035905548917,5588446
2021-12-01,3314.44677734375,3325.7487194013047,3274.797137349196,3274.797137349196,2102118
2021-12-02,3374.755126953125,3379.479819141982,3311.019504282534,3325.007895244172,3152938
2021-12-03,3372.4853515625,3396.1083590528683,3363.5921197387333,3378.0437062661163,2486263
2021-12-06,3276.093994140625,3388.7434004915676,3262.7540340435485,3372.485168631367,1849642
2021-12-07,3320.653564453125,3333.1598618781823,3264.8847870953928,3300.2729316122914,1484458
2021-12-08,3359.932861328125,3378.0438799023455,3335.93938609223,3335.93938609223,1428660
2021-12-09,3336.634033203125,3367.2049842951506,3303.515502853431,3344.2767709761315,1567957
2021-12-10,3369.10400390625,3373.921199264275,3311.9456367309726,3321.116831236251,1510718
2021-12-13,3343.951904296875,3392.4486320914684,3336.5871306818503,3381.3319243948276,1883864
2021-12-14,3357.06103515625,3367.436585453765,3313.427859908354,3339.644811708617,1747007
2021-12-15,3307.54541015625,3356.3198827091123,3296.243241207788,3353.5407053290055,1603233
2021-12-16,3317.96728515625,3342.8407867050073,3307.221042281943,3318.3377516677647,2072320
2021-12-17,3320.51513671875,3382.583435880048,3310.648920627648,3337.329070575768,4333992
2021-12-20,3295.08544921875,3340.571412215831,3251.776599101975,3324.8227394460946,2312310
2021-12-21,3342.701904296875,3373.18012526726,3303.885925152035,3318.9398023822464,2340989
2021-12-22,3363.49951171875,3369.104231481684,3340.8028958578097,3357.24636245094,1224328
2021-12-23,3393.09716796875,3400.323073432358,3362.804183778629,3379.479245846953,1792861
2021-12-24,3400.69384765625,3432.283919679202,3376.5151411710513,3413.756071259881,2209923
2021-12-27,3424.038330078125,3427.6511692209365,3384.20346513853,3400.7857951919077,1534135
2021-12-28,3433.7197265625,3450.8116207655776,3421.9545885525504,3436.915735044374,1456218
2021-12-29,3422.741943359375,3446.1333513795075,3413.7559823440606,3420.4723272211286,1456923
2021-12-30,3458.91796875,3464.707921827921,3409.1243722798795,3410.3750926127273,1966475
2021-12-31,3463.17919921875,3483.235504675267,3456.648087413479,3467.3016002602253,1207141
2022-01-03,3536.734375,3548.082681225853,3469.339331903608,3473.971293628446,2346158
2022-01-04,3598.80322265625,3602.879259140981,3531.1302060817334,3549.1023560754197,2488606
2022-01-05,3576.7548828125,3585.138779714832,3531.778484153389,3580.5068174671383,1733031
2022-01-06,3527.193115234375,3552.7152741063583,3494.352546005002,3531.4082463868153,1810293
2022-01-07,3569.85302734375,3580.41380998116,3516.9559321109,3538.818882691871,2460591
2022-01-10,3594.26416015625,3685.1894968155407,3576.801570438613,3685.1894968155407,3937092
2022-01-11,3627.66015625,3636.090418133304,3572.1693381712153,3572.1693381712153,1906106
2022-01-12,3575.7822265625,3639.7960371027475,3554.1510979564678,3636.0904671998687,3203744
2022-01-13,3610.985595703125,3634.238140242035,3573.096229139314,3629.6061772797075,6684507
2022-01-14,3676.06396484375,3684.2626281705243,3575.921080655084,3592.410910847961,3348123
2022-01-17,3723.31005859375,3745.4046086005,3670.644784451854,3698.807023961942,3442604
2022-01-18,3696.861572265625,3744.200087824041,3687.0417224363555,3737.0205467816086,2389041
2022-01-19,3632.8740234375,3723.2168765091765,3629.0228304060656,3723.2168765091765,3102539
2022-01-20,3551.115966796875,3637.839414672452,3536.685206458346,3628.5592120840024,6176776
2022-01-21,3557.56591796875,3574.3167301582916,3499.657540281857,3532.9733793418627,3112358
2022-01-24,3499.889404296875,3572.5532116041313,3470.888770292557,3563.5979064505796,3258414
2022-01-25,3498.543212890625,3535.2000102828492,3454.2766952772986,3498.1720954427387,3330501
2022-01-27,3386.578125,3464.670943660884,3364.1665250826936,3462.4437855381243,5718297
2022-01-28,3424.441162109375,3461.329966974522,3383.5618248635656,3383.5618248635656,3143862
2022-01-31,3467.315673828125,3487.5001143515806,3453.53448242996,3479.147932066013,2739393
2022-02-01,3527.080078125,3533.901117600287,3467.45477696801,3498.6363480444015,2105169
2022-02-02,3578.6318359375,3585.870439591782,3527.0802629533764,3552.3688161311393,1984212
2022-02-03,3549.305908203125,3603.0381835327707,3541.3712907147014,3573.805549204044,1960538
2022-02-04,3540.3046875,3549.3993321019784,3497.708644724792,3540.676031574703,2307366
2022-02-07,3506.98876953125,3555.9882874648133,3485.7834147116782,3518.125013308539,1919149
2022-02-08,3473.997802734375,3526.1989484562873,3453.163790777524,3518.6356730809016,2946443
2022-02-09,3489.866455078125,3506.0139161470215,3476.4566083223403,3480.0757965237513,1638721
2022-02-10,3498.9609375,3517.0108844874107,3487.499797777089,3517.0108844874107,2112459
2022-02-11,3428.98828125,3482.3958904530473,3424.3946264548285,3482.3958904530473,3851488
2022-02-14,3464.995849609375,3520.213058327623,3442.9553671378058,3455.9476515420993,5951745
2022-02-15,3542.99609375,3558.957998259208,3478.220228807174,3513.4850016712808,3931683
2022-02-16,3538.63427734375,3576.6831094371614,3532.045242622543,3567.3100138310706,3256906
2022-02-17,3511.814208984375,3558.957683323373,3506.9885489645444,3549.677480759297,3134372
2022-02-18,3520.816162109375,3541.279055250389,3487.129206123475,3497.7085470263673,3688883
2022-02-21,3451.6787109375,3552.2762502466903,3438.8257653590044,3535.75744312542,7465922
2022-02-22,3328.251953125,3403.8856084801714,3313.0325106498385,3387.2741355383505,5408531
2022-02-23,3307.27880859375,3362.124672684103,3299.7153071667913,3351.0813216805136,2426203
2022-02-24,3156.7998046875,3233.083245946104,3147.0093728873185,3223.9421564012982,5039136
2022-02-25,3267.327392578125,3275.9115801464977,3212.8062012654887,3218.37432293146,2549723
2022-02-28,3298.369384765625,3307.2320230837977,3207.1449528175153,3238.790532602583,3288942
2022-03-02,3290.898681640625,3314.8416476778543,3253.638761916499,3296.791700430223,2761341
2022-03-03,3289.275390625,3321.013869322505,3276.0048802578613,3306.397548131409,1928039
2022-03-04,3270.668701171875,3304.866116070149,3236.053495850627,3249.463344963728,2370257
2022-03-07,3234.0576171875,3292.6157844775344,3184.5478737305916,3201.6698017044796,3054130
2022-03-08,3340.82666015625,3349.225289251322,3210.9502634551327,3210.9502634551327,3300992
2022-03-09,3371.126708984375,3390.9862532285156,3338.1355412564676,3345.513257495566,2719654
2022-03-10,3360.315185546875,3418.826912961956,3354.7935098690205,3418.826912961956,2005441
2022-03-11,3340.08447265625,3377.8550835187852,3334.2381254941647,3343.889446855601,1623423
2022-03-14,3380.77783203125,3385.7428310857254,3322.3125552214865,3322.3125552214865,1765688
2022-03-15,3335.212158203125,3395.6263720385577,3327.3239854339727,3395.6263720385577,3651133
2022-03-16,3392.74951171875,3403.9786485965606,3355.953595416388,3378.4580889355993,3090475
2022-03-17,3408.38623046875,3442.9549833337587,3396.8324241535292,3430.519603131441,3600452
2022-03-21,3365.651123046875,3446.620892931189,3354.793331023443,3429.962974125213,2413831
2022-03-22,3434.556640625,3443.8832898357823,3364.0735450430375,3377.9938493673535,2907611
2022-03-23,3445.1826171875,3461.330307032724,3424.3950522129767,3441.099418321333,1596195
2022-03-24,3479.936767578125,3487.685600597097,3429.034767079882,3433.674868253197,1879046
2022-03-25,3440.5888671875,3507.452776112287,3407.6905923757954,3489.263487334278,1690133
2022-03-28,3440.82080078125,3445.7393536558443,3397.667857084779,3429.0349883539843,1760990
2022-03-29,3438.6396484375,3454.0910937349486,3425.3224682900845,3428.8025439487374,2689063
2022-03-30,3462.95458984375,3468.940276146397,3439.429181934705,3468.940276146397,1583455
2022-03-31,3470.74951171875,3484.391364956943,3452.421110603391,3470.7959580477236,2168110
2022-04-01,3488.196533203125,3492.1406197388387,3459.706353423347,3478.220314318673,1387014
2022-04-04,3498.9609375,3507.91624151075,3468.1042668570817,3491.2118784559366,1472994
2022-04-05,3540.212158203125,3559.5150272421374,3500.4928409928925,3500.4928409928925,2314947
2022-04-06,3485.041015625,3535.107663936244,3462.5827438109195,3535.107663936244,2051729
2022-04-07,3418.9658203125,3475.899955057157,3414.1866065025442,3475.899955057157,2494829
2022-04-08,3420.357421875,3438.3147026494094,3380.3134424832583,3424.394400209533,2296773
2022-04-11,3430.334228515625,3445.1363339093855,3392.935190783162,3424.3949890802483,2291660
2022-04-12,3425.416015625,3469.8680999072276,3385.74314553379,3417.898960138625,4483476
2022-04-13,3398.364013671875,3442.8163235703264,3392.4247741666886,3440.171374993858,1621672
2022-04-18,3274.1025390625,3350.1537683518936,3268.9519803378244,3350.1537683518936,3820792
2022-04-19,3221.993408203125,3307.0465998674827,3191.600745083022,3294.4718801943786,3170014
2022-04-20,3300.78271484375,3312.2436298391426,3229.5107090545707,3248.0711154284477,2640370
2022-04-21,3367.46044921875,3381.7056500896524,3310.619211274735,3322.312356564478,2280996
2022-04-22,3352.51953125,3356.649175965001,3314.424255448991,3323.333340294729,1581465
2022-04-25,3292.801513671875,3326.0246850243925,3278.7885433780075,3301.896157733479,1960694
2022-04-26,3291.03857421875,3329.644084388994,3264.9146657297883,3317.8118250641933,1943469
2022-04-27,3304.865478515625,3311.5936249403585,3253.9172603539255,3290.7596168420837,1727648
2022-04-28,3326.303466796875,3344.9565403455003,3283.3825245644707,3329.7370968619725,1703660
2022-04-29,3291.409423828125,3362.4494203251907,3282.26856017149,3338.0888884039773,2051115
2022-05-02,3287.418701171875,3292.569258650697,3241.3425883738223,3266.538246447543,1324161
2022-05-04,3229.278564453125,3290.249451443556,3215.868716740867,3283.7997558207867,2305825
2022-05-05,3260.506591796875,3278.695881198698,3234.4758023552295,3259.3003466014975,1612262
2022-05-06,3185.5224609375,3224.40641951987,3178.0054061435585,3210.022105373213,2010812
2022-05-09,3197.123046875,3207.2383782163442,3105.945046105395,3153.413197100445,2481830
2022-05-10,3191.230224609375,3215.4052019042824,3175.6858825483914,3186.8221276070067,1622685
2022-05-11,3166.40478515625,3200.2310746666067,3138.703292759963,3187.749248831102,1841769
2022-05-12,3163.296630859375,3201.391913412545,3108.961217950559,3134.852896361007,2807195
2022-05-13,3169.0966796875,3192.2971890019344,3138.7040124855907,3187.7499798032945,2187823
2022-05-16,3133.73876953125,3183.1094006357866,3124.2730084638383,3169.1890971344637,1195813
2022-05-17,3203.154541015625,3217.4459611477187,3109.238717630692,3127.4280037691988,1754076
2022-05-18,3200.556396484375,3243.4308882342384,3195.220279858525,3215.5902797515414,1866781
2022-05-19,3027.15576171875,3159.909110484459,2997.505558550603,3152.4849481103397,4642963
2022-05-20,3055.970703125,3075.3662358491647,3034.6726835624736,3071.747047477604,3065125
2022-05-23,3082.6513671875,3098.566824373349,3031.8422568229284,3066.9214687442873,2293690
2022-05-24,3051.330810546875,3085.5284499477802,3039.823449211943,3076.526471594571,1711510
2022-05-25,2959.444580078125,3076.415536738503,2946.738626447677,3076.415536738503,3548046
2022-05-26,3014.847412109375,3028.4411082370784,2971.4973051601237,2981.2603968485323,2813186
2022-05-27,3046.939697265625,3063.382738856382,3016.9494907925728,3039.3720068565735,3103153
2022-05-30,3153.39990234375,3164.0039751800764,3070.3432566525717,3080.293156959438,2094624
2022-05-31,3143.216552734375,3161.0142431298605,3106.452876328937,3133.686800533583,4840965
2022-06-01,3134.667724609375,3165.3118757548896,3120.5136024708863,3165.3118757548896,1493835
2022-06-02,3198.01123046875,3206.419673668931,3126.3526545926,3134.480770734051,2657939
2022-06-03,3214.033447265625,3248.7417642753726,3205.6717644220366,3232.018170494607,1913622
2022-06-06,3205.438720703125,3226.039452661609,3155.174868958366,3193.339950535007,1084210
2022-06-07,3141.6748046875,3194.1342875586965,3135.415231102298,3177.5042088310242,2308256
2022-06-08,3180.400390625,3189.5562973903434,3126.53972726017,3157.977873531247,2185707
2022-06-09,3201.84228515625,3211.091482740182,3132.7061868953324,3162.5093596379156,1279197
2022-06-10,3139.058837890625,3169.9833169235912,3131.678184004679,3159.7063300429077,1527582
2022-06-13,3007.98095703125,3076.5564017452307,2982.6153460458795,3073.753586924327,3030921
2022-06-14,2999.525390625,3026.0118506232347,2966.0316663282683,2980.32606580493,2611493
2022-06-15,2995.554443359375,3021.4337155890826,2990.6027593075614,3006.952508850792,1404536
2022-06-16,2935.48046875,3031.570364637636,2927.118786107955,3027.0390575270526,2032028
2022-06-17,2885.87109375,2913.7591887661006,2825.0969162315573,2888.7674265859027,5240434
2022-06-20,2907.826171875,2932.4443141447664,2867.2788849415497,2890.635669602201,1502769
2022-06-21,3000.8330078125,3024.9372557938127,2919.9717717099693,2924.2695114306644,2964461
2022-06-22,3011.110107421875,3036.8960905359927,2973.78600882056,2989.5751050003514,3336315
2022-06-23,3091.317626953125,3099.912879251552,3011.110326347455,3011.110326347455,3692578
2022-06-24,3076.6494140625,3125.1380112507377,3062.0746881537493,3119.532382531005,2132118
2022-06-27,3096.829833984375,3141.8616766803875,3089.168852960346,3129.809665028628,2037686
2022-06-28,3100.052734375,3111.123942344212,3057.496852113023,3089.6356988985917,1400046
2022-06-29,3074.219970703125,3113.9265042861316,3056.001678823863,3056.001678823863,2133994
2022-06-30,3052.3583984375,3093.2793061818697,3041.0536224591137,3056.936237384399,2719603
2022-07-01,3097.203369140625,3113.926736825826,3038.2975087133605,3045.7249211077683,1502879
2022-07-04,3022.415283203125,3099.866304991972,3013.072567518408,3094.307434778294,2622535
2022-07-05,3004.8974609375,3056.9363376933215,2996.1619312045013,3041.053722246871,2170627
2022-07-06,3046.426025390625,3053.666630066475,2991.7711384825975,3006.9530515126053,2182144
2022-07-07,3071.744873046875,3101.2209586091526,3050.4434356294764,3056.002305852944,1989921
2022-07-08,3050.816650390625,3087.7671317309696,3036.3822021560213,3083.095774496883,2136916
2022-07-11,2909.13427734375,3013.025209491047,2901.8469149392845,2995.4141026880548,6974600
2022-07-12,2881.947265625,2930.062248128664,2877.7898030468073,2910.1622194550246,3734815
2022-07-13,2839.017333984375,2905.584173983186,2835.513816089701,2899.978545351707,3863530
2022-07-14,2809.041748046875,2863.6067107225667,2779.3003306227856,2862.6699731659023,4764908
2022-07-15,2805.15478515625,2837.2847050491832,2766.1864056738846,2827.58960715022,4574806
2022-07-18,2869.695556640625,2882.2946312660415,2823.608113759977,2831.757684910922,3202795
2022-07-19,2879.765625,2884.168246069836,2838.3618679823717,2838.3618679823717,1865074
2022-07-20,2964.587158203125,2971.284740465403,2902.0599243314837,2911.1931157958807,3402251
2022-07-21,2976.296142578125,2982.572238169307,2945.149620304529,2966.647700465514,2420640
2022-07-22,2970.39501953125,2994.750197868624,2944.6347347513356,2983.5093463282974,2075886
2022-07-25,2966.41357421875,2984.8672578274013,2949.880248286442,2964.774283540647,1797504
2022-07-26,2918.780517578125,2968.427609038053,2900.6079001069206,2964.4933569633868,2639367
2022-07-27,2987.115966796875,2992.0338394924934,2913.254111118682,2917.9377994002234,1389808
2022-07-28,3054.23291015625,3057.5114917190617,2999.105811543268,3012.5480874290756,2106333
2022-07-29,3093.013671875,3107.4395675816622,3067.8155228753094,3081.8665863388605,2430257
2022-08-01,3090.110107421875,3116.5260625738006,3064.0687558397663,3116.5260625738006,1306913
2022-08-02,3083.552734375,3103.317759600691,3064.6773353931967,3081.86656103408,1269114
2022-08-03,3128.235107421875,3137.1341143152745,3069.7358920565084,3072.499222142162,2895824
2022-08-04,3142.707763671875,3173.57322183595,3098.119191153544,3138.070958293537,2150567
2022-08-05,3152.168701171875,3163.362669023151,3142.7544431663227,3148.5621701686546,1106933
2022-08-08,3160.974609375,3165.143046563517,3124.9570891436515,3152.1224835037133,1068836
2022-08-10,3142.052001953125,3170.8566823019537,3124.019803685972,3170.8566823019537,1878359
2022-08-11,3205.984375,3211.7921022703563,3161.536222464852,3184.9077794010227,1449248
2022-08-12,3186.35986328125,3202.705888837874,3167.3440440576373,3202.705888837874,1472354
2022-08-16,3178.070068359375,3198.818946410749,3173.1990778756576,3195.2124146520646,839942
2022-08-17,3185.9384765625,3201.7223685675795,3157.8363473829622,3170.950674333413,1622326
2022-08-18,3167.343994140625,3177.4139232902035,3149.311795430915,3175.5404480995844,1430659
2022-08-19,3171.5595703125,3205.0479420583974,3157.976874079898,3172.7304924015175,1398410
2022-08-22,3142.3330078125,3170.0136482750045,3135.63519708334,3152.1218695136045,1536532
2022-08-23,3076.808837890625,3130.483726836073,3063.1323755612016,3109.9223794120494,1849256
2022-08-24,3049.408935546875,3098.728080292103,3044.584599534556,3083.740278210884,1691923
2022-08-25,3014.608642578125,3070.7660111900605,3011.376943871704,3068.752116999363,1946930
2022-08-26,3018.35595703125,3050.9544724173443,3013.2976652884554,3029.690573875285,1457962
2022-08-29,2934.37744140625,2943.8852366547626,2886.088571946294,2927.305026722547,2539173
2022-08-30,3008.005126953125,3022.3841419021096,2943.3235727337114,2955.407397396918,3431525
2022-09-01,2933.5810546875,2988.192901734196,2923.5580082484094,2988.192901734196,3546935
2022-09-02,2932.363037109375,2962.9007716977803,2922.9021253877563,2962.9007716977803,2052900
2022-09-05,2935.17333984375,2948.8029168989456,2915.361432192499,2926.04014875567,2147912
2022-09-06,2929.225830078125,2942.1528567814016,2909.8354043710806,2937.141218335128,1936453
2022-09-07,2950.348876953125,2961.870566634781,2905.7600751025407,2905.7600751025407,1291534
2022-09-08,2969.13037109375,2982.1042788945388,2960.1847095824573,2969.45832074625,1346113
2022-09-09,3014.093505859375,3028.9408876016028,2968.0529464560627,2992.8764916923215,1561185
2022-09-12,3037.793212890625,3062.9447094149955,3020.9788183848027,3034.936117416267,1785928
2022-09-13,3025.0537109375,3056.9963264175412,3020.978810830655,3056.9963264175412,1972678
2022-09-14,2922.995849609375,2942.667338765522,2916.8135188062906,2936.6723097390704,5090269
2022-09-15,2907.961669921875,2939.2486165417445,2903.8867695894855,2931.988899617771,2138023
2022-09-16,2818.3623046875,2898.594015446329,2810.212733499491,2881.4047894148116,5322221
2022-09-19,2837.191162109375,2849.5560538821446,2798.7849168072157,2843.935627740365,2072220
2022-09-20,2847.963134765625,2885.1046860462566,2838.314692546873,2857.049442992727,1544295
2022-09-21,2811.336669921875,2848.993473432895,2808.4795746749514,2836.4412818277847,2253818
2022-09-22,2817.144775390625,2838.2682555741044,2790.822584098708,2800.845631421843,2017983
2022-09-23,2793.398193359375,2831.289180658329,2790.5410981575387,2813.9595363763838,2652374
2022-09-26,2804.966796875,2834.4273754496076,2740.987805882002,2772.6026978409664,2925489
2022-09-27,2826.55908203125,2833.631497292563,2787.7313507248487,2819.018297927409,2227447
2022-09-28,2843.607421875,2857.0028153785247,2791.478065584893,2791.478065584893,2739767
2022-09-29,2807.683837890625,2862.529873697653,2800.8456072241447,2860.796817545999,2493902
2022-09-30,2814.475341796875,2828.6668266728702,2763.47001905477,2801.6420808658077,2817353
2022-10-03,2796.114501953125,2829.6028669441625,2785.8572722614385,2805.528759389041,1763331
2022-10-04,2895.5966796875,2902.013424476853,2831.758096253559,2838.2683775964383,2145875
2022-10-06,2905.713134765625,2926.3682444581273,2896.814127620186,2914.1906557327893,1790816
2022-10-07,2871.007080078125,2908.5703506419954,2864.6374471299064,2901.4510531524775,1939879
2022-10-10,2921.262939453125,2929.178326030891,2814.8963446507287,2819.5800324122106,3064063
2022-10-11,2875.36279296875,2946.0395953925263,2860.1876903945786,2903.8864056333327,4730645
2022-10-12,2904.589599609375,2913.160658606423,2868.3378941577203,2889.7422146847157,1665247
2022-10-13,2906.97802734375,2913.2541239294706,2859.251289284113,2904.5893005705166,2054781
2022-10-14,2903.090576171875,2950.7237801003585,2876.721501170857,2946.0400915605164,2245977
2022-10-17,2922.436767578125,2938.07372002802,2884.5885007088373,2885.7154490253747,1517005
2022-10-18,2953.382568359375,2963.384780801203,2938.2151944275747,2958.3601726025413,1793722
2022-10-19,2931.9228515625,2966.8126266022205,2922.672014557173,2966.8126266022205,1194289
2022-10-20,2965.21630859375,2967.7520002047586,2916.0980888087897,2916.0980888087897,1587601
2022-10-21,2946.52685546875,2968.1275821166837,2936.7596620908134,2965.6858984160017,1021913
2022-10-24,2969.34814453125,2984.6565294162933,2963.0558056351183,2977.237242093441,260949
2022-10-25,2969.723876953125,2990.52622091155,2959.439870921521,2987.004363856225,2069643
2022-10-27,2965.309814453125,2980.899994355398,2943.6623151894637,2968.40909470931,2438421
2022-10-28,2970.8037109375,2985.1259290966077,2953.664007238896,2958.3598164713903,1355739
2022-10-31,2998.884765625,3004.3789545216346,2984.468767857781,3004.3789545216346,1919414
2022-11-01,3061.385986328125,3064.109693398885,3008.558129681672,3018.9359144892896,2991060
2022-11-02,3044.481201171875,3071.0595298103185,3026.026760849974,3071.0595298103185,1405955
2022-11-03,3011.657470703125,3031.6616653486585,3000.6223182026924,3031.6616653486585,1422652
2022-11-04,3021.659423828125,3024.148340450893,2973.5273761587064,3021.283850780857,1464013
2022-11-07,3036.9677734375,3045.514238395435,3000.7162618698053,3032.553758389338,1474498
2022-11-09,3020.391845703125,3052.088561626319,3006.8677760033434,3052.088561626319,1162267
2022-11-10,3010.624267578125,3028.7971421460306,2977.1432373962534,2977.1432373962534,1573092
2022-11-11,3114.2138671875,3138.303507578122,3057.018998995281,3070.6838505449214,3265394
2022-11-14,3132.574462890625,3145.253148319803,3107.6866729740905,3121.774101228733,1342074
2022-11-15,3129.850830078125,3136.7535320083716,3091.72076777631,3118.95646105259,1400708
2022-11-16,3151.216796875,3163.003094631641,3119.3790726706898,3135.767401052837,1748235
2022-11-17,3145.253173828125,3155.58395463198,3115.904364726265,3136.8007168067893,1417986
2022-11-18,3140.041259765625,3158.1671328969283,3118.9571179393947,3146.1928169518133,1164540
2022-11-21,3083.738037109375,3130.8839176909933,3073.8768373561697,3120.365350478422,1304194
2022-11-22,3113.27490234375,3117.0315501944883,3057.206979028998,3080.4512376054417,1149739
2022-11-23,3107.029296875,3127.409063835876,3090.7817504756363,3127.409063835876,1150011
2022-11-24,3174.5078125,3186.5291299501787,3107.029171640262,3114.495462436008,1296591
2022-11-25,3183.429931640625,3196.29663265213,3144.313931584299,3177.184596938376,1588981
2022-11-28,3188.689697265625,3209.116470232425,3160.796632451237,3161.2192094826873,2195437
2022-11-29,3190.661865234375,3220.3862485165873,3177.184799863405,3177.184799863405,1576028
2022-11-30,3184.510498046875,3207.144164266275,3169.671692856871,3177.1849887214203,3410702
2022-12-01,3264.19775390625,3268.283199620799,3211.9334892825095,3216.6292984773672,2180856
2022-12-02,3229.918701171875,3257.858768946873,3205.3597081031703,3247.716003403159,2411749
2022-12-05,3217.474609375,3229.918504348421,3199.724541467563,3224.142750472012,1475065
2022-12-06,3179.392333984375,3200.617258717121,3163.0977807207846,3193.1979702457947,1166999
2022-12-07,3174.930908203125,3187.2337918978055,3149.9491091821164,3163.379170621417,1167505
2022-12-08,3146.708984375,3174.930845636688,3136.284195455766,3155.5840185697125,1285619
2022-12-09,3092.425537109375,3168.82645410536,3077.023372713684,3168.82645410536,1797896
2022-12-12,3086.5087890625,3095.4778316713714,3039.2221217732044,3057.441772149924,1527610
2022-12-13,3129.38134765625,3133.466564203739,3068.993193771661,3077.8212236033614,1378016
2022-12-14,3160.608642578125,3171.5497871735984,3137.645950324731,3145.0654670262884,1213311
2022-12-15,3104.0244140625,3160.045335577931,3098.24843019711,3154.457367542386,1415694
2022-12-16,3043.119140625,3091.720765662372,3028.9847091286006,3075.7550144423653,2703680
2022-12-19,3007.24365234375,3048.0501943601957,3000.1529335645187,3030.675697797058,2120965
2022-12-20,3046.594482421875,3051.337296314601,2971.179728994623,3004.2851890423576,1529971
2022-12-21,3069.69775390625,3083.315601810277,3042.8846351066677,3051.3370924264086,1432566
2022-12-22,3061.385986328125,3093.5992852162763,3047.674360219989,3093.5992852162763,1384101
2022-12-23,3031.943359375,3068.101091902424,3021.283780278511,3021.283780278511,1360281
2022-12-26,3054.999755859375,3072.937840469569,3028.8442336345283,3031.9435138666013,870157
2022-12-27,3061.198486328125,3074.6285485545627,3034.9019507805906,3070.308311713859,835883
2022-12-28,3058.944091796875,3067.3965482767917,3029.7360671345846,3052.0881645723202,910795
2022-12-29,3069.885498046875,3072.468193303358,3031.614650155354,3034.5261437958743,1037927
2022-12-30,3058.568603515625,3098.295198907481,3048.7074032766045,3086.133097803538,1163131
2023-01-02,3063.02978515625,3068.1013974064713,3038.3767832509284,3062.607208123963,709547
2023-01-03,3109.8935546875,3118.0172126379366,3047.8618712110933,3054.1542094875213,1245178
2023-01-04,3112.99267578125,3124.920214481747,3086.273567509285,3105.526385071825,1231668
2023-01-05,3109.658935546875,3134.264930494048,3082.2822296744666,3127.5967895533245,1826057
2023-01-06,3016.165771484375,3100.690351611235,3005.3184045105754,3099.234604651531,2488376
2023-01-09,3117.97021484375,3124.5913514821286,3025.180981872794,3032.553493818994,2885060
2023-01-10,3086.461181640625,3097.3555500021025,3033.586556864135,3085.1464468638283,3864655
2023-01-11,3126.18798828125,3145.7226005190564,3072.139178232106,3089.9364786288165,2720512
2023-01-12,3131.49462890625,3146.1924211887126,3113.8383390134068,3126.470020936485,2250391
2023-01-13,3169.249267578125,3173.4284927453796,3103.9305026704587,3139.524651818113,1742837
2023-01-16,3194.640625,3212.798206010734,3160.1459231161984,3178.3035041269322,1843607
2023-01-17,3237.13623046875,3240.394203974443,3182.136435040916,3190.7601110166365,1688475
2023-01-18,3248.25146484375,3266.40904792716,3231.243658501279,3238.669602115597,2421189
2023-01-19,3232.057861328125,3245.3765555088953,3220.463715106406,3238.6692523236097,1585044
2023-01-20,3222.476318359375,3252.7069078458985,3215.2899213786436,3224.296778688283,1529349
2023-01-23,3272.10986328125,3276.0385201570266,3215.289610460531,3246.3347488423533,1067916
2023-01-24,3292.615234375,3307.610754597713,3274.409696859596,3281.787683697825,1387863
2023-01-25,3286.339111328125,3291.3695888656925,3262.6240029367345,3282.075229535098,874110
2023-01-27,3268.4208984375,3301.909457436736,3240.8730467540104,3282.745734526482,1785879
2023-01-30,3290.076171875,3313.839238009103,3243.9875529350156,3276.997022944022,1953798
2023-01-31,3218.260009765625,3304.7842722029536,3210.88202265935,3304.7842722029536,2820375
2023-02-01,3265.834228515625,3276.0388185982238,3214.714898039497,3222.3803881093377,2205161
2023-02-02,3315.707763671875,3323.9482593867924,3277.093043105532,3283.704434972193,1813847
2023-02-03,3336.692138671875,3357.4847342177773,3308.521321604222,3357.4847342177773,1804469
2023-02-06,3315.276123046875,3327.9241334409794,3293.142163340234,3327.9241334409794,1138714
2023-02-07,3327.349609375,3346.9444708130486,3316.665692648795,3323.852089308142,1455647
2023-02-08,3372.91162109375,3391.883522310514,3332.619841193975,3332.619841193975,1986946
2023-02-09,3392.793701171875,3399.2614580244085,3358.7301349620966,3368.0244943193015,1655427
2023-02-10,3389.631591796875,3394.2309322798087,3361.460777546514,3372.8153774326156,1187821
2023-02-13,3336.787841796875,3400.603142266041,3328.164165189269,3400.603142266041,1087939
2023-02-14,3353.74755859375,3377.4626666647387,3348.8607154789797,3358.442577325844,1579818
2023-02-15,3373.4384765625,3378.5648667994124,3315.468205875783,3341.1956013980575,1429449
2023-02-16,3409.27490234375,3425.516113775067,3379.523170149556,3379.71476062822,1618931
2023-02-17,3354.75390625,3390.925439458607,3344.0702224645784,3378.708564004044,1061369
2023-02-20,3341.48291015625,3374.731925784555,3329.7451287562326,3355.568201049833,1296082
2023-02-21,3306.700927734375,3362.179821039448,3300.712263347722,3347.9029387145483,1139541
2023-02-22,3259.318603515625,3302.868123368906,3253.0424365643853,3272.158206157757,1218430
2023-02-23,3271.056396484375,3308.0422468387296,3265.498869228005,3277.955290970952,1441570
2023-02-24,3258.264404296875,3290.363643842021,3240.873417340068,3279.3924580078046,977592
2023-02-27,3192.532470703125,3248.250899191618,3177.3451273508567,3248.250899191618,1128022
2023-02-28,3174.327392578125,3250.1677402314644,3161.918693570347,3189.3229137265416,4116217
2023-03-01,3244.131103515625,3247.2931648916588,3176.387383185556,3184.0528730997294,1669307
2023-03-02,3182.567626953125,3228.991703303475,3179.261931225178,3220.463939375474,1556538
2023-03-03,3202.40185546875,3217.589200030447,3191.8140853005116,3213.7564553014054,1043190
2023-03-06,3230.860107421875,3262.575929059223,3218.5473216539335,3221.3259679538846,1334132
2023-03-08,3248.634521484375,3254.0004579797132,3191.5747182671407,3223.3384984227782,1844590
2023-03-09,3197.32373046875,3243.4603026484706,3191.5746132410127,3243.4603026484706,1648500
2023-03-10,3191.71826171875,3197.7069255241363,3152.432627155415,3174.374997765479,1024404
2023-03-13,3144.71923828125,3228.895991825542,3135.185332117025,3193.6346919150506,1901233
2023-03-14,3080.52099609375,3166.2307137781827,3075.2030153462883,3142.851061648556,2670334
2023-03-15,3065.141845703125,3124.0225768385294,3058.5304542714653,3114.105255758854,1780522
2023-03-16,3051.82275390625,3085.167677250275,3039.366334502551,3073.861034389717,1901060
2023-03-17,3046.361572265625,3086.7010727777847,3012.5375510667645,3018.7657616526217,6739966
2023-03-20,3011.86669921875,3037.1147649777254,2965.6342155296784,3037.1147649777254,2289468
2023-03-21,2976.222412109375,3024.754452219855,2967.9339606669205,3011.8668939117,1815297
2023-03-22,2999.8896484375,3012.058567391756,2976.2224941377053,2999.1710087284036,1123939
2023-03-23,2993.996337890625,3014.7891650321244,2971.3353284266377,2984.6540226851557,1372218
2023-03-24,2990.020263671875,3037.4504841659486,2976.1265627190655,3017.2326602410512,1329577
2023-03-27,2991.744384765625,3020.921103533905,2976.125905186364,3003.913300952753,1524217
2023-03-28,2985.6123046875,3017.855410867746,2980.102734004873,2996.2482651433556,1303530
2023-03-29,3007.650390625,3018.286350384936,2974.3056999950495,2998.1644413823697,1740616
2023-03-31,3071.848876953125,3078.6520921738074,3020.202737171441,3056.5658546856607,2382581
2023-04-03,3066.196044921875,3090.1027454231867,3041.043655490875,3090.1027454231867,1521830
2023-04-05,3104.331787109375,3127.8553057844865,3052.302228161837,3052.302228161837,2655065
2023-04-06,3086.030517578125,3121.148185240192,3080.568902546675,3090.150765385078,1703464
2023-04-10,3126.944580078125,3135.1850745192264,3080.5684641134817,3085.359394850828,2203187
2023-04-11,3079.4189453125,3136.095567107047,3058.674073123863,3127.519847155725,2348779
2023-04-12,3106.104248046875,3124.5972887695048,3065.237699579403,3092.977143697257,2417727
2023-04-13,3055.512451171875,3094.941723519373,3047.0324089138103,3075.777997677148,4174070
2023-04-17,3008.225830078125,3031.126388627835,2941.871430099495,3003.051717732093,5505048
2023-04-18,2999.841552734375,3024.850307019976,2980.5341936880377,3023.0296128156765,2617302
2023-04-19,2960.412353515625,3008.7048473006957,2943.0690886892,2999.8416244225014,3298034
2023-04-20,2974.9765625,2982.833642558724,2949.2971255367015,2960.795359944252,2419999
2023-04-21,3028.682861328125,3032.1321911948435,2971.14373479931,2979.959000812708,1929184
2023-04-24,3042.0498046875,3047.942556651693,2995.4339024780243,3019.340836965228,1640676
2023-04-25,3043.199462890625,3057.7638467830097,3015.8911553678345,3049.906766492714,2024090
2023-04-26,3064.423583984375,3074.2449940792617,3047.9907816424015,3047.9907816424015,2000029
2023-04-27,3054.6494140625,3065.4290079816487,3038.0727472937324,3051.8228117767994,2434446
2023-04-28,3084.640869140625,3092.306358603427,3062.6025869350697,3066.5789660210285,2931312
2023-05-02,3084.7841796875,3099.7319761437734,3075.7773240870206,3099.7319761437734,2321159
2023-05-03,3046.936279296875,3081.52689554675,3040.4685222866324,3081.52689554675,2468285
2023-05-04,3086.030517578125,3089.6237161425265,3045.1160100445827,3047.17601698196,1953253
2023-05-05,3095.6123046875,3108.356228737257,3075.8258519831193,3085.3597584876597,1710027
2023-05-08,3114.679931640625,3118.752222698211,3096.186892522098,3109.3139957330595,928235
2023-05-09,3145.96484375,3160.0980902116808,3110.272407770502,3116.5965302685995,1107375
2023-05-10,3149.36669921875,3168.242922072361,3129.484333988748,3152.432848515974,1559987
2023-05-11,3144.910888671875,3171.308966493105,3135.185391863511,3170.6382829084228,1719623
2023-05-12,3137.388916015625,3152.4323915841687,3123.68680746638,3142.035978422037,1027479
2023-05-15,3118.9443359375,3154.3492726333816,3112.5245345688236,3146.683782298914,1150390
2023-05-16,3121.914306640625,3147.641699952838,3114.53631960982,3120.0458903175,986306
2023-05-17,3074.531982421875,3142.8507045854262,3064.5189835183965,3119.8062799193326,1588815
2023-05-18,3066.052001953125,3093.9350781614376,3061.404705618992,3091.0605197524055,1369364
2023-05-19,3088.09033203125,3099.2531071237077,3069.1181994445233,3075.7775464112233,1152449
2023-05-22,3160.76904296875,3170.111359222157,3082.533226583612,3094.9416921542615,1333243
2023-05-23,3159.188232421875,3188.796095942799,3152.5288843279936,3167.763953143187,1687418
2023-05-24,3165.224609375,3178.4953484392604,3139.0181221389685,3139.0181221389685,1016555
2023-05-25,3155.78662109375,3167.763950003321,3130.490596009618,3156.2657142501325,1374917
2023-05-26,3189.70654296875,3199.048860162502,3153.391372783362,3155.7868387304775,1791115
2023-05-29,3181.513427734375,3231.0036480469266,3173.5124799322125,3220.2720101186123,1210372
2023-05-30,3177.53662109375,3187.837121419337,3163.3076982125763,3176.3868445880207,1344224
2023-05-31,3151.95361328125,3188.5562805934123,3128.621684936101,3170.6382448237287,5815424
2023-06-01,3185.010986328125,3200.341965805035,3159.619051569492,3175.429124155056,1177314
2023-06-02,3167.380615234375,3196.413471955495,3159.5712568052554,3187.167068059219,2030661
2023-06-05,3151.37890625,3187.885898753605,3147.6900292633068,3176.387662869913,1861468
2023-06-06,3097.145263671875,3151.3307394144317,3085.9345320535954,3142.8506980738925,2022849
2023-06-07,3137.96435546875,3141.7493786625564,3105.481932072411,3116.980168167712,1567196
2023-06-08,3101.12158203125,3133.2687748100007,3097.815886532334,3124.645099283001,1759366
2023-06-09,3075.107421875,3114.105558544796,3071.3226326749027,3109.3146269162658,1775689
2023-06-12,3111.134765625,3118.3211623246166,3076.735973662377,3080.5687185688394,2324605
2023-06-13,3108.068603515625,3128.478016843799,3103.5651750557627,3123.687085730715,1371928
2023-06-14,3115.111572265625,3119.710913225424,3090.965324641928,3108.068809489789,1658544
2023-06-15,3104.734130859375,3134.803516025978,3098.652615974006,3132.728188760698,2273810
2023-06-16,3064.769775390625,3088.41992557068,3046.525468091929,3086.1032704340614,4156189
2023-06-19,3099.038818359375,3103.3827241364825,3064.8668538482493,3079.3465397719415,1468186
2023-06-20,3115.73876953125,3120.372316160639,3090.0132884788686,3102.514036857013,1528452
2023-06-21,3145.180908203125,3148.2698608407136,3112.1189575186027,3137.2653934218106,1645987
2023-06-22,3126.16455078125,3154.3033160632526,3118.0560199993893,3146.9187696609156,1529603
2023-06-23,3104.782470703125,3136.685855328041,3097.8320332466496,3125.0057172980532,1119505
2023-06-26,3079.00830078125,3102.4171241881954,3062.9359451644364,3093.82593893855,1978803
2023-06-27,3086.441650390625,3098.3148041960208,3071.91365185284,3090.930258714912,863542
2023-06-28,3103.913330078125,3118.875670449393,3082.628147125255,3096.721800711485,1575872
2023-06-30,3187.702880859375,3195.184051978055,3102.6106868556976,3108.3059357611287,2672406
2023-07-03,3158.7919921875,3203.679021324489,3155.3650858394185,3199.3351152789737,1687264
2023-07-04,3194.073974609375,3200.010551499478,3163.6183217736816,3175.877741910492,1656681
2023-07-05,3204.78857421875,3213.524697807077,3190.357202238627,3204.836886968908,1453008
2023-07-06,3207.63623046875,3212.9937610068823,3187.461297145063,3191.853515358197,1848238
2023-07-07,3213.76611328125,3240.4569052577854,3187.4613519725726,3187.4613519725726,1789326
2023-07-10,3158.453857421875,3209.42239923393,3151.937998727288,3209.42239923393,1407431
2023-07-11,3158.88818359375,3180.704337965122,3147.6907012274655,3180.704337965122,1110172
2023-07-12,3146.82177734375,3175.057164854001,3137.361904424901,3167.1416503615897,1515240
2023-07-13,3224.674072265625,3250.640879038898,3159.225850757585,3170.08561420454,4585146
2023-07-14,3392.735107421875,3402.581482366987,3235.7271409861874,3248.2762020938308,6306101
2023-07-17,3370.5810546875,3426.762185811846,3356.4393231574772,3388.246317666134,2743228
2023-07-18,3375.552978515625,3401.7611176017926,3344.8076823184483,3355.4261194051733,2600090
2023-07-19,3349.68212890625,3394.8587935034802,3326.1283664327066,3378.5931863233973,2405370
2023-07-20,3351.85986328125,3366.957753194018,3325.486698962057,3341.9881205912097,1715404
2023-07-21,3259.916748046875,3324.3735882172123,3250.9643894439278,3294.516404269076,3770223
2023-07-24,3285.515380859375,3303.613614071398,3263.594296088669,3272.207821691007,1680132
2023-07-25,3289.77392578125,3297.177910058422,3271.433735718706,3288.1771130879315,1272980
2023-07-26,3279.273193359375,3310.775864618234,3276.0793316874756,3290.935502343613,1066803
2023-07-27,3287.59619140625,3301.8715734361367,3276.127636427691,3285.7089847677316,1701769
2023-07-28,3247.431640625,3284.4992909861558,3223.8168652761938,3276.0792821855043,2599831
2023-07-31,3311.356201171875,3316.388830847747,3252.754502322065,3256.141881026854,2743678
2023-08-01,3340.9716796875,3348.6658212394595,3305.1138091135126,3305.1138091135126,1956167
2023-08-02,3329.938720703125,3335.503700630609,3303.7593085068984,3324.4221791624077,1914899
2023-08-03,3290.548095703125,3322.7766325439216,3259.626213764779,3309.952984286088,2026351
2023-08-04,3332.745361328125,3359.3120428456136,3291.806420549883,3291.806420549883,2248493
2023-08-07,3371.942138671875,3375.7649904149553,3330.519287060053,3342.8105859551206,1853889
2023-08-08,3358.92529296875,3377.65251897003,3345.375776234362,3371.9424600030375,1634225
2023-08-09,3351.085693359375,3355.4408949825133,3314.840784885995,3353.408373044458,1794589
2023-08-10,3331.342041015625,3353.408205777693,3319.6797322161924,3338.9877445254015,1096701
2023-08-11,3337.82666015625,3355.1021519507312,3304.146386116378,3327.4710055000774,1679974
2023-08-14,3338.8427734375,3343.826965137893,3301.2427722388866,3329.9870551887548,1190425
2023-08-16,3347.11767578125,3354.473222253958,3324.664238111413,3338.988060235474,1328445
2023-08-17,3325.1962890625,3349.440290926464,3303.37184354654,3343.826872942134,1843241
2023-08-18,3258.755615234375,3300.2751108243674,3248.496601021111,3300.2751108243674,2526749
2023-08-21,3292.193359375,3300.0328162502715,3263.4975163563063,3266.4009838975485,1375579
2023-08-22,3273.321044921875,3301.2428208729684,3256.7714205722896,3290.596772491379,1222012
2023-08-23,3288.90283203125,3292.5321664298717,3267.368781266093,3278.9826513416833,1330046
2023-08-24,3278.740966796875,3303.2269254876683,3269.4015733528363,3298.339374169803,1152881
2023-08-25,3272.49853515625,3276.853736763782,3242.4475968073198,3266.4012056487436,1158046
2023-08-28,3266.93359375,3284.789873293943,3251.980781978562,3284.789873293943,1037485
2023-08-29,3267.513671875,3280.482634483096,3256.722546065396,3272.25614365351,944517
2023-08-30,3281.837890625,3298.436189441749,3274.192186849574,3288.661086988279,1188200
2023-08-31,3248.78662109375,3307.436522928247,3236.0596134250104,3291.5643284136468,3417652
2023-09-01,3270.466064453125,3279.950773137277,3248.78693284776,3257.69085346122,1277950
2023-09-04,3308.50146484375,3322.389813276207,3261.6105084524215,3269.3046506485853,1828332
2023-09-05,3319.002197265625,3336.084169940408,3295.580703650453,3309.952962342964,1501842
2023-09-06,3319.534423828125,3333.0839393407605,3288.757856191549,3323.502590742173,1314818
2023-09-07,3344.069091796875,3348.666249219937,3312.1793838770186,3320.4058761077613,1885092
2023-09-08,3331.1484375,3353.5052335710643,3324.5189946100018,3344.06896343331,1518917
2023-09-11,3368.6513671875,3373.5389181812875,3334.1485887869753,3350.601571663428,1783604
2023-09-12,3465.5791015625,3474.38614516756,3370.92600707836,3379.6364101974254,4476016
2023-09-13,3453.045654296875,3473.369927109757,3430.9308153175116,3456.1910774702974,1754929
2023-09-14,3445.49658203125,3481.935005103954,3431.511593986039,3455.1748071538586,2604721
2023-09-15,3482.51611328125,3491.2749550793906,3447.8195785130456,3453.045962330604,2952897
2023-09-18,3490.113037109375,3502.840044840026,3460.2074161740843,3464.853011461987,1395753
2023-09-20,3490.0166015625,3508.3567918796407,3464.804776532169,3464.804776532169,1649396
2023-09-21,3469.934326171875,3489.00038364663,3414.4780453551484,3473.079749541321,2004073
2023-09-22,3487.693603515625,3516.825156498234,3450.335795223669,3468.675985108956,1989083
2023-09-25,3462.04638671875,3503.5176780571887,3444.1416693032643,3486.5807832047026,1238778
2023-09-26,3470.3212890625,3479.2736476984583,3422.2205553240965,3452.803842583561,1726062
2023-09-27,3473.805419921875,3497.7105889201257,3441.2864887207083,3474.482848429234,1541134
2023-09-28,3422.946533203125,3486.871262305868,3413.8490954028885,3484.16131180639,1755753
2023-09-29,3415.05859375,3453.6261788947736,3392.750237699925,3423.3817255418494,2243791
2023-10-03,3400.783203125,3420.478249327498,3368.1191935868515,3420.478249327498,1948148
2023-10-04,3423.9140625,3433.834243163027,3365.4092394076893,3374.1196419410794,1788138
2023-10-05,3473.85400390625,3507.388961131625,3436.931431432505,3439.6413818603187,2990768
2023-10-06,3504.87255859375,3517.9866016671385,3460.0141242693285,3475.4508469955413,2075691
2023-10-09,3521.277099609375,3560.6189898569937,3514.1635096957716,3527.7614631249207,4233074
2023-10-10,3512.130859375,3530.616363026469,3485.4675394112196,3522.922221663343,1848148
2023-10-11,3493.7421875,3532.5519624784006,3488.9999519820917,3532.5519624784006,2426417
2023-10-12,3428.559814453125,3473.1762921421646,3424.253051371763,3459.965608876738,4241281
2023-10-13,3455.94921875,3461.901232869613,3411.5744606836415,3416.413573393831,2890357
2023-10-16,3410.6552734375,3459.626955121085,3405.864598834786,3451.2553841630497,1671104
2023-10-17,3394.201904296875,3420.4297519546626,3390.6210083477054,3416.4133831427866,1672065
2023-10-18,3375.039306640625,3409.3485699924263,3371.8938832420786,3398.0250930146203,1408245
2023-10-19,3353.10986328125,3373.6809818883803,3349.471137616715,3366.548984827412,1514545
2023-10-20,3390.85546875,3395.6585388925573,3341.8539667599803,3348.015399624975,1481211
2023-10-23,3308.959716796875,3375.718245484854,3300.37246708019,3369.9448486230003,1106272
2023-10-25,3289.504638671875,3323.3689457253245,3276.987282110859,3289.892674593201,1518537
2023-10-26,3237.738037109375,3273.5915659558614,3231.1883310329567,3268.109314146672,1984471
2023-10-27,3251.516357421875,3262.238515328887,3237.980346714008,3250.594594393745,1108851
2023-10-30,3278.297607421875,3282.470059977352,3234.8269200669347,3250.5947303259786,910972
2023-10-31,3268.788330078125,3298.140715082908,3250.643266727133,3298.140715082908,999811
2023-11-01,3231.819091796875,3271.5541666033323,3212.7522635776177,3255.4466458178517,1563475
2023-11-02,3260.39501953125,3275.7745564381084,3243.9963552576946,3243.9963552576946,1245384
2023-11-03,3251.4677734375,3287.369862763726,3245.063759100798,3281.645029764771,1402598
2023-11-06,3279.947265625,3291.639751300455,3259.32782049682,3274.8530497698025,1099852
2023-11-07,3270.437744140625,3303.1377082062168,3266.1198374863447,3277.763758475601,1191144
2023-11-08,3281.20849609375,3301.0030671996815,3269.5645749970417,3271.4081010788814,992899
2023-11-09,3248.120361328125,3290.863303747934,3242.8806914278243,3289.504941002282,2112352
2023-11-10,3234.5361328125,3248.120709309128,3223.7656464421875,3238.9511675531467,1338557
2023-11-13,3232.6923828125,3256.4168263162856,3228.277348377319,3256.4168263162856,1030990
2023-11-15,3303.28369140625,3311.725487490581,3256.465421622652,3282.712809885754,2059802
2023-11-16,3394.057861328125,3424.6231570517675,3312.889878324285,3328.2696536294247,3951984
2023-11-17,3398.52099609375,3419.916749052961,3388.9148556938694,3394.05763502657,2021292
2023-11-20,3415.162353515625,3429.0378374559446,3387.653493546394,3387.653493546394,1475621
2023-11-21,3406.041015625,3434.035037985227,3397.114056628635,3415.1622294943054,1807236
2023-11-22,3425.39892578125,3427.8247426874295,3377.8045875989555,3396.1436686511993,1798051
2023-11-23,3404.148681640625,3438.8378615362003,3396.1434862801075,3425.25328759108,2729804
2023-11-24,3354.516845703125,3400.5588045812483,3350.53841109944,3390.5643912494115,1989733
2023-11-28,3367.179443359375,3377.9501655757736,3331.131897571743,3354.5168681622845,1689195
2023-11-29,3409.485595703125,3413.609484363883,3372.6617431586515,3377.7073948466964,1441634
2023-11-30,3384.111572265625,3412.2993740382794,3377.7073211384363,3395.6098017899412,3266235
2023-12-01,3407.447998046875,3412.5907774443576,3386.489081393253,3396.143785633172,1172141
2023-12-04,3408.22412109375,3442.525266217499,3394.2029470365424,3439.468594839322,1625213
2023-12-05,3426.80615234375,3433.0161489796988,3398.860693689607,3433.0161489796988,1377656
2023-12-06,3497.15478515625,3505.645144341894,3420.5472976156907,3427.7764215249854,1896572
2023-12-07,3507.63427734375,3522.8200340000967,3485.122742816775,3498.028136719834,1967653
2023-12-08,3519.083984375,3536.8410113172276,3495.165524694797,3525.197090292315,1641155
2023-12-11,3534.80322265625,3544.6036175892773,3507.731201090949,3515.39668765713,1102503
2023-12-12,3563.13720703125,3588.656612855589,3523.256680009377,3530.97073084167,2236866
2023-12-13,3486.91796875,3541.6928700041126,3457.2744372122334,3535.434309434988,3850968
2023-12-14,3558.430908203125,3568.8619211592045,3519.9575458724316,3522.2862354018253,3290396
2023-12-15,3746.431640625,3780.3445136912032,3557.897102757953,3557.897102757953,8531230
2023-12-18,3744.684814453125,3812.413666599124,3716.4967759782676,3743.6175972033857,2521612
2023-12-19,3702.9609375,3740.7067906360326,3677.538423744119,3730.906395592648,2004435
2023-12-20,3667.8837890625,3783.1100940915044,3654.784377543413,3713.683165661107,2586083
2023-12-21,3675.112548828125,3693.742774963741,3632.2727177698935,3644.789838029213,1517562
2023-12-22,3710.529541015625,3731.8281660802413,3650.3692817209153,3687.2416987079955,2413058
2023-12-26,3682.923828125,3720.2328451421417,3677.6839214166666,3706.5028160720394,1285231
2023-12-27,3698.109375,3704.9016624571404,3656.191305500883,3686.2714356682204,1293976
2023-12-28,3687.14453125,3724.1140752705373,3679.576172099119,3710.529500738545,1682889
2023-12-29,3680.837646484375,3709.1713790087365,3653.6684956553563,3679.4792837014024,1574996
2024-01-01,3698.012451171875,3718.2921859243143,3661.0429064437467,3677.538461548317,825907
2024-01-02,3670.93994140625,3698.012198601869,3655.463277847355,3698.012198601869,1344068
2024-01-03,3582.203857421875,3659.9271265500897,3577.64336897667,3655.2209469515005,1803075
2024-01-04,3557.994140625,3608.645149116668,3542.662930740779,3591.9070128374906,3598144
2024-01-05,3626.984130859375,3636.5419437543196,3565.8052210357178,3565.950675284404,1963127
2024-01-08,3569.15283203125,3628.7793617710286,3563.4277622287427,3626.9841625752906,1067805
2024-01-09,3580.40869140625,3641.0057883450772,3573.4709496864793,3599.86379072798,1370944
2024-01-10,3602.871826171875,3618.5910723158718,3578.565093437269,3580.505746958656,1292227
2024-01-11,3624.704345703125,3661.043037190246,3597.001468026568,3613.497023720243,1777909
2024-01-12,3767.5849609375,3789.3687503022047,3708.201007927904,3733.81754078814,6813450
2024-01-15,3787.9619140625,3847.345868486892,3769.719722338354,3842.494234352608,2801505
2024-01-16,3746.722900390625,3783.3041731777894,3741.1435213201526,3783.3041731777894,1432672
2024-01-17,3769.331787109375,3793.9294306898973,3699.4196899865615,3705.678250807821,3458696
2024-01-18,3786.797607421875,3792.81358642979,3747.4022430958926,3782.33400921486,2239110
2024-01-19,3834.89111328125,3854.828792704221,3807.6591608986555,3836.787576761996,2941975
2024-01-23,3752.4169921875,3825.9917939789893,3737.342162049768,3793.0217765907473,2618854
2024-01-24,3736.41845703125,3777.1203579923717,3701.2114800977465,3773.5705734355965,2657709
2024-01-25,3705.782470703125,3755.0917082724923,3675.049172415224,3734.5703920972205,2205154
2024-01-29,3696.7373046875,3715.216128362602,3677.1401208727275,3696.542838242831,1646747
2024-01-30,3696.299560546875,3742.253475636006,3683.1211945510818,3703.0101960268325,1411621
2024-01-31,3711.277587890625,3728.8325198298085,3692.312477265513,3706.6578814563027,2459358
2024-02-01,3748.429443359375,3797.7873560173143,3700.6764131851514,3715.216282824203,2363107
2024-02-02,3857.50341796875,3875.10678784539,3765.7900437431695,3768.7564289471684,2826510
2024-02-05,3864.311279296875,3911.6753767226883,3853.4185460249905,3873.7451580026022,1691523
2024-02-06,4022.548095703125,4036.066718938935,3880.552925980529,3887.3609135699685,4474396
2024-02-07,3971.39111328125,4041.027200449419,3962.2003768845075,4039.0820610027527,2124267
2024-02-08,4020.700439453125,4043.944760003293,3973.9684184871803,3977.8100212634604,2345173
2024-02-09,4020.3115234375,4069.961016230209,3987.5357348811417,4023.0829671480524,2100596
2024-02-12,4007.668212890625,4045.501079810897,3992.933401804451,4016.712921281345,1013716
2024-02-13,4035.677978515625,4055.615657406954,3969.543238778533,4012.287867137159,1257415
2024-02-14,3987.6328125,4002.0266529879927,3938.4206945214396,3994.343447931733,1391283
2024-02-15,3990.64794921875,4032.565320923148,3971.001852474619,4014.767486410783,1091582
2024-02-16,4015.059326171875,4034.1707007993286,3987.633145403081,4000.4223420557987,1307556
2024-02-19,3991.2314453125,4015.0594035619406,3943.770232713536,4009.953412508489,772291
2024-02-20,3920.087890625,3985.59055363256,3900.0044216853503,3970.126790678697,1193648
2024-02-21,3882.011962890625,3951.89119090927,3871.4110481235507,3902.922211469392,1885939
2024-02-22,3974.98974609375,3982.6242758305775,3862.074308087051,3862.074308087051,2982052
2024-02-23,3940.94970703125,4016.7127903511646,3935.4058698837393,4016.7127903511646,2538072
2024-02-26,3891.300048828125,3938.9072881929615,3873.5019758149424,3925.291312381924,1379284
2024-02-27,3991.814697265625,4010.8771570048384,3889.305953167398,3889.305953167398,2960475
2024-02-28,4005.966064453125,4040.9296594385924,3976.8374126470994,3983.2564674982855,1939225
2024-02-29,3982.770263671875,4024.590760669227,3953.0582119210476,3986.5631905150553,3772719
2024-03-01,3982.040771484375,4026.438482479131,3974.697822898346,3994.5383868724766,2043265
2024-03-04,3968.76513671875,4004.944682155846,3964.0967546589172,3992.398627973585,1749271
2024-03-05,3902.046630859375,3952.522898687454,3870.827051372064,3950.5777594656593,2070859
2024-03-06,3952.81494140625,3960.3036803464424,3849.86834727239,3884.491922362945,1744204
2024-03-07,3995.89990234375,4010.8773805136493,3926.944569218317,3953.495769104749,2688905
2024-03-11,4009.272705078125,4039.081870716427,3976.837411355519,3976.837411355519,2304068
2024-03-12,4077.255615234375,4113.921685490996,4008.00845770711,4009.2730833397145,4039801
2024-03-13,4035.19189453125,4124.668311570747,4018.5608568213943,4089.655800555292,2837260
2024-03-14,4092.184326171875,4109.106943815048,3973.9197567877604,4039.5197723901924,2919608
2024-03-15,4103.5146484375,4122.7228997396605,4062.4235791961696,4077.595761278169,3373143
2024-03-18,4038.595703125,4138.040955537891,4004.8962577982884,4099.624452160784,1526904
2024-03-19,3868.20166015625,3946.687990396673,3857.7952114653012,3940.1231446758306,8931209
2024-03-20,3861.976806640625,3907.78493306345,3851.570358663032,3876.6627036313866,1817913
2024-03-21,3863.970458984375,3898.448004834194,3839.704894236248,3880.601494613205,3829582
2024-03-22,3803.62255859375,3829.979291151296,3749.2560100020937,3790.103935402895,5852485
2024-03-26,3771.13916015625,3838.440938556033,3765.2550657509373,3768.7077358105657,3440925
2024-03-27,3735.542724609375,3788.158838368847,3724.3581734819704,3781.8371355577046,1968575
2024-03-28,3769.971923828125,3807.6103232125056,3735.153881557504,3744.490645526798,4311783
2024-04-01,3809.312255859375,3825.408331390376,3781.39955381263,3790.7847561528083,1569676
2024-04-02,3777.26611328125,3802.6016005490583,3766.76231340809,3783.2959977168784,2142666
2024-04-03,3839.024169921875,3871.7997191513855,3745.365666529009,3745.365666529009,3973090
2024-04-04,3893.48828125,3918.1427803858774,3827.304866462404,3866.8397293202797,3394637
2024-04-05,3870.097900390625,3892.223860617775,3851.862218884732,3868.882188290232,1636819
2024-04-08,3863.581787109375,3922.0330832785467,3851.375989955484,3873.7450929274473,2302538
2024-04-09,3838.294921875,3905.694048254169,3817.384673734395,3874.717608938137,1876992
2024-04-10,3875.349609375,3880.747418488778,3810.527936369096,3847.874516418791,2101965
2024-04-12,3891.640380859375,3903.262778963109,3837.2738285136293,3862.0743563623423,4354821
2024-04-15,3833.091796875,3952.717874429233,3811.549472195389,3891.6404475062823,4200329
2024-04-16,3766.56787109375,3820.9344207504923,3756.8908503515418,3794.966858011438,3051420
2024-04-18,3756.06396484375,3828.0341184943036,3744.393129116633,3770.458043062613,3476284
2024-04-19,3721.24609375,3746.873400013286,3696.6400331481464,3732.722463560279,2957749
2024-04-22,3758.5927734375,3771.625111801444,3707.435514746546,3731.749756055219,1728883
2024-04-23,3768.416015625,3788.1592293153244,3754.702924424176,3770.7016495470325,1807586
2024-04-24,3725.962890625,3791.076379202855,3719.5438361547485,3783.2958222419466,1317312
2024-04-25,3746.53271484375,3767.3942861058504,3706.462893216646,3706.6573596556414,2856271
2024-04-26,3716.529296875,3770.4582389436573,3698.2449391305313,3749.401962592489,2039178
2024-04-29,3764.0390625,3771.4306869167895,3714.4380096837563,3732.7223668381052,1110693
2024-04-30,3715.848388671875,3775.272493268424,3705.490616178965,3765.789938541982,2203078
2024-05-02,3757.328369140625,3764.9144598848548,3674.4168066368534,3674.4168066368534,2491044
2024-05-03,3737.97412109375,3786.7973077825845,3693.4306208015673,3783.4417525141935,2962234
2024-05-06,3813.494384765625,3831.875856708849,3747.310970665456,3747.310970665456,2053831
2024-05-07,3869.806396484375,3878.608200295267,3806.1517532235525,3822.977257549098,2062112
2024-05-08,3867.86083984375,3875.009321781588,3830.562936061199,3852.348401343754,1247685
2024-05-09,3851.570556640625,3862.074357102614,3802.7962801729855,3853.32122962492,1726486
2024-05-10,3787.089111328125,3864.6031074267457,3778.4820118323983,3853.9048405813305,1672489
2024-05-13,3839.5107421875,3846.513196599001,3763.8447713876444,3777.9470321589934,931326
2024-05-14,3794.18896484375,3837.5656695695525,3786.1165886350204,3828.034438772876,1058317
2024-05-15,3773.959228515625,3819.2323938552713,3769.1937321404057,3797.3982523912305,1115021
2024-05-16,3821.520751953125,3829.8967089471585,3765.2405680620036,3811.871456246998,2599399
2024-05-17,3756.0322265625,3840.1830815855405,3752.0156128756685,3839.20344304432,2765804
2024-05-21,3742.4150390625,3766.465212644621,3732.471803718336,3752.6034232070624,1908117
2024-05-22,3753.974609375,3763.0362652039976,3739.8188813463134,3756.9135247789995,1311168
2024-05-23,3814.173583984375,3825.488456831451,3747.6071937538322,3762.7425611972685,2095742
2024-05-24,3771.118408203125,3804.720056608894,3766.0243358337225,3799.2830150964464,1309452
2024-05-27,3768.718505859375,3828.770396397948,3763.134613996444,3776.5065844447445,1841538
2024-05-28,3761.7138671875,3791.2010823849855,3752.015541481782,3779.4454201140243,1801993
2024-05-29,3726.201904296875,3770.5305466531386,3722.6263194210433,3770.5305466531386,1568095
2024-05-30,3660.027587890625,3717.140322546408,3639.7979088533293,3700.094707884028,2919230
2024-05-31,3596.2041015625,3673.4486972044233,3579.3543662695342,3663.848191542404,10956800
2024-06-03,3627.454345703125,3675.162690587452,3620.7437266242205,3656.7944695717038,2156773
2024-06-04,3639.35693359375,3668.7460878354223,3518.3715819655326,3624.662356472914,3395997
2024-06-05,3670.166748046875,3706.756343061055,3624.6625858503157,3640.3368024377764,2799670
2024-06-06,3752.4072265625,3761.713792341841,3665.317459305752,3704.013180177749,4328036
2024-06-07,3814.66357421875,3835.285014018203,3759.1671447156646,3759.1671447156646,4552445
2024-06-10,3780.131103515625,3826.369993755079,3763.673128570854,3815.692029571215,1734661
2024-06-11,3773.66552734375,3800.9483158199455,3762.7914444244025,3766.7099983889166,1419898
2024-06-12,3753.632080078125,3814.222822091495,3749.5176458643236,3795.5116294923823,2177001
2024-06-13,3799.184814453125,3810.7936259222747,3773.5673642808747,3778.2696767431717,1932323
2024-06-14,3754.02392578125,3809.8142929599544,3750.0563418489855,3809.8142929599544,1860730
2024-06-18,3737.4189453125,3763.7711253531625,3717.7771455099964,3748.1459390773957,1774045
2024-06-19,3724.29150390625,3755.7870240522284,3715.7196673389967,3749.7130742346512,1509050
2024-06-20,3710.1357421875,3732.373487303002,3703.0823931387763,3718.7075786768105,2846526
2024-06-21,3733.157470703125,3798.8422809619256,3720.716109397647,3749.0765965704545,4642195
2024-06-24,3739.084228515625,3778.465647895979,3714.103447073741,3731.1980908539826,1702154
2024-06-25,3760.29345703125,3769.3060836478994,3715.670874281783,3739.2802584559718,1338808
2024-06-26,3777.33935546875,3788.2131997476017,3762.7916274998634,3766.2203623856353,1639845
2024-06-27,3854.044677734375,3861.734935564597,3740.357822070456,3752.9950629497644,4526556
2024-06-28,3824.655517578125,3879.368422948388,3818.4839864227138,3838.027726477141,2731571
2024-07-01,3897.197998046875,3920.2195037726297,3804.9160952694638,3804.9160952694638,2658723
2024-07-02,3935.599609375,3941.477440367746,3901.4593511938683,3912.2844044394196,2307449
2024-07-03,3884.511474609375,3944.122571659196,3874.470180210599,3938.1466812760073,1821198
2024-07-04,3939.0771484375,3964.939746827141,3901.0183384393945,3918.406920797747,2518001
2024-07-05,3930.11376953125,3944.759317225375,3906.798325472104,3928.3503724029933,1668616
2024-07-08,3911.892333984375,3949.167626015467,3897.050906666984,3940.1059700674,1758882
2024-07-09,3904.34912109375,3925.3623184354674,3894.160976676417,3903.8593018588867,1305801
2024-07-10,3829.553955078125,3921.787068375789,3822.5496350896506,3902.5860570627137,2669716
2024-07-11,3843.8076171875,3898.9613137562046,3816.2799182478925,3850.9590262250354,4872189
2024-07-12,4098.75830078125,4114.432515279782,3890.438050209988,3898.960856509658,13509164
2024-07-15,4084.308837890625,4153.667049168463,4072.405847991194,4149.454795147631,4848030
2024-07-16,4093.370849609375,4109.142647435194,4060.503689582387,4087.051989689471,2029521
2024-07-18,4227.67822265625,4236.935996689841,4075.2956638681476,4075.2956638681476,5613364
2024-07-19,4224.5859375,4279.916877333292,4207.746211320331,4239.3146448495845,3903354
2024-07-22,4209.80859375,4241.819082313878,4187.862722514556,4222.18080459986,1896386
2024-07-23,4224.537109375,4282.8137917236645,4189.13882773974,4205.536980663162,2365208
2024-07-24,4228.3662109375,4260.622174468574,4190.9062961576155,4209.955327580733,1809793
2024-07-25,4244.322265625,4264.4514978853385,4196.896022372138,4217.319636983082,2810342
2024-07-26,4308.49072265625,4342.465037283493,4258.60921210032,4271.325188060915,3552210
2024-07-29,4301.86279296875,4350.860197383269,4291.945367357768,4335.149576043135,1746803
2024-07-30,4286.3974609375,4318.456850304975,4249.035353541636,4311.681741041037,1797906
2024-07-31,4306.03564453125,4334.167378134563,4266.415328045917,4271.32489689292,2330091
2024-08-01,4317.5732421875,4339.3714407578755,4286.102617400063,4319.831452135074,2202244
2024-08-02,4205.5859375,4318.457126714295,4192.772153494779,4286.053969556137,2811282
2024-08-05,4079.900634765625,4162.332487870675,4036.1565679151713,4162.332487870675,2787771
2024-08-06,4095.759033203125,4181.23443768936,4085.546746125882,4095.513554753193,2203067
2024-08-07,4124.47998046875,4168.175144224216,4104.694033994683,4151.531513665411,1237666
2024-08-08,4097.08447265625,4155.459443240806,4084.7616455297143,4105.3818365287825,2441283
2024-08-09,4152.26806640625,4176.717624634707,4129.487474001761,4140.730579021024,1302536
2024-08-12,4119.76611328125,4162.332168001852,4110.634507665087,4153.494944715224,936912
2024-08-13,4121.04345703125,4157.423172797769,4107.345567268085,4136.802982285547,1495593
2024-08-14,4217.5654296875,4228.317578037032,4112.40236132334,4132.875360818273,3226545
2024-08-16,4336.18017578125,4346.932323500371,4246.875404760914,4271.32496210224,3457058
2024-08-19,4408.79248046875,4412.965613662957,4310.94487687575,4341.040435668673,2055210
2024-08-20,4441.490234375,4482.436229168461,4418.611835982054,4423.5214046887,2212298
2024-08-21,4469.1806640625,4477.5269313687795,4411.29665372891,4436.286551737751,1896990
2024-08-22,4420.576171875,4478.46018536363,4415.863177154606,4477.527175422035,1829872
2024-08-23,4383.16455078125,4424.503214207465,4374.425614579285,4418.611731898268,1809253
2024-08-26,4421.017578125,4469.818401872383,4403.882992094799,4407.810646937247,1844164
2024-08-27,4415.8134765625,4428.431164573309,4405.650573010988,4423.521595654713,930697
2024-08-28,4424.552734375,4479.981963267699,4376.684433945564,4417.384955013821,1848058
2024-08-29,4430.1982421875,4473.599021489441,4379.335301984835,4379.335301984835,2133641
2024-08-30,4471.39013671875,4509.193819455762,4406.6327273671195,4418.6122679625305,3637222
2024-09-02,4439.28125,4505.0205715236125,4430.395121777363,4493.237605774205,1216500
2024-09-03,4430.73876953125,4473.500923144872,4414.586095966468,4439.281131802064,1717263
2024-09-04,4398.2373046875,4405.847136492228,4356.457065075125,4395.979094770648,1265505
2024-09-05,4394.9970703125,4417.629990620445,4373.591062750139,4399.955543002937,1688793
2024-09-06,4376.14453125,4437.219764224585,4359.697474336681,4393.033641173875,1649179
2024-09-09,4369.07421875,4409.03830092537,4350.3689532319695,4374.425840570686,1184938
2024-09-10,4426.3203125,4457.83984203426,4360.139416875328,4362.103244516713,1385591
2024-09-11,4398.3359375,4467.06990758778,4390.38233935696,4439.674606828533,1325919
2024-09-12,4435.99169921875,4450.622117409099,4351.153972266564,4428.676250398551,2742216
2024-09-13,4440.80322265625,4464.761822271718,4423.521444762281,4448.069288517899,1458786
2024-09-16,4431.6220703125,4463.828648356052,4413.162284266815,4445.123383881834,1155120
2024-09-17,4424.16015625,4453.7647636995625,4385.227366985309,4431.622797592129,1699364
2024-09-18,4267.54443359375,4415.715125527233,4242.84939817985,4415.715125527233,2961779
2024-09-19,4218.44873046875,4342.219248359466,4204.35817203477,4310.650337218327,2927551
2024-09-20,4207.40234375,4252.374283438895,4151.040587546543,4238.8235853352135,5447908
2024-09-23,4191.298828125,4231.459004478235,4176.0791650499295,4222.22911114853,1702319
2024-09-24,4194.0478515625,4213.39174349326,4163.314144118252,4174.753342987435,3012026
2024-09-25,4197.435546875,4212.017061063411,4163.314046143049,4175.44077610614,2713073
2024-09-26,4214.86474609375,4238.725058292773,4182.952549413949,4182.952549413949,3964251
2024-09-27,4230.77197265625,4298.818403851764,4222.2780351461415,4256.596112539378,3012477
2024-09-30,4191.298828125,4221.001718965056,4183.001465184691,4209.365945175714,2503416
2024-10-01,4210.34814453125,4218.056263856357,4166.211406289576,4178.583136778167,1823365
2024-10-03,4156.1953125,4201.608822204832,4133.85677529384,4185.505533031941,3350119
2024-10-04,4175.3427734375,4220.26532782277,4147.652613708516,4148.5856235577485,2965463
2024-10-07,4195.5703125,4219.528912395065,4152.905967774814,4196.601130169736,1472619
2024-10-08,4176.32470703125,4202.001656010186,4127.9165503585355,4195.324834210528,1541867
2024-10-09,4176.0302734375,4217.319554831079,4169.893312502065,4182.952573592642,1082504
2024-10-10,4150.9423828125,4216.19074786921,4122.663456603558,4176.324950925273,2378875
2024-10-11,4074.156982421875,4165.229488527156,4038.0716498141223,4068.068925004607,5759183
2024-10-14,4061.83349609375,4090.063516948677,4047.645129803671,4065.123003109471,2137590
2024-10-15,4042.342529296875,4094.531631187995,4020.937000293908,4056.3348009096194,2759474
2024-10-16,4020.8876953125,4040.5751141050914,3993.6395885284373,4011.1177013655647,2359151
2024-10-17,4034.68359375,4055.2548785670365,4018.9238301370233,4038.414674215347,2522659
2024-10-18,4058.356201171875,4081.0938417563607,4015.981878743336,4025.824971583393,2361000
2024-10-21,4015.834228515625,4074.991311135829,4006.138686185549,4067.7565419545163,1595450
2024-10-22,3952.493896484375,4025.628123729215,3943.4875627358756,4002.201514906106,1928049
2024-10-23,4002.447509765625,4049.0051452980897,3932.463025582815,3936.8433940172417,1966476
2024-10-24,3984.38525390625,4014.9973672208257,3941.1741746389275,3941.1741746389275,2676744
2024-10-25,3993.884033203125,4027.7934387000987,3969.42385229137,3993.3918785796277,1759676
2024-10-28,4026.66162109375,4069.134469419595,3987.436801068887,4005.1051041743235,1532534
2024-10-29,4011.306396484375,4039.1131336663107,3996.394207004564,4031.5832637923236,1445885
2024-10-30,4020.55859375,4042.55800112918,3996.344730916741,4011.0601058196758,1935002
2024-10-31,3906.18212890625,4014.308599846557,3897.864763520815,4006.1387847297265,3740372
2024-11-01,3921.684814453125,3936.203375700577,3913.662790294584,3927.2463058287503,154895
2024-11-04,3901.949462890625,3929.2640448975253,3851.848217603721,3904.0658719887983,2269192
2024-11-05,3909.03662109375,3923.4566554269013,3879.261266395641,3879.261266395641,967590
2024-11-06,4074.69580078125,4084.686443814856,3912.87545183105,3940.780715946805,3792017
2024-11-07,4085.769287109375,4139.80777036327,4020.952665320235,4104.274589912992,3724349
2024-11-08,4081.930419921875,4104.323455140882,4053.0408475923055,4089.8048938450424,1648039
2024-11-11,4132.8193359375,4167.860359857493,4053.04078486624,4063.425535563547,1406487
2024-11-12,4131.53955078125,4151.816417459889,4099.00832230913,4149.847798959433,1587640
2024-11-13,4085.22802734375,4130.899880816483,4066.2305702818967,4112.542609268491,1098813
2024-11-14,4080.84765625,4094.7265129104985,4051.8600369763685,4070.118781462719,1825432
2024-11-18,3956.43115234375,4146.894998090364,3927.5908423676865,4146.894998090364,3313944
2024-11-19,3976.16650390625,4067.3133968435627,3951.115881398178,3956.8246828361807,1776233
2024-11-21,4008.944091796875,4028.236409232463,3960.8604880090948,3981.432455552984,2384347
2024-11-22,4177.9990234375,4188.186720017956,3990.389589438143,4007.122846226611,3096553
2024-11-25,4247.39306640625,4260.189087034664,4185.480108874261,4212.843714585579,4052167
2024-11-26,4284.4033203125,4298.085123579749,4242.373120582253,4253.249546195695,2060669
2024-11-27,4264.56884765625,4308.71521363045,4256.202219033572,4290.55499634484,1558993
2024-11-28,4178.29443359375,4271.853320530873,4166.5812490977505,4251.23184853607,2558544
2024-11-29,4203.83740234375,4231.250512031332,4129.817151927626,4153.785179120677,2017425
2024-12-02,4209.5458984375,4220.914958216208,4163.676993000992,4203.000338296886,1670944
2024-12-03,4235.23681640625,4257.137698206271,4198.522271973675,4246.654900345047,2010905
2024-12-04,4286.076171875,4318.115726856116,4221.751465216019,4245.867042233743,3302642
2024-12-05,4394.00537109375,4418.564078323639,4291.588189238375,4331.747813073262,3746747
2024-12-06,4375.74658203125,4394.940611577895,4343.510455484962,4383.128901087652,1842087
2024-12-09,4382.29248046875,4399.271815609351,4346.266664568218,4360.933257388377,2066639
2024-12-10,4363.0,4423.288944687637,4342.871163165953,4356.700516597411,2087828
2024-12-11,4357.97998046875,4378.847047235939,4337.850664985335,4362.310844845357,1635256
2024-12-12,4385.048828125,4414.6271298014035,4356.5528821629905,4360.539142507212,1914642
2024-12-13,4403.701171875,4424.371666662094,4325.448584466717,4365.362613963178,1967048
2024-12-16,4345.92236328125,4404.783863782896,4328.007742805228,4389.034915890042,1646224
2024-12-17,4260.58251953125,4363.393811274363,4250.247272573856,4340.8037221053055,3225027
2024-12-18,4279.62890625,4293.556785484744,4222.2928946144,4244.046224337432,1575404
2024-12-19,4204.87060546875,4295.525583873814,4195.126039979421,4214.812225056753,3015763
2024-12-20,4104.86474609375,4313.24321027579,4087.3442333797852,4261.074819097192,4116989
2024-12-23,4093.052978515625,4150.832123971284,4050.3340530174855,4134.147889868673,2195338
2024-12-24,4113.92041015625,4151.816315358072,4093.0528623167015,4093.0528623167015,1181886
2024-12-26,4103.68359375,4134.049628782047,4078.140577688001,4113.920313335754,1208464
2024-12-27,4099.50048828125,4115.347963377728,4082.1765493053435,4097.679420039338,858100
2024-12-30,4093.545166015625,4133.409691121346,4047.479684808028,4085.8677460209447,1527169
2024-12-31,4030.549560546875,4074.9912673216186,3968.7841551770334,4070.1187442915557,1555429
